WARNING : Project's CLI version could not be detected from `requirements.txt`.
WARNING : Try `pretext update` to produce a compatible file.
INFO    : Building target html
INFO    : XSL conversion of /Volumes/Sonnet_SSD/DocumentsS/GitHub/calculus_in_context/source/main.ptx by /Users/aaronweinberg/.ptx/2.39.0/core/xsl/utilities/pretext-enhanced-source.xsl
INFO    : successful application of /Users/aaronweinberg/.ptx/2.39.0/core/xsl/utilities/pretext-enhanced-source.xsl
INFO    : Generating any needed assets.
INFO    : Finished generating assets.

INFO    : Preparing to build into /Volumes/Sonnet_SSD/DocumentsS/GitHub/calculus_in_context/output/html.
INFO    : discovering source file's directory name: /Volumes/Sonnet_SSD/DocumentsS/GitHub/calculus_in_context/source
INFO    : verifying and expanding input directory: /Volumes/Sonnet_SSD/DocumentsS/GitHub/calculus_in_context/source/../generated-assets
INFO    : input directory expanded to absolute path: /Volumes/Sonnet_SSD/DocumentsS/GitHub/calculus_in_context/generated-assets
INFO    : verifying and expanding input directory: /Volumes/Sonnet_SSD/DocumentsS/GitHub/calculus_in_context/source/../assets
INFO    : input directory expanded to absolute path: /Volumes/Sonnet_SSD/DocumentsS/GitHub/calculus_in_context/assets
INFO    : discovering source file's directory name: /Volumes/Sonnet_SSD/DocumentsS/GitHub/calculus_in_context/source
INFO    : XSL conversion of /Volumes/Sonnet_SSD/DocumentsS/GitHub/calculus_in_context/source/main.ptx by /Users/aaronweinberg/.ptx/2.39.0/core/xsl/utilities/report-publisher-variables.xsl
INFO    : successful application of /Users/aaronweinberg/.ptx/2.39.0/core/xsl/utilities/report-publisher-variables.xsl
INFO    : Downloading rs services file from https://runestone.academy/cdn/runestone/latest/webpack_static_imports.xml.
INFO    : Runestone Services via online CDN query: version 8.1.1
INFO    : Downloading Runestone Services, version 8.1.1
INFO    : Extracting Runestone Services from archive file
INFO    : Building custom css theme: theme-default-modern
INFO    : converting /Volumes/Sonnet_SSD/DocumentsS/GitHub/calculus_in_context/source/main.ptx to HTML in /var/folders/gs/h69vjsl512b8200d29lxpgrc0000gn/T/ptx-e1solous
INFO    : XSL conversion of /Volumes/Sonnet_SSD/DocumentsS/GitHub/calculus_in_context/source/main.ptx by /Users/aaronweinberg/.ptx/2.39.0/core/xsl/pretext-html.xsl
INFO    : messages from the log for XSL processing:
WARNING : * PTX:WARNING: There are apparent XML elements in locations that should be text only (2 times).
WARNING : * PTX:WARNING: There is an apparent XML element (<c>) inside an <c> element, which should only contain text.  Using an escaped "less than" ('&lt;') might be the solution, or using a CDATA section.
INFO    : *              located within: "sec_the-derivative_subsubsec_computing-derivatives" (xml:id), "Computing Derivatives" (title)
WARNING : * PTX:WARNING: There is an apparent XML element (<c>) inside an <c> element, which should only contain text.  Using an escaped "less than" ('&lt;') might be the solution, or using a CDATA section.
INFO    : *              located within: "sec_the-power-spectrum_subsec_detecting-the-frequency-of-a-signal" (xml:id), "Detecting the Frequency of a Signal" (title)
INFO    : * PTX:INFO:   checking all deprecated elements.
WARNING : * PTX:DEPRECATE: (2017-07-31) metadata elements "title|subtitle|caption|idx|index" in a sidebyside will be ignored (44 times)
INFO    : *              located within: "sec_the-spread-of-disease_subsec_the-rate-of-transmission" (xml:id), "The Rate of Transmission" (title)
INFO    : *              located within: "sec_the-mathematical-ideas_subsec_linear-functions" (xml:id), "Linear Functions" (title)
INFO    : *              located within: "sec_the-mathematical-ideas_subsec_linear-functions" (xml:id), "Linear Functions" (title)
INFO    : *              located within: "sec_the-mathematical-ideas_subsec_linear-functions" (xml:id), "Linear Functions" (title)
INFO    : *              located within: "sec_the-mathematical-ideas_subsec_linear-functions" (xml:id), "Linear Functions" (title)
INFO    : *              located within: "sec_the-mathematical-ideas_subsec_linear-functions" (xml:id), "Linear Functions" (title)
INFO    : *              located within: "sec_the-derivative_subsec_definition" (xml:id), "Definition" (title)
INFO    : *              located within: "sec_solutions-of-differential-equations_fall_w_air-end" (xml:id)
INFO    : *              located within: "sec_period-frequency-and-the-circular-functions_sec_period-frequency-and-the-circular-functions" (xml:id), "Period, Frequency, and
  the Circular Functions" (title)
INFO    : *              located within: "sec_period-frequency-and-the-circular-functions_sec_period-frequency-and-the-circular-functions" (xml:id), "Period, Frequency, and
  the Circular Functions" (title)
INFO    : *              located within: "sec_period-frequency-and-the-circular-functions_sec_period-frequency-and-the-circular-functions" (xml:id), "Period, Frequency, and
  the Circular Functions" (title)
INFO    : *              located within: "sec_differential-equations-with-periodic-mboxsolutions_subsec_oscillating-springs" (xml:id), "Oscillating Springs" (title)
INFO    : *              located within: "sec_differential-equations-with-periodic-mboxsolutions_subsubsec_the-non-linear-spring" (xml:id), "The non-linear spring" (title)
INFO    : *              located within: "sec_differential-equations-with-periodic-mboxsolutions_subsubsec_the-non-linear-spring" (xml:id), "The non-linear spring" (title)
INFO    : *              located within: "sec_differential-equations-with-periodic-mboxsolutions_subsubsec_the-non-linear-spring" (xml:id), "The non-linear spring" (title)
INFO    : *              located within: "sec_graphs-and-level-sets_sec_graphs-and-level-sets" (xml:id), "Graphs and Level Sets" (title)
INFO    : *              located within: "sec_graphs-and-level-sets_sec_graphs-and-level-sets" (xml:id), "Graphs and Level Sets" (title)
INFO    : *              located within: "sec_graphs-and-level-sets_subsubsec_energy-of-the-pendulum-e-1---costheta" (xml:id), "Energy of the pendulum: E = 1 - \cos{\theta} + \tfrac{1}{2} v^2" (title)
INFO    : *              located within: "sec_graphs-and-level-sets_subsubsec_energy-of-the-pendulum-e-1---costheta" (xml:id), "Energy of the pendulum: E = 1 - \cos{\theta} + \tfrac{1}{2} v^2" (title)
INFO    : *              located within: "sec_graphs-and-level-sets_subsubsec_energy-of-the-pendulum-e-1---costheta" (xml:id), "Energy of the pendulum: E = 1 - \cos{\theta} + \tfrac{1}{2} v^2" (title)
INFO    : *              located within: "sec_graphs-and-level-sets_subsubsec_energy-of-the-pendulum-e-1---costheta" (xml:id), "Energy of the pendulum: E = 1 - \cos{\theta} + \tfrac{1}{2} v^2" (title)
INFO    : *              located within: "sec_graphs-and-level-sets_subsec_from-graphs-to-levels" (xml:id), "From Graphs to Levels" (title)
INFO    : *              located within: "sec_graphs-and-level-sets_subsec_technical-summary" (xml:id), "Technical Summary" (title)
INFO    : *              located within: "sec_graphs-and-level-sets_subsec_technical-summary" (xml:id), "Technical Summary" (title)
INFO    : *              located within: "sec_graphs-and-level-sets_subsec_technical-summary" (xml:id), "Technical Summary" (title)
INFO    : *              located within: "sec_graphs-and-level-sets_subsec_technical-summary" (xml:id), "Technical Summary" (title)
INFO    : *              located within: "sec_graphs-and-level-sets_subsec_technical-summary" (xml:id), "Technical Summary" (title)
INFO    : *              located within: "sec_graphs-and-level-sets_subsec_technical-summary" (xml:id), "Technical Summary" (title)
INFO    : *              located within: "sec_graphs-and-level-sets_subsec_technical-summary" (xml:id), "Technical Summary" (title)
INFO    : *              located within: "sec_graphs-and-level-sets_subsec_technical-summary" (xml:id), "Technical Summary" (title)
INFO    : *              located within: "sec_optimization_subsubsec_contour-plots" (xml:id), "Contour plots" (title)
INFO    : *              located within: "sec_optimization_subsubsec_contour-plots" (xml:id), "Contour plots" (title)
INFO    : *              located within: "sec_optimization_subsec_dimension-reducing-constraints" (xml:id), "Dimension-reducing Constraints" (title)
INFO    : *              located within: "sec_optimization_subsec_extremes-and-critical-points" (xml:id), "Extremes and Critical Points" (title)
INFO    : *              located within: "sec_optimization_subsec_extremes-and-critical-points" (xml:id), "Extremes and Critical Points" (title)
INFO    : *              located within: "sec_optimization_subsec_extremes-and-critical-points" (xml:id), "Extremes and Critical Points" (title)
INFO    : *              located within: "sec_optimization_subsec_extremes-and-critical-points" (xml:id), "Extremes and Critical Points" (title)
INFO    : *              located within: "sec_optimization_subsec_extremes-and-critical-points" (xml:id), "Extremes and Critical Points" (title)
INFO    : *              located within: "sec_optimization_subsec_extremes-and-critical-points" (xml:id), "Extremes and Critical Points" (title)
INFO    : *              located within: "sec_optimization_subsec_extremes-and-critical-points" (xml:id), "Extremes and Critical Points" (title)
INFO    : *              located within: "sec_optimization_subsec_extremes-and-critical-points" (xml:id), "Extremes and Critical Points" (title)
INFO    : *              located within: "sec_optimization_subsec_the-method-of-steepest-ascent" (xml:id), "The Method of Steepest Ascent" (title)
INFO    : *              located within: "sec_stirlings-formula_subsec_stage-one-deriving-the-general-form" (xml:id), "Stage One: Deriving the General Form" (title)
INFO    : *              located within: "sec_the-power-spectrum_subsec_the-problem-of-phase" (xml:id), "The Problem of Phase" (title)
INFO    : * --------------
ERROR   : * PTX:ERROR:   a cross-reference ("xref") uses references [x_future_] that do not point to any target, or perhaps point to multiple targets.  Maybe you typed an @xml:id value wrong, maybe the target of the @xml:id is nonexistent, or maybe you temporarily removed the target from your source, or maybe an auxiliary file contains a duplicate.  Your output will contain some placeholder text that you will not want to distribute to your readers.
INFO    : *              located within: "sec_the-spread-of-disease_subsec_analyzing-the-model" (xml:id), "Analyzing the Model" (title)
ERROR   : * PTX:ERROR:   a cross-reference ("xref") uses references [x_measles_] that do not point to any target, or perhaps point to multiple targets.  Maybe you typed an @xml:id value wrong, maybe the target of the @xml:id is nonexistent, or maybe you temporarily removed the target from your source, or maybe an auxiliary file contains a duplicate.  Your output will contain some placeholder text that you will not want to distribute to your readers.
INFO    : *              located within: "sec_the-spread-of-disease_subsec_analyzing-the-model" (xml:id), "Analyzing the Model" (title)
ERROR   : * PTX:ERROR:   a cross-reference ("xref") uses references [backwards] that do not point to any target, or perhaps point to multiple targets.  Maybe you typed an @xml:id value wrong, maybe the target of the @xml:id is nonexistent, or maybe you temporarily removed the target from your source, or maybe an auxiliary file contains a duplicate.  Your output will contain some placeholder text that you will not want to distribute to your readers.
INFO    : *              located within: "sec_the-spread-of-disease_subsec_analyzing-the-model" (xml:id), "Analyzing the Model" (title)
ERROR   : * PTX:ERROR:   a cross-reference ("xref") uses references [x_threeday_] that do not point to any target, or perhaps point to multiple targets.  Maybe you typed an @xml:id value wrong, maybe the target of the @xml:id is nonexistent, or maybe you temporarily removed the target from your source, or maybe an auxiliary file contains a duplicate.  Your output will contain some placeholder text that you will not want to distribute to your readers.
INFO    : *              located within: "sec_the-spread-of-disease_subsec_analyzing-the-model" (xml:id), "Analyzing the Model" (title)
ERROR   : * PTX:ERROR:   a cross-reference ("xref") uses references [x_threeday_] that do not point to any target, or perhaps point to multiple targets.  Maybe you typed an @xml:id value wrong, maybe the target of the @xml:id is nonexistent, or maybe you temporarily removed the target from your source, or maybe an auxiliary file contains a duplicate.  Your output will contain some placeholder text that you will not want to distribute to your readers.
INFO    : *              located within: "sec_the-spread-of-disease_subsec_analyzing-the-model" (xml:id), "Analyzing the Model" (title)
ERROR   : * PTX:ERROR:   a cross-reference ("xref") uses references [Sgraph] that do not point to any target, or perhaps point to multiple targets.  Maybe you typed an @xml:id value wrong, maybe the target of the @xml:id is nonexistent, or maybe you temporarily removed the target from your source, or maybe an auxiliary file contains a duplicate.  Your output will contain some placeholder text that you will not want to distribute to your readers.
INFO    : *              located within: "sec_the-spread-of-disease_subsubsec_reading-a-graph" (xml:id), "Reading a Graph" (title)
ERROR   : * PTX:ERROR:   a cross-reference ("xref") uses references [Rgraph] that do not point to any target, or perhaps point to multiple targets.  Maybe you typed an @xml:id value wrong, maybe the target of the @xml:id is nonexistent, or maybe you temporarily removed the target from your source, or maybe an auxiliary file contains a duplicate.  Your output will contain some placeholder text that you will not want to distribute to your readers.
INFO    : *              located within: "sec_the-spread-of-disease_subsubsec_reading-a-graph" (xml:id), "Reading a Graph" (title)
ERROR   : * PTX:ERROR:   a cross-reference ("xref") uses references [x_modelstart_] that do not point to any target, or perhaps point to multiple targets.  Maybe you typed an @xml:id value wrong, maybe the target of the @xml:id is nonexistent, or maybe you temporarily removed the target from your source, or maybe an auxiliary file contains a duplicate.  Your output will contain some placeholder text that you will not want to distribute to your readers.
INFO    : *              located within: "sec_the-spread-of-disease_subsubsec_a-simple-model" (xml:id), "A Simple Model" (title)
ERROR   : * PTX:ERROR:   a cross-reference ("xref") uses references [x_modelend_] that do not point to any target, or perhaps point to multiple targets.  Maybe you typed an @xml:id value wrong, maybe the target of the @xml:id is nonexistent, or maybe you temporarily removed the target from your source, or maybe an auxiliary file contains a duplicate.  Your output will contain some placeholder text that you will not want to distribute to your readers.
INFO    : *              located within: "sec_the-spread-of-disease_subsubsec_a-simple-model" (xml:id), "A Simple Model" (title)
ERROR   : * PTX:ERROR:   a cross-reference ("xref") uses references [x_analyzestart_] that do not point to any target, or perhaps point to multiple targets.  Maybe you typed an @xml:id value wrong, maybe the target of the @xml:id is nonexistent, or maybe you temporarily removed the target from your source, or maybe an auxiliary file contains a duplicate.  Your output will contain some placeholder text that you will not want to distribute to your readers.
INFO    : *              located within: "sec_the-spread-of-disease_subsubsec_the-measles-epidemic" (xml:id), "The Measles Epidemic" (title)
ERROR   : * PTX:ERROR:   a cross-reference ("xref") uses references [x_analyzeend_] that do not point to any target, or perhaps point to multiple targets.  Maybe you typed an @xml:id value wrong, maybe the target of the @xml:id is nonexistent, or maybe you temporarily removed the target from your source, or maybe an auxiliary file contains a duplicate.  Your output will contain some placeholder text that you will not want to distribute to your readers.
INFO    : *              located within: "sec_the-spread-of-disease_subsubsec_the-measles-epidemic" (xml:id), "The Measles Epidemic" (title)
ERROR   : * PTX:ERROR:   a cross-reference ("xref") uses references [x_threeday_] that do not point to any target, or perhaps point to multiple targets.  Maybe you typed an @xml:id value wrong, maybe the target of the @xml:id is nonexistent, or maybe you temporarily removed the target from your source, or maybe an auxiliary file contains a duplicate.  Your output will contain some placeholder text that you will not want to distribute to your readers.
INFO    : *              located within: "sec_the-spread-of-disease_subsubsec_the-measles-epidemic" (xml:id), "The Measles Epidemic" (title)
ERROR   : * PTX:ERROR:   a cross-reference ("xref") uses references [x_threeday_] that do not point to any target, or perhaps point to multiple targets.  Maybe you typed an @xml:id value wrong, maybe the target of the @xml:id is nonexistent, or maybe you temporarily removed the target from your source, or maybe an auxiliary file contains a duplicate.  Your output will contain some placeholder text that you will not want to distribute to your readers.
INFO    : *              located within: "sec_the-spread-of-disease_x_therebackprob_" (xml:id)
ERROR   : * PTX:ERROR:   a cross-reference ("xref") uses references [x_differences_] that do not point to any target, or perhaps point to multiple targets.  Maybe you typed an @xml:id value wrong, maybe the target of the @xml:id is nonexistent, or maybe you temporarily removed the target from your source, or maybe an auxiliary file contains a duplicate.  Your output will contain some placeholder text that you will not want to distribute to your readers.
INFO    : *              located within: "sec_the-spread-of-disease_x_therebackprob_" (xml:id)
ERROR   : * PTX:ERROR:   a cross-reference ("xref") uses references [x_threshold_] that do not point to any target, or perhaps point to multiple targets.  Maybe you typed an @xml:id value wrong, maybe the target of the @xml:id is nonexistent, or maybe you temporarily removed the target from your source, or maybe an auxiliary file contains a duplicate.  Your output will contain some placeholder text that you will not want to distribute to your readers.
INFO    : *              located within: "sec_the-spread-of-disease_subsubsec_the-measles-epidemic" (xml:id), "The Measles Epidemic" (title)
ERROR   : * PTX:ERROR:   a cross-reference ("xref") uses references [x_diagram_] that do not point to any target, or perhaps point to multiple targets.  Maybe you typed an @xml:id value wrong, maybe the target of the @xml:id is nonexistent, or maybe you temporarily removed the target from your source, or maybe an auxiliary file contains a duplicate.  Your output will contain some placeholder text that you will not want to distribute to your readers.
INFO    : *              located within: "sec_the-spread-of-disease_subsubsec_what-goes-around-comes-around" (xml:id), "What Goes Around Comes Around" (title)
ERROR   : * PTX:ERROR:   a cross-reference ("xref") uses references [x_flowchart_] that do not point to any target, or perhaps point to multiple targets.  Maybe you typed an @xml:id value wrong, maybe the target of the @xml:id is nonexistent, or maybe you temporarily removed the target from your source, or maybe an auxiliary file contains a duplicate.  Your output will contain some placeholder text that you will not want to distribute to your readers.
INFO    : *              located within: "sec_the-mathematical-ideas_subsec_functions" (xml:id), "Functions" (title)
ERROR   : * PTX:ERROR:   a cross-reference ("xref") uses references [x_twain_] that do not point to any target, or perhaps point to multiple targets.  Maybe you typed an @xml:id value wrong, maybe the target of the @xml:id is nonexistent, or maybe you temporarily removed the target from your source, or maybe an auxiliary file contains a duplicate.  Your output will contain some placeholder text that you will not want to distribute to your readers.
INFO    : *              located within: "sec_the-mathematical-ideas_subsec_linear-functions" (xml:id), "Linear Functions" (title)
ERROR   : * PTX:ERROR:   a cross-reference ("xref") uses references [sunrise_table] that do not point to any target, or perhaps point to multiple targets.  Maybe you typed an @xml:id value wrong, maybe the target of the @xml:id is nonexistent, or maybe you temporarily removed the target from your source, or maybe an auxiliary file contains a duplicate.  Your output will contain some placeholder text that you will not want to distribute to your readers.
INFO    : *              located within: "sec_the-mathematical-ideas_subsec_functions-of-several-variables" (xml:id), "Functions of Several Variables" (title)
ERROR   : * PTX:ERROR:   a cross-reference ("xref") uses references [x_threshold_] that do not point to any target, or perhaps point to multiple targets.  Maybe you typed an @xml:id value wrong, maybe the target of the @xml:id is nonexistent, or maybe you temporarily removed the target from your source, or maybe an auxiliary file contains a duplicate.  Your output will contain some placeholder text that you will not want to distribute to your readers.
INFO    : *              located within: "sec_the-mathematical-ideas_subsec_functions-of-several-variables" (xml:id), "Functions of Several Variables" (title)
ERROR   : * PTX:ERROR:   a cross-reference ("xref") uses references [x_setthresh_] that do not point to any target, or perhaps point to multiple targets.  Maybe you typed an @xml:id value wrong, maybe the target of the @xml:id is nonexistent, or maybe you temporarily removed the target from your source, or maybe an auxiliary file contains a duplicate.  Your output will contain some placeholder text that you will not want to distribute to your readers.
INFO    : *              located within: "sec_the-mathematical-ideas_subsec_functions-of-several-variables" (xml:id), "Functions of Several Variables" (title)
ERROR   : * PTX:ERROR:   a cross-reference ("xref") uses references [x_flowchart_] that do not point to any target, or perhaps point to multiple targets.  Maybe you typed an @xml:id value wrong, maybe the target of the @xml:id is nonexistent, or maybe you temporarily removed the target from your source, or maybe an auxiliary file contains a duplicate.  Your output will contain some placeholder text that you will not want to distribute to your readers.
INFO    : *              located within: "sec_the-mathematical-ideas_subsec_functions-of-several-variables" (xml:id), "Functions of Several Variables" (title)
ERROR   : * PTX:ERROR:   a cross-reference ("xref") uses references [x_thereback_] that do not point to any target, or perhaps point to multiple targets.  Maybe you typed an @xml:id value wrong, maybe the target of the @xml:id is nonexistent, or maybe you temporarily removed the target from your source, or maybe an auxiliary file contains a duplicate.  Your output will contain some placeholder text that you will not want to distribute to your readers.
INFO    : *              located within: "sec_the-mathematical-ideas_subsec_the-beginnings-of-calculus" (xml:id), "The Beginnings of Calculus" (title)
ERROR   : * PTX:ERROR:   a cross-reference ("xref") uses references [x_loop_] that do not point to any target, or perhaps point to multiple targets.  Maybe you typed an @xml:id value wrong, maybe the target of the @xml:id is nonexistent, or maybe you temporarily removed the target from your source, or maybe an auxiliary file contains a duplicate.  Your output will contain some placeholder text that you will not want to distribute to your readers.
INFO    : *              located within: "sec_using-a-program_subsec_computers" (xml:id), "Computers" (title)
ERROR   : * PTX:ERROR:   a cross-reference ("xref") uses references [x_threeday_] that do not point to any target, or perhaps point to multiple targets.  Maybe you typed an @xml:id value wrong, maybe the target of the @xml:id is nonexistent, or maybe you temporarily removed the target from your source, or maybe an auxiliary file contains a duplicate.  Your output will contain some placeholder text that you will not want to distribute to your readers.
INFO    : *              located within: "sec_using-a-program_subsubsec_the-program-sir" (xml:id), "The Program SIR" (title)
ERROR   : * PTX:ERROR:   a cross-reference ("xref") uses references [x_flowchart_] that do not point to any target, or perhaps point to multiple targets.  Maybe you typed an @xml:id value wrong, maybe the target of the @xml:id is nonexistent, or maybe you temporarily removed the target from your source, or maybe an auxiliary file contains a duplicate.  Your output will contain some placeholder text that you will not want to distribute to your readers.
INFO    : *              located within: "sec_using-a-program_subsubsec_the-program-sir" (xml:id), "The Program SIR" (title)
ERROR   : * PTX:ERROR:   a cross-reference ("xref") uses references [x_threeday_] that do not point to any target, or perhaps point to multiple targets.  Maybe you typed an @xml:id value wrong, maybe the target of the @xml:id is nonexistent, or maybe you temporarily removed the target from your source, or maybe an auxiliary file contains a duplicate.  Your output will contain some placeholder text that you will not want to distribute to your readers.
INFO    : *              located within: "sec_using-a-program_subsubsec_the-program-sir_2" (xml:id), "The program SIR" (title)
ERROR   : * PTX:ERROR:   a cross-reference ("xref") uses references [x_flowchart_] that do not point to any target, or perhaps point to multiple targets.  Maybe you typed an @xml:id value wrong, maybe the target of the @xml:id is nonexistent, or maybe you temporarily removed the target from your source, or maybe an auxiliary file contains a duplicate.  Your output will contain some placeholder text that you will not want to distribute to your readers.
INFO    : *              located within: "sec_using-a-program_subsubsec_the-program-sir_2" (xml:id), "The program SIR" (title)
ERROR   : * PTX:ERROR:   a cross-reference ("xref") uses references [prog] that do not point to any target, or perhaps point to multiple targets.  Maybe you typed an @xml:id value wrong, maybe the target of the @xml:id is nonexistent, or maybe you temporarily removed the target from your source, or maybe an auxiliary file contains a duplicate.  Your output will contain some placeholder text that you will not want to distribute to your readers.
INFO    : *              located within: "sec_using-a-program_subsubsec_the-program-sir_2" (xml:id), "The program SIR" (title)
ERROR   : * PTX:ERROR:   a cross-reference ("xref") uses references [prog] that do not point to any target, or perhaps point to multiple targets.  Maybe you typed an @xml:id value wrong, maybe the target of the @xml:id is nonexistent, or maybe you temporarily removed the target from your source, or maybe an auxiliary file contains a duplicate.  Your output will contain some placeholder text that you will not want to distribute to your readers.
INFO    : *              located within: "sec_using-a-program_subsubsec_the-program-sir_2" (xml:id), "The program SIR" (title)
ERROR   : * PTX:ERROR:   a cross-reference ("xref") uses references [prog] that do not point to any target, or perhaps point to multiple targets.  Maybe you typed an @xml:id value wrong, maybe the target of the @xml:id is nonexistent, or maybe you temporarily removed the target from your source, or maybe an auxiliary file contains a duplicate.  Your output will contain some placeholder text that you will not want to distribute to your readers.
INFO    : *              located within: "sec_using-a-program_subsubsec_the-program-sir_2" (xml:id), "The program SIR" (title)
ERROR   : * PTX:ERROR:   a cross-reference ("xref") uses references [x_threshold_] that do not point to any target, or perhaps point to multiple targets.  Maybe you typed an @xml:id value wrong, maybe the target of the @xml:id is nonexistent, or maybe you temporarily removed the target from your source, or maybe an auxiliary file contains a duplicate.  Your output will contain some placeholder text that you will not want to distribute to your readers.
INFO    : *              located within: "sec_using-a-program_subsubsec_analyzing-the-measles-epidemic" (xml:id), "Analyzing the measles epidemic" (title)
ERROR   : * PTX:ERROR:   a cross-reference ("xref") uses references [x_threeday_] that do not point to any target, or perhaps point to multiple targets.  Maybe you typed an @xml:id value wrong, maybe the target of the @xml:id is nonexistent, or maybe you temporarily removed the target from your source, or maybe an auxiliary file contains a duplicate.  Your output will contain some placeholder text that you will not want to distribute to your readers.
INFO    : *              located within: "sec_using-a-program_subsubsec_analyzing-the-measles-epidemic" (xml:id), "Analyzing the measles epidemic" (title)
ERROR   : * PTX:ERROR:   a cross-reference ("xref") uses references [x_threeday_] that do not point to any target, or perhaps point to multiple targets.  Maybe you typed an @xml:id value wrong, maybe the target of the @xml:id is nonexistent, or maybe you temporarily removed the target from your source, or maybe an auxiliary file contains a duplicate.  Your output will contain some placeholder text that you will not want to distribute to your readers.
INFO    : *              located within: "sec_using-a-program_subsubsec_analyzing-the-measles-epidemic" (xml:id), "Analyzing the measles epidemic" (title)
ERROR   : * PTX:ERROR:   a cross-reference ("xref") uses references [x_therebackprob_] that do not point to any target, or perhaps point to multiple targets.  Maybe you typed an @xml:id value wrong, maybe the target of the @xml:id is nonexistent, or maybe you temporarily removed the target from your source, or maybe an auxiliary file contains a duplicate.  Your output will contain some placeholder text that you will not want to distribute to your readers.
INFO    : *              located within: "sec_using-a-program_subsubsec_analyzing-the-measles-epidemic" (xml:id), "Analyzing the measles epidemic" (title)
ERROR   : * PTX:ERROR:   a cross-reference ("xref") uses references [x_falling_] that do not point to any target, or perhaps point to multiple targets.  Maybe you typed an @xml:id value wrong, maybe the target of the @xml:id is nonexistent, or maybe you temporarily removed the target from your source, or maybe an auxiliary file contains a duplicate.  Your output will contain some placeholder text that you will not want to distribute to your readers.
INFO    : *              located within: "sec_using-a-program_subsubsec_analyzing-the-measles-epidemic" (xml:id), "Analyzing the measles epidemic" (title)
ERROR   : * PTX:ERROR:   a cross-reference ("xref") uses references [x_cooling_] that do not point to any target, or perhaps point to multiple targets.  Maybe you typed an @xml:id value wrong, maybe the target of the @xml:id is nonexistent, or maybe you temporarily removed the target from your source, or maybe an auxiliary file contains a duplicate.  Your output will contain some placeholder text that you will not want to distribute to your readers.
INFO    : *              located within: "sec_using-a-program_subsubsec_analyzing-the-measles-epidemic" (xml:id), "Analyzing the measles epidemic" (title)
ERROR   : * PTX:ERROR:   a cross-reference ("xref") uses references [x_thereback_] that do not point to any target, or perhaps point to multiple targets.  Maybe you typed an @xml:id value wrong, maybe the target of the @xml:id is nonexistent, or maybe you temporarily removed the target from your source, or maybe an auxiliary file contains a duplicate.  Your output will contain some placeholder text that you will not want to distribute to your readers.
INFO    : *              located within: "sec_making-approximations_subsubsec_there-and-back-again-again" (xml:id), "There and Back Again Again" (title)
ERROR   : * PTX:ERROR:   a cross-reference ("xref") uses references [x_therebackprob_] that do not point to any target, or perhaps point to multiple targets.  Maybe you typed an @xml:id value wrong, maybe the target of the @xml:id is nonexistent, or maybe you temporarily removed the target from your source, or maybe an auxiliary file contains a duplicate.  Your output will contain some placeholder text that you will not want to distribute to your readers.
INFO    : *              located within: "sec_making-approximations_subsubsec_there-and-back-again-again" (xml:id), "There and Back Again Again" (title)
ERROR   : * PTX:ERROR:   a cross-reference ("xref") uses references [x_threeday_] that do not point to any target, or perhaps point to multiple targets.  Maybe you typed an @xml:id value wrong, maybe the target of the @xml:id is nonexistent, or maybe you temporarily removed the target from your source, or maybe an auxiliary file contains a duplicate.  Your output will contain some placeholder text that you will not want to distribute to your readers.
INFO    : *              located within: "sec_making-approximations_subsec_piecewise-linear-functions" (xml:id), "Piecewise Linear Functions" (title)
ERROR   : * PTX:ERROR:   a cross-reference ("xref") uses references [backwards2] that do not point to any target, or perhaps point to multiple targets.  Maybe you typed an @xml:id value wrong, maybe the target of the @xml:id is nonexistent, or maybe you temporarily removed the target from your source, or maybe an auxiliary file contains a duplicate.  Your output will contain some placeholder text that you will not want to distribute to your readers.
INFO    : *              located within: "There and back again" (title)
ERROR   : * PTX:ERROR:   a cross-reference ("xref") uses references [x_dotdot_] that do not point to any target, or perhaps point to multiple targets.  Maybe you typed an @xml:id value wrong, maybe the target of the @xml:id is nonexistent, or maybe you temporarily removed the target from your source, or maybe an auxiliary file contains a duplicate.  Your output will contain some placeholder text that you will not want to distribute to your readers.
INFO    : *              located within: "There and back again" (title)
ERROR   : * PTX:ERROR:   a cross-reference ("xref") uses references [backwards2] that do not point to any target, or perhaps point to multiple targets.  Maybe you typed an @xml:id value wrong, maybe the target of the @xml:id is nonexistent, or maybe you temporarily removed the target from your source, or maybe an auxiliary file contains a duplicate.  Your output will contain some placeholder text that you will not want to distribute to your readers.
INFO    : *              located within: "There and back again" (title)
ERROR   : * PTX:ERROR:   a cross-reference ("xref") uses references [backwards2] that do not point to any target, or perhaps point to multiple targets.  Maybe you typed an @xml:id value wrong, maybe the target of the @xml:id is nonexistent, or maybe you temporarily removed the target from your source, or maybe an auxiliary file contains a duplicate.  Your output will contain some placeholder text that you will not want to distribute to your readers.
INFO    : *              located within: "sec_the-mathematical-implications---eulers-method_subsec_exact-solutions" (xml:id), "Exact Solutions" (title)
ERROR   : * PTX:ERROR:   a cross-reference ("xref") uses references [Poland] that do not point to any target, or perhaps point to multiple targets.  Maybe you typed an @xml:id value wrong, maybe the target of the @xml:id is nonexistent, or maybe you temporarily removed the target from your source, or maybe an auxiliary file contains a duplicate.  Your output will contain some placeholder text that you will not want to distribute to your readers.
INFO    : *              located within: "sec_the-mathematical-implications---eulers-method_subsubsec_approximate-solutions" (xml:id), "Approximate solutions" (title)
ERROR   : * PTX:ERROR:   a cross-reference ("xref") uses references [x_sequence_] that do not point to any target, or perhaps point to multiple targets.  Maybe you typed an @xml:id value wrong, maybe the target of the @xml:id is nonexistent, or maybe you temporarily removed the target from your source, or maybe an auxiliary file contains a duplicate.  Your output will contain some placeholder text that you will not want to distribute to your readers.
INFO    : *              located within: "sec_the-mathematical-implications---eulers-method_subsubsec_the-logistic-equation" (xml:id), "The Logistic Equation" (title)
ERROR   : * PTX:ERROR:   a cross-reference ("xref") uses references [roots] that do not point to any target, or perhaps point to multiple targets.  Maybe you typed an @xml:id value wrong, maybe the target of the @xml:id is nonexistent, or maybe you temporarily removed the target from your source, or maybe an auxiliary file contains a duplicate.  Your output will contain some placeholder text that you will not want to distribute to your readers.
INFO    : *              located within: "sec_approximate-solutions_subsubsec_a-geometric-approach" (xml:id), "A geometric approach" (title)
ERROR   : * PTX:ERROR:   a cross-reference ("xref") uses references [x_logistic_] that do not point to any target, or perhaps point to multiple targets.  Maybe you typed an @xml:id value wrong, maybe the target of the @xml:id is nonexistent, or maybe you temporarily removed the target from your source, or maybe an auxiliary file contains a duplicate.  Your output will contain some placeholder text that you will not want to distribute to your readers.
INFO    : *              located within: "section2-4_subsec_chapter-exercises" (xml:id), "Chapter Exercises" (title)
ERROR   : * PTX:ERROR:   a cross-reference ("xref") uses references [x_table_] that do not point to any target, or perhaps point to multiple targets.  Maybe you typed an @xml:id value wrong, maybe the target of the @xml:id is nonexistent, or maybe you temporarily removed the target from your source, or maybe an auxiliary file contains a duplicate.  Your output will contain some placeholder text that you will not want to distribute to your readers.
INFO    : *              located within: "sec_microscopes-and-local-linearity_subsec_the-graph-of-data" (xml:id), "The Graph of Data" (title)
ERROR   : * PTX:ERROR:   a cross-reference ("xref") uses references [x_zoom_] that do not point to any target, or perhaps point to multiple targets.  Maybe you typed an @xml:id value wrong, maybe the target of the @xml:id is nonexistent, or maybe you temporarily removed the target from your source, or maybe an auxiliary file contains a duplicate.  Your output will contain some placeholder text that you will not want to distribute to your readers.
INFO    : *              located within: "sec_the-derivative_subsec_definition" (xml:id), "Definition" (title)
ERROR   : * PTX:ERROR:   a cross-reference ("xref") uses references [window] that do not point to any target, or perhaps point to multiple targets.  Maybe you typed an @xml:id value wrong, maybe the target of the @xml:id is nonexistent, or maybe you temporarily removed the target from your source, or maybe an auxiliary file contains a duplicate.  Your output will contain some placeholder text that you will not want to distribute to your readers.
INFO    : *              located within: "sec_the-derivative_subsubsec_computing-derivatives" (xml:id), "Computing Derivatives" (title)
ERROR   : * PTX:ERROR:   a cross-reference ("xref") uses references [house] that do not point to any target, or perhaps point to multiple targets.  Maybe you typed an @xml:id value wrong, maybe the target of the @xml:id is nonexistent, or maybe you temporarily removed the target from your source, or maybe an auxiliary file contains a duplicate.  Your output will contain some placeholder text that you will not want to distribute to your readers.
INFO    : *              located within: "sec_estimation-and-error-analysis_subsubsec_from-measurements-to-calculations" (xml:id), "From Measurements to Calculations" (title)
ERROR   : * PTX:ERROR:   a cross-reference ("xref") uses references [x_sin_5x__] that do not point to any target, or perhaps point to multiple targets.  Maybe you typed an @xml:id value wrong, maybe the target of the @xml:id is nonexistent, or maybe you temporarily removed the target from your source, or maybe an auxiliary file contains a duplicate.  Your output will contain some placeholder text that you will not want to distribute to your readers.
INFO    : *              located within: "sec_the-chain-rule_subsec_using-the-chain-rule" (xml:id), "Using the Chain Rule" (title)
ERROR   : * PTX:ERROR:   a cross-reference ("xref") uses references [differential] that do not point to any target, or perhaps point to multiple targets.  Maybe you typed an @xml:id value wrong, maybe the target of the @xml:id is nonexistent, or maybe you temporarily removed the target from your source, or maybe an auxiliary file contains a duplicate.  Your output will contain some placeholder text that you will not want to distribute to your readers.
INFO    : *              located within: "sec_modelling-with-differential-equations_sec_modelling-with-differential-equations" (xml:id), "Modelling with Differential Equations" (title)
ERROR   : * PTX:ERROR:   a cross-reference ("xref") uses references [logistic-begin] that do not point to any target, or perhaps point to multiple targets.  Maybe you typed an @xml:id value wrong, maybe the target of the @xml:id is nonexistent, or maybe you temporarily removed the target from your source, or maybe an auxiliary file contains a duplicate.  Your output will contain some placeholder text that you will not want to distribute to your readers.
INFO    : *              located within: "sec_modelling-with-differential-equations_subsec_single-species-models-rabbits" (xml:id), "Single-species Models: Rabbits" (title)
ERROR   : * PTX:ERROR:   a cross-reference ("xref") uses references [logistic-end] that do not point to any target, or perhaps point to multiple targets.  Maybe you typed an @xml:id value wrong, maybe the target of the @xml:id is nonexistent, or maybe you temporarily removed the target from your source, or maybe an auxiliary file contains a duplicate.  Your output will contain some placeholder text that you will not want to distribute to your readers.
INFO    : *              located within: "sec_modelling-with-differential-equations_subsec_single-species-models-rabbits" (xml:id), "Single-species Models: Rabbits" (title)
ERROR   : * PTX:ERROR:   a cross-reference ("xref") uses references [DO-WHILE] that do not point to any target, or perhaps point to multiple targets.  Maybe you typed an @xml:id value wrong, maybe the target of the @xml:id is nonexistent, or maybe you temporarily removed the target from your source, or maybe an auxiliary file contains a duplicate.  Your output will contain some placeholder text that you will not want to distribute to your readers.
INFO    : *              located within: "sec_modelling-with-differential-equations_L-V" (xml:id)
ERROR   : * PTX:ERROR:   a cross-reference ("xref") uses references [Q_240_] that do not point to any target, or perhaps point to multiple targets.  Maybe you typed an @xml:id value wrong, maybe the target of the @xml:id is nonexistent, or maybe you temporarily removed the target from your source, or maybe an auxiliary file contains a duplicate.  Your output will contain some placeholder text that you will not want to distribute to your readers.
INFO    : *              located within: "sec_solutions-of-differential-equations_subsubsec_behavior-of-the-supergrowth-solution" (xml:id), "Behavior of the supergrowth solution" (title)
ERROR   : * PTX:ERROR:   a cross-reference ("xref") uses references [cooling_coffee] that do not point to any target, or perhaps point to multiple targets.  Maybe you typed an @xml:id value wrong, maybe the target of the @xml:id is nonexistent, or maybe you temporarily removed the target from your source, or maybe an auxiliary file contains a duplicate.  Your output will contain some placeholder text that you will not want to distribute to your readers.
INFO    : *              located within: "sec_solutions-of-differential-equations_subsubsec_newtons-law-of-cooling" (xml:id), "Newton's law of cooling" (title)
ERROR   : * PTX:ERROR:   a cross-reference ("xref") uses references [ex_coffee1] that do not point to any target, or perhaps point to multiple targets.  Maybe you typed an @xml:id value wrong, maybe the target of the @xml:id is nonexistent, or maybe you temporarily removed the target from your source, or maybe an auxiliary file contains a duplicate.  Your output will contain some placeholder text that you will not want to distribute to your readers.
INFO    : *              located within: "sec_solutions-of-differential-equations_subsubsec_newtons-law-of-cooling" (xml:id), "Newton's law of cooling" (title)
ERROR   : * PTX:ERROR:   a cross-reference ("xref") uses references [ex_coffee2] that do not point to any target, or perhaps point to multiple targets.  Maybe you typed an @xml:id value wrong, maybe the target of the @xml:id is nonexistent, or maybe you temporarily removed the target from your source, or maybe an auxiliary file contains a duplicate.  Your output will contain some placeholder text that you will not want to distribute to your readers.
INFO    : *              located within: "sec_solutions-of-differential-equations_subsubsec_newtons-law-of-cooling" (xml:id), "Newton's law of cooling" (title)
ERROR   : * PTX:ERROR:   a cross-reference ("xref") uses references [ex_cold_drink] that do not point to any target, or perhaps point to multiple targets.  Maybe you typed an @xml:id value wrong, maybe the target of the @xml:id is nonexistent, or maybe you temporarily removed the target from your source, or maybe an auxiliary file contains a duplicate.  Your output will contain some placeholder text that you will not want to distribute to your readers.
INFO    : *              located within: "sec_solutions-of-differential-equations_subsubsec_newtons-law-of-cooling" (xml:id), "Newton's law of cooling" (title)
ERROR   : * PTX:ERROR:   a cross-reference ("xref") uses references [ex_base_2] that do not point to any target, or perhaps point to multiple targets.  Maybe you typed an @xml:id value wrong, maybe the target of the @xml:id is nonexistent, or maybe you temporarily removed the target from your source, or maybe an auxiliary file contains a duplicate.  Your output will contain some placeholder text that you will not want to distribute to your readers.
INFO    : *              located within: "sec_the-exponential-function_subsec_the-equation-y-ky" (xml:id), "The Equation y'= ky" (title)
ERROR   : * PTX:ERROR:   a cross-reference ("xref") uses references [ex_falling_body1] that do not point to any target, or perhaps point to multiple targets.  Maybe you typed an @xml:id value wrong, maybe the target of the @xml:id is nonexistent, or maybe you temporarily removed the target from your source, or maybe an auxiliary file contains a duplicate.  Your output will contain some placeholder text that you will not want to distribute to your readers.
INFO    : *              located within: "sec_the-exponential-function_subsubsec_solving-other-differential-equations" (xml:id), "Solving other differential equations" (title)
ERROR   : * PTX:ERROR:   a cross-reference ("xref") uses references [ex_falling_body2] that do not point to any target, or perhaps point to multiple targets.  Maybe you typed an @xml:id value wrong, maybe the target of the @xml:id is nonexistent, or maybe you temporarily removed the target from your source, or maybe an auxiliary file contains a duplicate.  Your output will contain some placeholder text that you will not want to distribute to your readers.
INFO    : *              located within: "sec_the-exponential-function_subsubsec_solving-other-differential-equations" (xml:id), "Solving other differential equations" (title)
ERROR   : * PTX:ERROR:   a cross-reference ("xref") uses references [ex_falling_body3] that do not point to any target, or perhaps point to multiple targets.  Maybe you typed an @xml:id value wrong, maybe the target of the @xml:id is nonexistent, or maybe you temporarily removed the target from your source, or maybe an auxiliary file contains a duplicate.  Your output will contain some placeholder text that you will not want to distribute to your readers.
INFO    : *              located within: "sec_the-exponential-function_subsubsec_solving-other-differential-equations" (xml:id), "Solving other differential equations" (title)
WARNING : * PTX:WARNING: Unstructured content within a list item is being ignored ("Find the effective rate of interest for an annual rate of 6\compounded daily in the straightforward way")
INFO    : *              located within: "sec_the-exponential-function_subsubsec_interest-rates" (xml:id), "Interest rates" (title)
WARNING : * PTX:WARNING: Unstructured content within a list item is being ignored ("using 1/365-th of the annual rate 365 times. Then do the computations the way they are done in a bank. Compare your two answers.")
INFO    : *              located within: "sec_the-exponential-function_subsubsec_interest-rates" (xml:id), "Interest rates" (title)
ERROR   : * PTX:ERROR:   a cross-reference ("xref") uses references [k_b] that do not point to any target, or perhaps point to multiple targets.  Maybe you typed an @xml:id value wrong, maybe the target of the @xml:id is nonexistent, or maybe you temporarily removed the target from your source, or maybe an auxiliary file contains a duplicate.  Your output will contain some placeholder text that you will not want to distribute to your readers.
INFO    : *              located within: "sec_the-logarithm-function_subsec_the-exponential-functions-bdisplaystyle-x" (xml:id), "The Exponential Functions b^{\displaystyle x}" (title)
ERROR   : * PTX:ERROR:   a cross-reference ("xref") uses references [spring-begin] that do not point to any target, or perhaps point to multiple targets.  Maybe you typed an @xml:id value wrong, maybe the target of the @xml:id is nonexistent, or maybe you temporarily removed the target from your source, or maybe an auxiliary file contains a duplicate.  Your output will contain some placeholder text that you will not want to distribute to your readers.
INFO    : *              located within: "sec_the-equation-y-ft_sec_the-equation-y-ft" (xml:id), "The Equation y' = f(t)" (title)
ERROR   : * PTX:ERROR:   a cross-reference ("xref") uses references [spring-end] that do not point to any target, or perhaps point to multiple targets.  Maybe you typed an @xml:id value wrong, maybe the target of the @xml:id is nonexistent, or maybe you temporarily removed the target from your source, or maybe an auxiliary file contains a duplicate.  Your output will contain some placeholder text that you will not want to distribute to your readers.
INFO    : *              located within: "sec_the-equation-y-ft_sec_the-equation-y-ft" (xml:id), "The Equation y' = f(t)" (title)
ERROR   : * PTX:ERROR:   a cross-reference ("xref") uses references [falling_body0] that do not point to any target, or perhaps point to multiple targets.  Maybe you typed an @xml:id value wrong, maybe the target of the @xml:id is nonexistent, or maybe you temporarily removed the target from your source, or maybe an auxiliary file contains a duplicate.  Your output will contain some placeholder text that you will not want to distribute to your readers.
INFO    : *              located within: "sec_the-equation-y-ft_sec_the-equation-y-ft" (xml:id), "The Equation y' = f(t)" (title)
ERROR   : * PTX:ERROR:   a cross-reference ("xref") uses references [basic_derivs] that do not point to any target, or perhaps point to multiple targets.  Maybe you typed an @xml:id value wrong, maybe the target of the @xml:id is nonexistent, or maybe you temporarily removed the target from your source, or maybe an auxiliary file contains a duplicate.  Your output will contain some placeholder text that you will not want to distribute to your readers.
INFO    : *              located within: "sec_the-equation-y-ft_subsec_antiderivatives" (xml:id), "Antiderivatives" (title)
ERROR   : * PTX:ERROR:   a cross-reference ("xref") uses references [deriv_table] that do not point to any target, or perhaps point to multiple targets.  Maybe you typed an @xml:id value wrong, maybe the target of the @xml:id is nonexistent, or maybe you temporarily removed the target from your source, or maybe an auxiliary file contains a duplicate.  Your output will contain some placeholder text that you will not want to distribute to your readers.
INFO    : *              located within: "sec_the-equation-y-ft_subsec_antiderivatives" (xml:id), "Antiderivatives" (title)
ERROR   : * PTX:ERROR:   a cross-reference ("xref") uses references [sirvalue] that do not point to any target, or perhaps point to multiple targets.  Maybe you typed an @xml:id value wrong, maybe the target of the @xml:id is nonexistent, or maybe you temporarily removed the target from your source, or maybe an auxiliary file contains a duplicate.  Your output will contain some placeholder text that you will not want to distribute to your readers.
INFO    : *              located within: "sec_the-equation-y-ft_subsec_eulers-method-revisited" (xml:id), "Euler's Method Revisited" (title)
ERROR   : * PTX:ERROR:   a cross-reference ("xref") uses references [sirplot] that do not point to any target, or perhaps point to multiple targets.  Maybe you typed an @xml:id value wrong, maybe the target of the @xml:id is nonexistent, or maybe you temporarily removed the target from your source, or maybe an auxiliary file contains a duplicate.  Your output will contain some placeholder text that you will not want to distribute to your readers.
INFO    : *              located within: "sec_the-equation-y-ft_subsec_eulers-method-revisited" (xml:id), "Euler's Method Revisited" (title)
ERROR   : * PTX:ERROR:   a cross-reference ("xref") uses references [x_concave_] that do not point to any target, or perhaps point to multiple targets.  Maybe you typed an @xml:id value wrong, maybe the target of the @xml:id is nonexistent, or maybe you temporarily removed the target from your source, or maybe an auxiliary file contains a duplicate.  Your output will contain some placeholder text that you will not want to distribute to your readers.
INFO    : *              located within: "sec_the-shape-of-the-graph-of-a-mboxfunction_subsubsec_describing-functions" (xml:id), "Describing functions" (title)
WARNING : * PTX:WARNING: Unstructured content within a list item is being ignored ("(Hint: If")
INFO    : *              located within: "sec_the-shape-of-the-graph-of-a-mboxfunction_subsubsec_describing-functions" (xml:id), "Describing functions" (title)
WARNING : * PTX:WARNING: Unstructured content within a list item is being ignored ("and")
INFO    : *              located within: "sec_the-shape-of-the-graph-of-a-mboxfunction_subsubsec_describing-functions" (xml:id), "Describing functions" (title)
WARNING : * PTX:WARNING: Unstructured content within a list item is being ignored (", what can you say about the value of")
INFO    : *              located within: "sec_the-shape-of-the-graph-of-a-mboxfunction_subsubsec_describing-functions" (xml:id), "Describing functions" (title)
WARNING : * PTX:WARNING: Unstructured content within a list item is being ignored ("and hence the geometry of the graph of")
INFO    : *              located within: "sec_the-shape-of-the-graph-of-a-mboxfunction_subsubsec_describing-functions" (xml:id), "Describing functions" (title)
WARNING : * PTX:WARNING: Unstructured content within a list item is being ignored ("on either side of")
INFO    : *              located within: "sec_the-shape-of-the-graph-of-a-mboxfunction_subsubsec_describing-functions" (xml:id), "Describing functions" (title)
WARNING : * PTX:WARNING: Unstructured content within a list item is being ignored ("?)")
INFO    : *              located within: "sec_the-shape-of-the-graph-of-a-mboxfunction_subsubsec_describing-functions" (xml:id), "Describing functions" (title)
ERROR   : * PTX:ERROR:   a cross-reference ("xref") uses references [multiplier-begin] that do not point to any target, or perhaps point to multiple targets.  Maybe you typed an @xml:id value wrong, maybe the target of the @xml:id is nonexistent, or maybe you temporarily removed the target from your source, or maybe an auxiliary file contains a duplicate.  Your output will contain some placeholder text that you will not want to distribute to your readers.
INFO    : *              located within: "sec_measuring-work_subsec_human-work" (xml:id), "Human Work" (title)
ERROR   : * PTX:ERROR:   a cross-reference ("xref") uses references [multiplier-end] that do not point to any target, or perhaps point to multiple targets.  Maybe you typed an @xml:id value wrong, maybe the target of the @xml:id is nonexistent, or maybe you temporarily removed the target from your source, or maybe an auxiliary file contains a duplicate.  Your output will contain some placeholder text that you will not want to distribute to your readers.
INFO    : *              located within: "sec_measuring-work_subsec_human-work" (xml:id), "Human Work" (title)
ERROR   : * PTX:ERROR:   a cross-reference ("xref") uses references [staffgraph] that do not point to any target, or perhaps point to multiple targets.  Maybe you typed an @xml:id value wrong, maybe the target of the @xml:id is nonexistent, or maybe you temporarily removed the target from your source, or maybe an auxiliary file contains a duplicate.  Your output will contain some placeholder text that you will not want to distribute to your readers.
INFO    : *              located within: "sec_measuring-work_subsubsec_human-work" (xml:id), "Human work" (title)
ERROR   : * PTX:ERROR:   a cross-reference ("xref") uses references [graph2] that do not point to any target, or perhaps point to multiple targets.  Maybe you typed an @xml:id value wrong, maybe the target of the @xml:id is nonexistent, or maybe you temporarily removed the target from your source, or maybe an auxiliary file contains a duplicate.  Your output will contain some placeholder text that you will not want to distribute to your readers.
INFO    : *              located within: "sec_measuring-work_subsubsec_human-work" (xml:id), "Human work" (title)
ERROR   : * PTX:ERROR:   a cross-reference ("xref") uses references [pow1] that do not point to any target, or perhaps point to multiple targets.  Maybe you typed an @xml:id value wrong, maybe the target of the @xml:id is nonexistent, or maybe you temporarily removed the target from your source, or maybe an auxiliary file contains a duplicate.  Your output will contain some placeholder text that you will not want to distribute to your readers.
INFO    : *              located within: "sec_measuring-work_subsubsec_electrical-energy" (xml:id), "Electrical energy" (title)
ERROR   : * PTX:ERROR:   a cross-reference ("xref") uses references [pow2] that do not point to any target, or perhaps point to multiple targets.  Maybe you typed an @xml:id value wrong, maybe the target of the @xml:id is nonexistent, or maybe you temporarily removed the target from your source, or maybe an auxiliary file contains a duplicate.  Your output will contain some placeholder text that you will not want to distribute to your readers.
INFO    : *              located within: "sec_measuring-work_subsubsec_electrical-energy" (xml:id), "Electrical energy" (title)
ERROR   : * PTX:ERROR:   a cross-reference ("xref") uses references [Pythagorean_theorem] that do not point to any target, or perhaps point to multiple targets.  Maybe you typed an @xml:id value wrong, maybe the target of the @xml:id is nonexistent, or maybe you temporarily removed the target from your source, or maybe an auxiliary file contains a duplicate.  Your output will contain some placeholder text that you will not want to distribute to your readers.
INFO    : *              located within: "sec_riemann-sums_subsec_calculating-lengths" (xml:id), "Calculating Lengths" (title)
ERROR   : * PTX:ERROR:   a cross-reference ("xref") uses references [length-begin] that do not point to any target, or perhaps point to multiple targets.  Maybe you typed an @xml:id value wrong, maybe the target of the @xml:id is nonexistent, or maybe you temporarily removed the target from your source, or maybe an auxiliary file contains a duplicate.  Your output will contain some placeholder text that you will not want to distribute to your readers.
INFO    : *              located within: "sec_riemann-sums_subsec_calculating-lengths" (xml:id), "Calculating Lengths" (title)
ERROR   : * PTX:ERROR:   a cross-reference ("xref") uses references [length-end] that do not point to any target, or perhaps point to multiple targets.  Maybe you typed an @xml:id value wrong, maybe the target of the @xml:id is nonexistent, or maybe you temporarily removed the target from your source, or maybe an auxiliary file contains a duplicate.  Your output will contain some placeholder text that you will not want to distribute to your readers.
INFO    : *              located within: "sec_riemann-sums_subsec_calculating-lengths" (xml:id), "Calculating Lengths" (title)
ERROR   : * PTX:ERROR:   a cross-reference ("xref") uses references [ship] that do not point to any target, or perhaps point to multiple targets.  Maybe you typed an @xml:id value wrong, maybe the target of the @xml:id is nonexistent, or maybe you temporarily removed the target from your source, or maybe an auxiliary file contains a duplicate.  Your output will contain some placeholder text that you will not want to distribute to your readers.
INFO    : *              located within: "sec_riemann-sums_subsubsec_making-approximations" (xml:id), "Making approximations" (title)
ERROR   : * PTX:ERROR:   a cross-reference ("xref") uses references [semicir] that do not point to any target, or perhaps point to multiple targets.  Maybe you typed an @xml:id value wrong, maybe the target of the @xml:id is nonexistent, or maybe you temporarily removed the target from your source, or maybe an auxiliary file contains a duplicate.  Your output will contain some placeholder text that you will not want to distribute to your readers.
INFO    : *              located within: "sec_riemann-sums_subsubsec_using-riemann" (xml:id), "Using RIEMANN" (title)
ERROR   : * PTX:ERROR:   a cross-reference ("xref") uses references [length] that do not point to any target, or perhaps point to multiple targets.  Maybe you typed an @xml:id value wrong, maybe the target of the @xml:id is nonexistent, or maybe you temporarily removed the target from your source, or maybe an auxiliary file contains a duplicate.  Your output will contain some placeholder text that you will not want to distribute to your readers.
INFO    : *              located within: "sec_riemann-sums_subsubsec_using-riemann" (xml:id), "Using RIEMANN" (title)
ERROR   : * PTX:ERROR:   a cross-reference ("xref") uses references [successive_lengths] that do not point to any target, or perhaps point to multiple targets.  Maybe you typed an @xml:id value wrong, maybe the target of the @xml:id is nonexistent, or maybe you temporarily removed the target from your source, or maybe an auxiliary file contains a duplicate.  Your output will contain some placeholder text that you will not want to distribute to your readers.
INFO    : *              located within: "sec_riemann-sums_subsubsec_length-and-area" (xml:id), "Length and area" (title)
ERROR   : * PTX:ERROR:   a cross-reference ("xref") uses references [program_RIEMANN] that do not point to any target, or perhaps point to multiple targets.  Maybe you typed an @xml:id value wrong, maybe the target of the @xml:id is nonexistent, or maybe you temporarily removed the target from your source, or maybe an auxiliary file contains a duplicate.  Your output will contain some placeholder text that you will not want to distribute to your readers.
INFO    : *              located within: "sec_the-integral_subsec_refining-riemann-sums" (xml:id), "Refining Riemann Sums" (title)
ERROR   : * PTX:ERROR:   a cross-reference ("xref") uses references [nonintegrable] that do not point to any target, or perhaps point to multiple targets.  Maybe you typed an @xml:id value wrong, maybe the target of the @xml:id is nonexistent, or maybe you temporarily removed the target from your source, or maybe an auxiliary file contains a duplicate.  Your output will contain some placeholder text that you will not want to distribute to your readers.
INFO    : *              located within: "sec_the-integral_subsec_definition" (xml:id), "Definition" (title)
ERROR   : * PTX:ERROR:   a cross-reference ("xref") uses references [continuous-begin] that do not point to any target, or perhaps point to multiple targets.  Maybe you typed an @xml:id value wrong, maybe the target of the @xml:id is nonexistent, or maybe you temporarily removed the target from your source, or maybe an auxiliary file contains a duplicate.  Your output will contain some placeholder text that you will not want to distribute to your readers.
INFO    : *              located within: "sec_the-integral_subsec_definition" (xml:id), "Definition" (title)
ERROR   : * PTX:ERROR:   a cross-reference ("xref") uses references [continuous-end] that do not point to any target, or perhaps point to multiple targets.  Maybe you typed an @xml:id value wrong, maybe the target of the @xml:id is nonexistent, or maybe you temporarily removed the target from your source, or maybe an auxiliary file contains a duplicate.  Your output will contain some placeholder text that you will not want to distribute to your readers.
INFO    : *              located within: "sec_the-integral_subsec_definition" (xml:id), "Definition" (title)
ERROR   : * PTX:ERROR:   a cross-reference ("xref") uses references [ship] that do not point to any target, or perhaps point to multiple targets.  Maybe you typed an @xml:id value wrong, maybe the target of the @xml:id is nonexistent, or maybe you temporarily removed the target from your source, or maybe an auxiliary file contains a duplicate.  Your output will contain some placeholder text that you will not want to distribute to your readers.
INFO    : *              located within: "sec_the-integral_subsec_definition" (xml:id), "Definition" (title)
ERROR   : * PTX:ERROR:   a cross-reference ("xref") uses references [def] that do not point to any target, or perhaps point to multiple targets.  Maybe you typed an @xml:id value wrong, maybe the target of the @xml:id is nonexistent, or maybe you temporarily removed the target from your source, or maybe an auxiliary file contains a duplicate.  Your output will contain some placeholder text that you will not want to distribute to your readers.
INFO    : *              located within: "sec_the-integral_subsubsec_a-function-that-does-not-have-an-integral" (xml:id), "A function that does not have an integral" (title)
ERROR   : * PTX:ERROR:   a cross-reference ("xref") uses references [length] that do not point to any target, or perhaps point to multiple targets.  Maybe you typed an @xml:id value wrong, maybe the target of the @xml:id is nonexistent, or maybe you temporarily removed the target from your source, or maybe an auxiliary file contains a duplicate.  Your output will contain some placeholder text that you will not want to distribute to your readers.
INFO    : *              located within: "sec_the-integral_subsec_visualizing-the-integral" (xml:id), "Visualizing the Integral" (title)
ERROR   : * PTX:ERROR:   a cross-reference ("xref") uses references [ref1] that do not point to any target, or perhaps point to multiple targets.  Maybe you typed an @xml:id value wrong, maybe the target of the @xml:id is nonexistent, or maybe you temporarily removed the target from your source, or maybe an auxiliary file contains a duplicate.  Your output will contain some placeholder text that you will not want to distribute to your readers.
INFO    : *              located within: "sec_the-integral_subsec_error-bounds" (xml:id), "Error Bounds" (title)
ERROR   : * PTX:ERROR:   a cross-reference ("xref") uses references [ref2] that do not point to any target, or perhaps point to multiple targets.  Maybe you typed an @xml:id value wrong, maybe the target of the @xml:id is nonexistent, or maybe you temporarily removed the target from your source, or maybe an auxiliary file contains a duplicate.  Your output will contain some placeholder text that you will not want to distribute to your readers.
INFO    : *              located within: "sec_the-integral_subsec_error-bounds" (xml:id), "Error Bounds" (title)
ERROR   : * PTX:ERROR:   a cross-reference ("xref") uses references [x2ndint] that do not point to any target, or perhaps point to multiple targets.  Maybe you typed an @xml:id value wrong, maybe the target of the @xml:id is nonexistent, or maybe you temporarily removed the target from your source, or maybe an auxiliary file contains a duplicate.  Your output will contain some placeholder text that you will not want to distribute to your readers.
INFO    : *              located within: "sec_the-integral_subsec_integration-rules" (xml:id), "Integration Rules" (title)
ERROR   : * PTX:ERROR:   a cross-reference ("xref") uses references [left_sums] that do not point to any target, or perhaps point to multiple targets.  Maybe you typed an @xml:id value wrong, maybe the target of the @xml:id is nonexistent, or maybe you temporarily removed the target from your source, or maybe an auxiliary file contains a duplicate.  Your output will contain some placeholder text that you will not want to distribute to your readers.
INFO    : *              located within: "sec_the-integral_subsec_integration-rules" (xml:id), "Integration Rules" (title)
ERROR   : * PTX:ERROR:   a cross-reference ("xref") uses references [ref1] that do not point to any target, or perhaps point to multiple targets.  Maybe you typed an @xml:id value wrong, maybe the target of the @xml:id is nonexistent, or maybe you temporarily removed the target from your source, or maybe an auxiliary file contains a duplicate.  Your output will contain some placeholder text that you will not want to distribute to your readers.
INFO    : *              located within: "sec_the-integral_subsubsec_error-bounds" (xml:id), "Error bounds" (title)
ERROR   : * PTX:ERROR:   a cross-reference ("xref") uses references [signed] that do not point to any target, or perhaps point to multiple targets.  Maybe you typed an @xml:id value wrong, maybe the target of the @xml:id is nonexistent, or maybe you temporarily removed the target from your source, or maybe an auxiliary file contains a duplicate.  Your output will contain some placeholder text that you will not want to distribute to your readers.
INFO    : *              located within: "sec_the-integral_subsubsec_the-integral-as-a-signed-area" (xml:id), "The integral as a signed area" (title)
ERROR   : * PTX:ERROR:   a cross-reference ("xref") uses references [program_RIEMANN] that do not point to any target, or perhaps point to multiple targets.  Maybe you typed an @xml:id value wrong, maybe the target of the @xml:id is nonexistent, or maybe you temporarily removed the target from your source, or maybe an auxiliary file contains a duplicate.  Your output will contain some placeholder text that you will not want to distribute to your readers.
INFO    : *              located within: "sec_the-fundamental-theorem-of-calculus_subsec_integrals-and-differential-equations" (xml:id), "Integrals and Differential Equations" (title)
ERROR   : * PTX:ERROR:   a cross-reference ("xref") uses references [accum_delta_y] that do not point to any target, or perhaps point to multiple targets.  Maybe you typed an @xml:id value wrong, maybe the target of the @xml:id is nonexistent, or maybe you temporarily removed the target from your source, or maybe an auxiliary file contains a duplicate.  Your output will contain some placeholder text that you will not want to distribute to your readers.
INFO    : *              located within: "sec_the-fundamental-theorem-of-calculus_subsec_integrals-and-differential-equations" (xml:id), "Integrals and Differential Equations" (title)
ERROR   : * PTX:ERROR:   a cross-reference ("xref") uses references [program_PLOT] that do not point to any target, or perhaps point to multiple targets.  Maybe you typed an @xml:id value wrong, maybe the target of the @xml:id is nonexistent, or maybe you temporarily removed the target from your source, or maybe an auxiliary file contains a duplicate.  Your output will contain some placeholder text that you will not want to distribute to your readers.
INFO    : *              located within: "sec_the-fundamental-theorem-of-calculus_subsubsec_graphing-accumulation-functions" (xml:id), "Graphing accumulation functions" (title)
ERROR   : * PTX:ERROR:   a cross-reference ("xref") uses references [antideriv_table] that do not point to any target, or perhaps point to multiple targets.  Maybe you typed an @xml:id value wrong, maybe the target of the @xml:id is nonexistent, or maybe you temporarily removed the target from your source, or maybe an auxiliary file contains a duplicate.  Your output will contain some placeholder text that you will not want to distribute to your readers.
INFO    : *              located within: "sec_the-fundamental-theorem-of-calculus_subsec_antiderivatives" (xml:id), "Antiderivatives" (title)
ERROR   : * PTX:ERROR:   a cross-reference ("xref") uses references [sine_symmetry] that do not point to any target, or perhaps point to multiple targets.  Maybe you typed an @xml:id value wrong, maybe the target of the @xml:id is nonexistent, or maybe you temporarily removed the target from your source, or maybe an auxiliary file contains a duplicate.  Your output will contain some placeholder text that you will not want to distribute to your readers.
INFO    : *              located within: "sec_the-fundamental-theorem-of-calculus_subsec_antiderivatives" (xml:id), "Antiderivatives" (title)
ERROR   : * PTX:ERROR:   a cross-reference ("xref") uses references [DEs_w__params-begin] that do not point to any target, or perhaps point to multiple targets.  Maybe you typed an @xml:id value wrong, maybe the target of the @xml:id is nonexistent, or maybe you temporarily removed the target from your source, or maybe an auxiliary file contains a duplicate.  Your output will contain some placeholder text that you will not want to distribute to your readers.
INFO    : *              located within: "sec_the-fundamental-theorem-of-calculus_subsubsec_parameters" (xml:id), "Parameters" (title)
ERROR   : * PTX:ERROR:   a cross-reference ("xref") uses references [DEs_w__params-end] that do not point to any target, or perhaps point to multiple targets.  Maybe you typed an @xml:id value wrong, maybe the target of the @xml:id is nonexistent, or maybe you temporarily removed the target from your source, or maybe an auxiliary file contains a duplicate.  Your output will contain some placeholder text that you will not want to distribute to your readers.
INFO    : *              located within: "sec_the-fundamental-theorem-of-calculus_subsubsec_parameters" (xml:id), "Parameters" (title)
ERROR   : * PTX:ERROR:   a cross-reference ("xref") uses references [crit-begin] that do not point to any target, or perhaps point to multiple targets.  Maybe you typed an @xml:id value wrong, maybe the target of the @xml:id is nonexistent, or maybe you temporarily removed the target from your source, or maybe an auxiliary file contains a duplicate.  Your output will contain some placeholder text that you will not want to distribute to your readers.
INFO    : *              located within: "sec_the-fundamental-theorem-of-calculus_subsubsec_using-the-fundamental-theorem" (xml:id), "Using the fundamental theorem" (title)
ERROR   : * PTX:ERROR:   a cross-reference ("xref") uses references [crit-end] that do not point to any target, or perhaps point to multiple targets.  Maybe you typed an @xml:id value wrong, maybe the target of the @xml:id is nonexistent, or maybe you temporarily removed the target from your source, or maybe an auxiliary file contains a duplicate.  Your output will contain some placeholder text that you will not want to distribute to your readers.
INFO    : *              located within: "sec_the-fundamental-theorem-of-calculus_subsubsec_using-the-fundamental-theorem" (xml:id), "Using the fundamental theorem" (title)
ERROR   : * PTX:ERROR:   a cross-reference ("xref") uses references [phase_graph] that do not point to any target, or perhaps point to multiple targets.  Maybe you typed an @xml:id value wrong, maybe the target of the @xml:id is nonexistent, or maybe you temporarily removed the target from your source, or maybe an auxiliary file contains a duplicate.  Your output will contain some placeholder text that you will not want to distribute to your readers.
INFO    : *              located within: "sec_period-frequency-and-the-circular-functions_subsubsec_phase" (xml:id), "Phase" (title)
ERROR   : * PTX:ERROR:   a cross-reference ("xref") uses references [DEs_w__params-begin] that do not point to any target, or perhaps point to multiple targets.  Maybe you typed an @xml:id value wrong, maybe the target of the @xml:id is nonexistent, or maybe you temporarily removed the target from your source, or maybe an auxiliary file contains a duplicate.  Your output will contain some placeholder text that you will not want to distribute to your readers.
INFO    : *              located within: "sec_differential-equations-with-periodic-mboxsolutions_subsubsec_the-linear-spring" (xml:id), "The linear spring" (title)
ERROR   : * PTX:ERROR:   a cross-reference ("xref") uses references [DEs_w__params-end] that do not point to any target, or perhaps point to multiple targets.  Maybe you typed an @xml:id value wrong, maybe the target of the @xml:id is nonexistent, or maybe you temporarily removed the target from your source, or maybe an auxiliary file contains a duplicate.  Your output will contain some placeholder text that you will not want to distribute to your readers.
INFO    : *              located within: "sec_differential-equations-with-periodic-mboxsolutions_subsubsec_the-linear-spring" (xml:id), "The linear spring" (title)
ERROR   : * PTX:ERROR:   a cross-reference ("xref") uses references [May_model] that do not point to any target, or perhaps point to multiple targets.  Maybe you typed an @xml:id value wrong, maybe the target of the @xml:id is nonexistent, or maybe you temporarily removed the target from your source, or maybe an auxiliary file contains a duplicate.  Your output will contain some placeholder text that you will not want to distribute to your readers.
INFO    : *              located within: "sec_differential-equations-with-periodic-mboxsolutions_subsec_predator--prey-ecology" (xml:id), "PredatorPrey Ecology" (title)
ERROR   : * PTX:ERROR:   a cross-reference ("xref") uses references [logistic-start] that do not point to any target, or perhaps point to multiple targets.  Maybe you typed an @xml:id value wrong, maybe the target of the @xml:id is nonexistent, or maybe you temporarily removed the target from your source, or maybe an auxiliary file contains a duplicate.  Your output will contain some placeholder text that you will not want to distribute to your readers.
INFO    : *              located within: "sec_differential-equations-with-periodic-mboxsolutions_subsec_predator--prey-ecology" (xml:id), "PredatorPrey Ecology" (title)
ERROR   : * PTX:ERROR:   a cross-reference ("xref") uses references [logistic-finish] that do not point to any target, or perhaps point to multiple targets.  Maybe you typed an @xml:id value wrong, maybe the target of the @xml:id is nonexistent, or maybe you temporarily removed the target from your source, or maybe an auxiliary file contains a duplicate.  Your output will contain some placeholder text that you will not want to distribute to your readers.
INFO    : *              located within: "sec_differential-equations-with-periodic-mboxsolutions_subsec_predator--prey-ecology" (xml:id), "PredatorPrey Ecology" (title)
ERROR   : * PTX:ERROR:   a cross-reference ("xref") uses references [examples] that do not point to any target, or perhaps point to multiple targets.  Maybe you typed an @xml:id value wrong, maybe the target of the @xml:id is nonexistent, or maybe you temporarily removed the target from your source, or maybe an auxiliary file contains a duplicate.  Your output will contain some placeholder text that you will not want to distribute to your readers.
INFO    : *              located within: "sec_differential-equations-with-periodic-mboxsolutions_subsubsec_linear-springs" (xml:id), "Linear springs" (title)
ERROR   : * PTX:ERROR:   a cross-reference ("xref") uses references [firstint] that do not point to any target, or perhaps point to multiple targets.  Maybe you typed an @xml:id value wrong, maybe the target of the @xml:id is nonexistent, or maybe you temporarily removed the target from your source, or maybe an auxiliary file contains a duplicate.  Your output will contain some placeholder text that you will not want to distribute to your readers.
INFO    : *              located within: "sec_differential-equations-with-periodic-mboxsolutions_spring_energy" (xml:id)
ERROR   : * PTX:ERROR:   a cross-reference ("xref") uses references [pend] that do not point to any target, or perhaps point to multiple targets.  Maybe you typed an @xml:id value wrong, maybe the target of the @xml:id is nonexistent, or maybe you temporarily removed the target from your source, or maybe an auxiliary file contains a duplicate.  Your output will contain some placeholder text that you will not want to distribute to your readers.
INFO    : *              located within: "sec_differential-equations-with-periodic-mboxsolutions_subsubsec_the-pendulum" (xml:id), "The pendulum" (title)
ERROR   : * PTX:ERROR:   a cross-reference ("xref") uses references [May] that do not point to any target, or perhaps point to multiple targets.  Maybe you typed an @xml:id value wrong, maybe the target of the @xml:id is nonexistent, or maybe you temporarily removed the target from your source, or maybe an auxiliary file contains a duplicate.  Your output will contain some placeholder text that you will not want to distribute to your readers.
INFO    : *              located within: "sec_differential-equations-with-periodic-mboxsolutions_subsubsec_predator-prey-ecology" (xml:id), "Predator-prey ecology" (title)
ERROR   : * PTX:ERROR:   a cross-reference ("xref") uses references [equilibrium] that do not point to any target, or perhaps point to multiple targets.  Maybe you typed an @xml:id value wrong, maybe the target of the @xml:id is nonexistent, or maybe you temporarily removed the target from your source, or maybe an auxiliary file contains a duplicate.  Your output will contain some placeholder text that you will not want to distribute to your readers.
INFO    : *              located within: "sec_differential-equations-with-periodic-mboxsolutions_subsubsec_predator-prey-ecology" (xml:id), "Predator-prey ecology" (title)
ERROR   : * PTX:ERROR:   a cross-reference ("xref") uses references [equilibrium] that do not point to any target, or perhaps point to multiple targets.  Maybe you typed an @xml:id value wrong, maybe the target of the @xml:id is nonexistent, or maybe you temporarily removed the target from your source, or maybe an auxiliary file contains a duplicate.  Your output will contain some placeholder text that you will not want to distribute to your readers.
INFO    : *              located within: "sec_differential-equations-with-periodic-mboxsolutions_subsubsec_predator-prey-ecology" (xml:id), "Predator-prey ecology" (title)
ERROR   : * PTX:ERROR:   a cross-reference ("xref") uses references [L-V] that do not point to any target, or perhaps point to multiple targets.  Maybe you typed an @xml:id value wrong, maybe the target of the @xml:id is nonexistent, or maybe you temporarily removed the target from your source, or maybe an auxiliary file contains a duplicate.  Your output will contain some placeholder text that you will not want to distribute to your readers.
INFO    : *              located within: "sec_differential-equations-with-periodic-mboxsolutions_subsubsec_predator-prey-ecology" (xml:id), "Predator-prey ecology" (title)
ERROR   : * PTX:ERROR:   a cross-reference ("xref") uses references [eqpt] that do not point to any target, or perhaps point to multiple targets.  Maybe you typed an @xml:id value wrong, maybe the target of the @xml:id is nonexistent, or maybe you temporarily removed the target from your source, or maybe an auxiliary file contains a duplicate.  Your output will contain some placeholder text that you will not want to distribute to your readers.
INFO    : *              located within: "sec_state-spaces-and-vector-fields_subsec_predator--prey-models" (xml:id), "PredatorPrey Models" (title)
ERROR   : * PTX:ERROR:   a cross-reference ("xref") uses references [x_trajectory_] that do not point to any target, or perhaps point to multiple targets.  Maybe you typed an @xml:id value wrong, maybe the target of the @xml:id is nonexistent, or maybe you temporarily removed the target from your source, or maybe an auxiliary file contains a duplicate.  Your output will contain some placeholder text that you will not want to distribute to your readers.
INFO    : *              located within: "sec_state-spaces-and-vector-fields_subsec_predator--prey-models" (xml:id), "PredatorPrey Models" (title)
ERROR   : * PTX:ERROR:   a cross-reference ("xref") uses references [basin] that do not point to any target, or perhaps point to multiple targets.  Maybe you typed an @xml:id value wrong, maybe the target of the @xml:id is nonexistent, or maybe you temporarily removed the target from your source, or maybe an auxiliary file contains a duplicate.  Your output will contain some placeholder text that you will not want to distribute to your readers.
INFO    : *              located within: "sec_state-spaces-and-vector-fields_subsubsec_equilibrium-points" (xml:id), "Equilibrium Points" (title)
ERROR   : * PTX:ERROR:   a cross-reference ("xref") uses references [sec-repel] that do not point to any target, or perhaps point to multiple targets.  Maybe you typed an @xml:id value wrong, maybe the target of the @xml:id is nonexistent, or maybe you temporarily removed the target from your source, or maybe an auxiliary file contains a duplicate.  Your output will contain some placeholder text that you will not want to distribute to your readers.
INFO    : *              located within: "sec_state-spaces-and-vector-fields_subsubsec_equilibrium-points" (xml:id), "Equilibrium Points" (title)
ERROR   : * PTX:ERROR:   a cross-reference ("xref") uses references [sec-eqs] that do not point to any target, or perhaps point to multiple targets.  Maybe you typed an @xml:id value wrong, maybe the target of the @xml:id is nonexistent, or maybe you temporarily removed the target from your source, or maybe an auxiliary file contains a duplicate.  Your output will contain some placeholder text that you will not want to distribute to your readers.
INFO    : *              located within: "sec_state-spaces-and-vector-fields_subsubsec_equilibrium-points" (xml:id), "Equilibrium Points" (title)
ERROR   : * PTX:ERROR:   a cross-reference ("xref") uses references [x_andmay_] that do not point to any target, or perhaps point to multiple targets.  Maybe you typed an @xml:id value wrong, maybe the target of the @xml:id is nonexistent, or maybe you temporarily removed the target from your source, or maybe an auxiliary file contains a duplicate.  Your output will contain some placeholder text that you will not want to distribute to your readers.
INFO    : *              located within: "sec_state-spaces-and-vector-fields_subsec_a-model-for-the-acquisition-of-immunity" (xml:id), "A Model for the Acquisition of Immunity" (title)
ERROR   : * PTX:ERROR:   a cross-reference ("xref") uses references [x_equilibrium_] that do not point to any target, or perhaps point to multiple targets.  Maybe you typed an @xml:id value wrong, maybe the target of the @xml:id is nonexistent, or maybe you temporarily removed the target from your source, or maybe an auxiliary file contains a duplicate.  Your output will contain some placeholder text that you will not want to distribute to your readers.
INFO    : *              located within: "sec_state-spaces-and-vector-fields_subsubsec_two-species-interactions" (xml:id), "Two-species interactions" (title)
ERROR   : * PTX:ERROR:   a cross-reference ("xref") uses references [x_amprob_] that do not point to any target, or perhaps point to multiple targets.  Maybe you typed an @xml:id value wrong, maybe the target of the @xml:id is nonexistent, or maybe you temporarily removed the target from your source, or maybe an auxiliary file contains a duplicate.  Your output will contain some placeholder text that you will not want to distribute to your readers.
INFO    : *              located within: "sec_state-spaces-and-vector-fields_subsubsec_the-anderson--may-model" (xml:id), "The AndersonMay model" (title)
ERROR   : * PTX:ERROR:   a cross-reference ("xref") uses references [x_basins_] that do not point to any target, or perhaps point to multiple targets.  Maybe you typed an @xml:id value wrong, maybe the target of the @xml:id is nonexistent, or maybe you temporarily removed the target from your source, or maybe an auxiliary file contains a duplicate.  Your output will contain some placeholder text that you will not want to distribute to your readers.
INFO    : *              located within: "sec_local-behavior-of-dynamical-systems_subsec_a-microscopic-view" (xml:id), "A Microscopic View" (title)
ERROR   : * PTX:ERROR:   a cross-reference ("xref") uses references [x_boundary_] that do not point to any target, or perhaps point to multiple targets.  Maybe you typed an @xml:id value wrong, maybe the target of the @xml:id is nonexistent, or maybe you temporarily removed the target from your source, or maybe an auxiliary file contains a duplicate.  Your output will contain some placeholder text that you will not want to distribute to your readers.
INFO    : *              located within: "sec_local-behavior-of-dynamical-systems_subsec_a-microscopic-view" (xml:id), "A Microscopic View" (title)
ERROR   : * PTX:ERROR:   a cross-reference ("xref") uses references [fixedline] that do not point to any target, or perhaps point to multiple targets.  Maybe you typed an @xml:id value wrong, maybe the target of the @xml:id is nonexistent, or maybe you temporarily removed the target from your source, or maybe an auxiliary file contains a duplicate.  Your output will contain some placeholder text that you will not want to distribute to your readers.
INFO    : *              located within: "sec_local-behavior-of-dynamical-systems_subsec_a-microscopic-view" (xml:id), "A Microscopic View" (title)
ERROR   : * PTX:ERROR:   a cross-reference ("xref") uses references [taxonomy] that do not point to any target, or perhaps point to multiple targets.  Maybe you typed an @xml:id value wrong, maybe the target of the @xml:id is nonexistent, or maybe you temporarily removed the target from your source, or maybe an auxiliary file contains a duplicate.  Your output will contain some placeholder text that you will not want to distribute to your readers.
INFO    : *              located within: "sec_local-behavior-of-dynamical-systems_subsec_a-microscopic-view" (xml:id), "A Microscopic View" (title)
ERROR   : * PTX:ERROR:   a cross-reference ("xref") uses references [x_amprob_] that do not point to any target, or perhaps point to multiple targets.  Maybe you typed an @xml:id value wrong, maybe the target of the @xml:id is nonexistent, or maybe you temporarily removed the target from your source, or maybe an auxiliary file contains a duplicate.  Your output will contain some placeholder text that you will not want to distribute to your readers.
INFO    : *              located within: "sec_local-behavior-of-dynamical-systems_subsec_a-microscopic-view" (xml:id), "A Microscopic View" (title)
ERROR   : * PTX:ERROR:   a cross-reference ("xref") uses references [x_amprob_] that do not point to any target, or perhaps point to multiple targets.  Maybe you typed an @xml:id value wrong, maybe the target of the @xml:id is nonexistent, or maybe you temporarily removed the target from your source, or maybe an auxiliary file contains a duplicate.  Your output will contain some placeholder text that you will not want to distribute to your readers.
INFO    : *              located within: "sec_local-behavior-of-dynamical-systems_subsec_a-microscopic-view" (xml:id), "A Microscopic View" (title)
ERROR   : * PTX:ERROR:   a cross-reference ("xref") uses references [paramvals] that do not point to any target, or perhaps point to multiple targets.  Maybe you typed an @xml:id value wrong, maybe the target of the @xml:id is nonexistent, or maybe you temporarily removed the target from your source, or maybe an auxiliary file contains a duplicate.  Your output will contain some placeholder text that you will not want to distribute to your readers.
INFO    : *              located within: "sec_local-behavior-of-dynamical-systems_subsec_exercises" (xml:id), "Exercises" (title)
ERROR   : * PTX:ERROR:   a cross-reference ("xref") uses references [AMay2] that do not point to any target, or perhaps point to multiple targets.  Maybe you typed an @xml:id value wrong, maybe the target of the @xml:id is nonexistent, or maybe you temporarily removed the target from your source, or maybe an auxiliary file contains a duplicate.  Your output will contain some placeholder text that you will not want to distribute to your readers.
INFO    : *              located within: "sec_local-behavior-of-dynamical-systems_subsec_exercises" (xml:id), "Exercises" (title)
ERROR   : * PTX:ERROR:   a cross-reference ("xref") uses references [x_saddle_] that do not point to any target, or perhaps point to multiple targets.  Maybe you typed an @xml:id value wrong, maybe the target of the @xml:id is nonexistent, or maybe you temporarily removed the target from your source, or maybe an auxiliary file contains a duplicate.  Your output will contain some placeholder text that you will not want to distribute to your readers.
INFO    : *              located within: "sec_a-taxonomy-of-equilibrium-points_subsec_straight-line-trajectories" (xml:id), "Straight-Line Trajectories" (title)
ERROR   : * PTX:ERROR:   a cross-reference ("xref") uses references [x_boundary_] that do not point to any target, or perhaps point to multiple targets.  Maybe you typed an @xml:id value wrong, maybe the target of the @xml:id is nonexistent, or maybe you temporarily removed the target from your source, or maybe an auxiliary file contains a duplicate.  Your output will contain some placeholder text that you will not want to distribute to your readers.
INFO    : *              located within: "sec_a-taxonomy-of-equilibrium-points_subsec_exercises" (xml:id), "Exercises" (title)
ERROR   : * PTX:ERROR:   a cross-reference ("xref") uses references [x_basins_] that do not point to any target, or perhaps point to multiple targets.  Maybe you typed an @xml:id value wrong, maybe the target of the @xml:id is nonexistent, or maybe you temporarily removed the target from your source, or maybe an auxiliary file contains a duplicate.  Your output will contain some placeholder text that you will not want to distribute to your readers.
INFO    : *              located within: "sec_a-taxonomy-of-equilibrium-points_subsec_exercises" (xml:id), "Exercises" (title)
ERROR   : * PTX:ERROR:   a cross-reference ("xref") uses references [timegraph] that do not point to any target, or perhaps point to multiple targets.  Maybe you typed an @xml:id value wrong, maybe the target of the @xml:id is nonexistent, or maybe you temporarily removed the target from your source, or maybe an auxiliary file contains a duplicate.  Your output will contain some placeholder text that you will not want to distribute to your readers.
INFO    : *              located within: "sec_graphs-and-level-sets_sec_graphs-and-level-sets" (xml:id), "Graphs and Level Sets" (title)
ERROR   : * PTX:ERROR:   a cross-reference ("xref") uses references [depthgraph] that do not point to any target, or perhaps point to multiple targets.  Maybe you typed an @xml:id value wrong, maybe the target of the @xml:id is nonexistent, or maybe you temporarily removed the target from your source, or maybe an auxiliary file contains a duplicate.  Your output will contain some placeholder text that you will not want to distribute to your readers.
INFO    : *              located within: "sec_graphs-and-level-sets_sec_graphs-and-level-sets" (xml:id), "Graphs and Level Sets" (title)
ERROR   : * PTX:ERROR:   a cross-reference ("xref") uses references [saddle] that do not point to any target, or perhaps point to multiple targets.  Maybe you typed an @xml:id value wrong, maybe the target of the @xml:id is nonexistent, or maybe you temporarily removed the target from your source, or maybe an auxiliary file contains a duplicate.  Your output will contain some placeholder text that you will not want to distribute to your readers.
INFO    : *              located within: "sec_graphs-and-level-sets_subsec_from-graphs-to-levels" (xml:id), "From Graphs to Levels" (title)
ERROR   : * PTX:ERROR:   a cross-reference ("xref") uses references [density] that do not point to any target, or perhaps point to multiple targets.  Maybe you typed an @xml:id value wrong, maybe the target of the @xml:id is nonexistent, or maybe you temporarily removed the target from your source, or maybe an auxiliary file contains a duplicate.  Your output will contain some placeholder text that you will not want to distribute to your readers.
INFO    : *              located within: "sec_graphs-and-level-sets_subsec_from-graphs-to-levels" (xml:id), "From Graphs to Levels" (title)
ERROR   : * PTX:ERROR:   a cross-reference ("xref") uses references [saddle] that do not point to any target, or perhaps point to multiple targets.  Maybe you typed an @xml:id value wrong, maybe the target of the @xml:id is nonexistent, or maybe you temporarily removed the target from your source, or maybe an auxiliary file contains a duplicate.  Your output will contain some placeholder text that you will not want to distribute to your readers.
INFO    : *              located within: "sec_graphs-and-level-sets_subsec_from-graphs-to-levels" (xml:id), "From Graphs to Levels" (title)
ERROR   : * PTX:ERROR:   a cross-reference ("xref") uses references [pend-begin] that do not point to any target, or perhaps point to multiple targets.  Maybe you typed an @xml:id value wrong, maybe the target of the @xml:id is nonexistent, or maybe you temporarily removed the target from your source, or maybe an auxiliary file contains a duplicate.  Your output will contain some placeholder text that you will not want to distribute to your readers.
INFO    : *              located within: "sec_graphs-and-level-sets_subsec_from-graphs-to-levels" (xml:id), "From Graphs to Levels" (title)
ERROR   : * PTX:ERROR:   a cross-reference ("xref") uses references [pend-end] that do not point to any target, or perhaps point to multiple targets.  Maybe you typed an @xml:id value wrong, maybe the target of the @xml:id is nonexistent, or maybe you temporarily removed the target from your source, or maybe an auxiliary file contains a duplicate.  Your output will contain some placeholder text that you will not want to distribute to your readers.
INFO    : *              located within: "sec_graphs-and-level-sets_subsec_from-graphs-to-levels" (xml:id), "From Graphs to Levels" (title)
ERROR   : * PTX:ERROR:   a cross-reference ("xref") uses references [saddle] that do not point to any target, or perhaps point to multiple targets.  Maybe you typed an @xml:id value wrong, maybe the target of the @xml:id is nonexistent, or maybe you temporarily removed the target from your source, or maybe an auxiliary file contains a duplicate.  Your output will contain some placeholder text that you will not want to distribute to your readers.
INFO    : *              located within: "sec_graphs-and-level-sets_subsec_contours-of-a-function-of-three-variables" (xml:id), "Contours of a Function of Three Variables" (title)
ERROR   : * PTX:ERROR:   a cross-reference ("xref") uses references [spring_energy] that do not point to any target, or perhaps point to multiple targets.  Maybe you typed an @xml:id value wrong, maybe the target of the @xml:id is nonexistent, or maybe you temporarily removed the target from your source, or maybe an auxiliary file contains a duplicate.  Your output will contain some placeholder text that you will not want to distribute to your readers.
INFO    : *              located within: "sec_graphs-and-level-sets_subsubsec_first-integrals" (xml:id), "First integrals" (title)
ERROR   : * PTX:ERROR:   a cross-reference ("xref") uses references [ln_first_int] that do not point to any target, or perhaps point to multiple targets.  Maybe you typed an @xml:id value wrong, maybe the target of the @xml:id is nonexistent, or maybe you temporarily removed the target from your source, or maybe an auxiliary file contains a duplicate.  Your output will contain some placeholder text that you will not want to distribute to your readers.
INFO    : *              located within: "sec_graphs-and-level-sets_subsubsec_first-integrals" (xml:id), "First integrals" (title)
ERROR   : * PTX:ERROR:   a cross-reference ("xref") uses references [L-V_first_int] that do not point to any target, or perhaps point to multiple targets.  Maybe you typed an @xml:id value wrong, maybe the target of the @xml:id is nonexistent, or maybe you temporarily removed the target from your source, or maybe an auxiliary file contains a duplicate.  Your output will contain some placeholder text that you will not want to distribute to your readers.
INFO    : *              located within: "sec_graphs-and-level-sets_subsubsec_first-integrals" (xml:id), "First integrals" (title)
ERROR   : * PTX:ERROR:   a cross-reference ("xref") uses references [altdef] that do not point to any target, or perhaps point to multiple targets.  Maybe you typed an @xml:id value wrong, maybe the target of the @xml:id is nonexistent, or maybe you temporarily removed the target from your source, or maybe an auxiliary file contains a duplicate.  Your output will contain some placeholder text that you will not want to distribute to your readers.
INFO    : *              located within: "sec_local-linearity_subsec_the-gradient-of-a-linear-function" (xml:id), "The Gradient of a Linear Function" (title)
ERROR   : * PTX:ERROR:   a cross-reference ("xref") uses references [contourslope] that do not point to any target, or perhaps point to multiple targets.  Maybe you typed an @xml:id value wrong, maybe the target of the @xml:id is nonexistent, or maybe you temporarily removed the target from your source, or maybe an auxiliary file contains a duplicate.  Your output will contain some placeholder text that you will not want to distribute to your readers.
INFO    : *              located within: "sec_local-linearity_subsec_the-gradient-of-a-linear-function" (xml:id), "The Gradient of a Linear Function" (title)
ERROR   : * PTX:ERROR:   a cross-reference ("xref") uses references [cusp-begin] that do not point to any target, or perhaps point to multiple targets.  Maybe you typed an @xml:id value wrong, maybe the target of the @xml:id is nonexistent, or maybe you temporarily removed the target from your source, or maybe an auxiliary file contains a duplicate.  Your output will contain some placeholder text that you will not want to distribute to your readers.
INFO    : *              located within: "sec_local-linearity_subsubsec_local-linearity" (xml:id), "Local linearity" (title)
ERROR   : * PTX:ERROR:   a cross-reference ("xref") uses references [cusp-end] that do not point to any target, or perhaps point to multiple targets.  Maybe you typed an @xml:id value wrong, maybe the target of the @xml:id is nonexistent, or maybe you temporarily removed the target from your source, or maybe an auxiliary file contains a duplicate.  Your output will contain some placeholder text that you will not want to distribute to your readers.
INFO    : *              located within: "sec_local-linearity_subsubsec_local-linearity" (xml:id), "Local linearity" (title)
ERROR   : * PTX:ERROR:   a cross-reference ("xref") uses references [altdef] that do not point to any target, or perhaps point to multiple targets.  Maybe you typed an @xml:id value wrong, maybe the target of the @xml:id is nonexistent, or maybe you temporarily removed the target from your source, or maybe an auxiliary file contains a duplicate.  Your output will contain some placeholder text that you will not want to distribute to your readers.
INFO    : *              located within: "sec_local-linearity_subsubsec_the-microscope-equation-with-two-input-variables" (xml:id), "The microscope equation with two input variables" (title)
ERROR   : * PTX:ERROR:   a cross-reference ("xref") uses references [grad] that do not point to any target, or perhaps point to multiple targets.  Maybe you typed an @xml:id value wrong, maybe the target of the @xml:id is nonexistent, or maybe you temporarily removed the target from your source, or maybe an auxiliary file contains a duplicate.  Your output will contain some placeholder text that you will not want to distribute to your readers.
INFO    : *              located within: "sec_local-linearity_subsec_the-gradient" (xml:id), "The Gradient" (title)
ERROR   : * PTX:ERROR:   a cross-reference ("xref") uses references [gradtheorem] that do not point to any target, or perhaps point to multiple targets.  Maybe you typed an @xml:id value wrong, maybe the target of the @xml:id is nonexistent, or maybe you temporarily removed the target from your source, or maybe an auxiliary file contains a duplicate.  Your output will contain some placeholder text that you will not want to distribute to your readers.
INFO    : *              located within: "sec_local-linearity_subsec_the-gradient" (xml:id), "The Gradient" (title)
ERROR   : * PTX:ERROR:   a cross-reference ("xref") uses references [plots1] that do not point to any target, or perhaps point to multiple targets.  Maybe you typed an @xml:id value wrong, maybe the target of the @xml:id is nonexistent, or maybe you temporarily removed the target from your source, or maybe an auxiliary file contains a duplicate.  Your output will contain some placeholder text that you will not want to distribute to your readers.
INFO    : *              located within: "sec_local-linearity_subsec_exercises" (xml:id), "Exercises" (title)
ERROR   : * PTX:ERROR:   a cross-reference ("xref") uses references [trade_off] that do not point to any target, or perhaps point to multiple targets.  Maybe you typed an @xml:id value wrong, maybe the target of the @xml:id is nonexistent, or maybe you temporarily removed the target from your source, or maybe an auxiliary file contains a duplicate.  Your output will contain some placeholder text that you will not want to distribute to your readers.
INFO    : *              located within: "sec_local-linearity_subsubsec_linear-functions" (xml:id), "Linear functions" (title)
ERROR   : * PTX:ERROR:   a cross-reference ("xref") uses references [L-V_bounded_growth-begin] that do not point to any target, or perhaps point to multiple targets.  Maybe you typed an @xml:id value wrong, maybe the target of the @xml:id is nonexistent, or maybe you temporarily removed the target from your source, or maybe an auxiliary file contains a duplicate.  Your output will contain some placeholder text that you will not want to distribute to your readers.
INFO    : *              located within: "sec_local-linearity_subsubsec_linear-approximations" (xml:id), "Linear approximations" (title)
ERROR   : * PTX:ERROR:   a cross-reference ("xref") uses references [L-V_bounded_growth-end] that do not point to any target, or perhaps point to multiple targets.  Maybe you typed an @xml:id value wrong, maybe the target of the @xml:id is nonexistent, or maybe you temporarily removed the target from your source, or maybe an auxiliary file contains a duplicate.  Your output will contain some placeholder text that you will not want to distribute to your readers.
INFO    : *              located within: "sec_local-linearity_subsubsec_linear-approximations" (xml:id), "Linear approximations" (title)
ERROR   : * PTX:ERROR:   a cross-reference ("xref") uses references [quartic] that do not point to any target, or perhaps point to multiple targets.  Maybe you typed an @xml:id value wrong, maybe the target of the @xml:id is nonexistent, or maybe you temporarily removed the target from your source, or maybe an auxiliary file contains a duplicate.  Your output will contain some placeholder text that you will not want to distribute to your readers.
INFO    : *              located within: "sec_local-linearity_subsubsec_the-gradient-field" (xml:id), "The gradient field" (title)
ERROR   : * PTX:ERROR:   a cross-reference ("xref") uses references [optimum1] that do not point to any target, or perhaps point to multiple targets.  Maybe you typed an @xml:id value wrong, maybe the target of the @xml:id is nonexistent, or maybe you temporarily removed the target from your source, or maybe an auxiliary file contains a duplicate.  Your output will contain some placeholder text that you will not want to distribute to your readers.
INFO    : *              located within: "sec_optimization_density1" (xml:id), "Density plots" (title)
ERROR   : * PTX:ERROR:   a cross-reference ("xref") uses references [standard_min_max-begin] that do not point to any target, or perhaps point to multiple targets.  Maybe you typed an @xml:id value wrong, maybe the target of the @xml:id is nonexistent, or maybe you temporarily removed the target from your source, or maybe an auxiliary file contains a duplicate.  Your output will contain some placeholder text that you will not want to distribute to your readers.
INFO    : *              located within: "sec_optimization_subsubsec_contour-plots" (xml:id), "Contour plots" (title)
ERROR   : * PTX:ERROR:   a cross-reference ("xref") uses references [standard_min_max-end] that do not point to any target, or perhaps point to multiple targets.  Maybe you typed an @xml:id value wrong, maybe the target of the @xml:id is nonexistent, or maybe you temporarily removed the target from your source, or maybe an auxiliary file contains a duplicate.  Your output will contain some placeholder text that you will not want to distribute to your readers.
INFO    : *              located within: "sec_optimization_subsubsec_contour-plots" (xml:id), "Contour plots" (title)
ERROR   : * PTX:ERROR:   a cross-reference ("xref") uses references [gradtheorem2] that do not point to any target, or perhaps point to multiple targets.  Maybe you typed an @xml:id value wrong, maybe the target of the @xml:id is nonexistent, or maybe you temporarily removed the target from your source, or maybe an auxiliary file contains a duplicate.  Your output will contain some placeholder text that you will not want to distribute to your readers.
INFO    : *              located within: "sec_optimization_subsec_extremes-and-critical-points" (xml:id), "Extremes and Critical Points" (title)
ERROR   : * PTX:ERROR:   a cross-reference ("xref") uses references [max] that do not point to any target, or perhaps point to multiple targets.  Maybe you typed an @xml:id value wrong, maybe the target of the @xml:id is nonexistent, or maybe you temporarily removed the target from your source, or maybe an auxiliary file contains a duplicate.  Your output will contain some placeholder text that you will not want to distribute to your readers.
INFO    : *              located within: "sec_optimization_subsec_extremes-and-critical-points" (xml:id), "Extremes and Critical Points" (title)
ERROR   : * PTX:ERROR:   a cross-reference ("xref") uses references [gradtheorem2] that do not point to any target, or perhaps point to multiple targets.  Maybe you typed an @xml:id value wrong, maybe the target of the @xml:id is nonexistent, or maybe you temporarily removed the target from your source, or maybe an auxiliary file contains a duplicate.  Your output will contain some placeholder text that you will not want to distribute to your readers.
INFO    : *              located within: "sec_optimization_subsec_the-method-of-steepest-ascent" (xml:id), "The Method of Steepest Ascent" (title)
ERROR   : * PTX:ERROR:   a cross-reference ("xref") uses references [constraint] that do not point to any target, or perhaps point to multiple targets.  Maybe you typed an @xml:id value wrong, maybe the target of the @xml:id is nonexistent, or maybe you temporarily removed the target from your source, or maybe an auxiliary file contains a duplicate.  Your output will contain some placeholder text that you will not want to distribute to your readers.
INFO    : *              located within: "sec_optimization_subsec_lagrange-multipliers" (xml:id), "Lagrange Multipliers" (title)
ERROR   : * PTX:ERROR:   a cross-reference ("xref") uses references [distribstart] that do not point to any target, or perhaps point to multiple targets.  Maybe you typed an @xml:id value wrong, maybe the target of the @xml:id is nonexistent, or maybe you temporarily removed the target from your source, or maybe an auxiliary file contains a duplicate.  Your output will contain some placeholder text that you will not want to distribute to your readers.
INFO    : *              located within: "sec_optimization_subsubsec_the-distribution-problem" (xml:id), "The distribution problem" (title)
ERROR   : * PTX:ERROR:   a cross-reference ("xref") uses references [distribend] that do not point to any target, or perhaps point to multiple targets.  Maybe you typed an @xml:id value wrong, maybe the target of the @xml:id is nonexistent, or maybe you temporarily removed the target from your source, or maybe an auxiliary file contains a duplicate.  Your output will contain some placeholder text that you will not want to distribute to your readers.
INFO    : *              located within: "sec_optimization_subsubsec_the-distribution-problem" (xml:id), "The distribution problem" (title)
ERROR   : * PTX:ERROR:   a cross-reference ("xref") uses references [sin3] that do not point to any target, or perhaps point to multiple targets.  Maybe you typed an @xml:id value wrong, maybe the target of the @xml:id is nonexistent, or maybe you temporarily removed the target from your source, or maybe an auxiliary file contains a duplicate.  Your output will contain some placeholder text that you will not want to distribute to your readers.
INFO    : *              located within: "sec_taylor-polynomials_subsec_taylors-theorem" (xml:id), "Taylor's theorem" (title)
ERROR   : * PTX:ERROR:   a cross-reference ("xref") uses references [order] that do not point to any target, or perhaps point to multiple targets.  Maybe you typed an @xml:id value wrong, maybe the target of the @xml:id is nonexistent, or maybe you temporarily removed the target from your source, or maybe an auxiliary file contains a duplicate.  Your output will contain some placeholder text that you will not want to distribute to your readers.
INFO    : *              located within: "sec_taylor-polynomials_subsec_taylors-theorem" (xml:id), "Taylor's theorem" (title)
ERROR   : * PTX:ERROR:   a cross-reference ("xref") uses references [startsine] that do not point to any target, or perhaps point to multiple targets.  Maybe you typed an @xml:id value wrong, maybe the target of the @xml:id is nonexistent, or maybe you temporarily removed the target from your source, or maybe an auxiliary file contains a duplicate.  Your output will contain some placeholder text that you will not want to distribute to your readers.
INFO    : *              located within: "sec_taylor-polynomials_subsec_exercises" (xml:id), "Exercises" (title)
ERROR   : * PTX:ERROR:   a cross-reference ("xref") uses references [endsine] that do not point to any target, or perhaps point to multiple targets.  Maybe you typed an @xml:id value wrong, maybe the target of the @xml:id is nonexistent, or maybe you temporarily removed the target from your source, or maybe an auxiliary file contains a duplicate.  Your output will contain some placeholder text that you will not want to distribute to your readers.
INFO    : *              located within: "sec_taylor-polynomials_subsec_exercises" (xml:id), "Exercises" (title)
ERROR   : * PTX:ERROR:   a cross-reference ("xref") uses references [log] that do not point to any target, or perhaps point to multiple targets.  Maybe you typed an @xml:id value wrong, maybe the target of the @xml:id is nonexistent, or maybe you temporarily removed the target from your source, or maybe an auxiliary file contains a duplicate.  Your output will contain some placeholder text that you will not want to distribute to your readers.
INFO    : *              located within: "sec_antiderivatives_subsec_definition" (xml:id), "Definition" (title)
ERROR   : * PTX:ERROR:   a cross-reference ("xref") uses references [lnder] that do not point to any target, or perhaps point to multiple targets.  Maybe you typed an @xml:id value wrong, maybe the target of the @xml:id is nonexistent, or maybe you temporarily removed the target from your source, or maybe an auxiliary file contains a duplicate.  Your output will contain some placeholder text that you will not want to distribute to your readers.
INFO    : *              located within: "sec_antiderivatives_subsec_definition" (xml:id), "Definition" (title)
ERROR   : * PTX:ERROR:   a cross-reference ("xref") uses references [tander] that do not point to any target, or perhaps point to multiple targets.  Maybe you typed an @xml:id value wrong, maybe the target of the @xml:id is nonexistent, or maybe you temporarily removed the target from your source, or maybe an auxiliary file contains a duplicate.  Your output will contain some placeholder text that you will not want to distribute to your readers.
INFO    : *              located within: "sec_antiderivatives_subsec_definition" (xml:id), "Definition" (title)
ERROR   : * PTX:ERROR:   a cross-reference ("xref") uses references [arcsin_deriv] that do not point to any target, or perhaps point to multiple targets.  Maybe you typed an @xml:id value wrong, maybe the target of the @xml:id is nonexistent, or maybe you temporarily removed the target from your source, or maybe an auxiliary file contains a duplicate.  Your output will contain some placeholder text that you will not want to distribute to your readers.
INFO    : *              located within: "sec_antiderivatives_subsubsec_inverse-trigonometric-functions" (xml:id), "Inverse trigonometric functions" (title)
ERROR   : * PTX:ERROR:   a cross-reference ("xref") uses references [arcsin_deriv] that do not point to any target, or perhaps point to multiple targets.  Maybe you typed an @xml:id value wrong, maybe the target of the @xml:id is nonexistent, or maybe you temporarily removed the target from your source, or maybe an auxiliary file contains a duplicate.  Your output will contain some placeholder text that you will not want to distribute to your readers.
INFO    : *              located within: "sec_antiderivatives_subsubsec_inverse-trigonometric-functions" (xml:id), "Inverse trigonometric functions" (title)
ERROR   : * PTX:ERROR:   a cross-reference ("xref") uses references [fund_th-antider] that do not point to any target, or perhaps point to multiple targets.  Maybe you typed an @xml:id value wrong, maybe the target of the @xml:id is nonexistent, or maybe you temporarily removed the target from your source, or maybe an auxiliary file contains a duplicate.  Your output will contain some placeholder text that you will not want to distribute to your readers.
INFO    : *              located within: "sec_antiderivatives_subsec_using-antiderivatives" (xml:id), "Using Antiderivatives" (title)
ERROR   : * PTX:ERROR:   a cross-reference ("xref") uses references [picture2] that do not point to any target, or perhaps point to multiple targets.  Maybe you typed an @xml:id value wrong, maybe the target of the @xml:id is nonexistent, or maybe you temporarily removed the target from your source, or maybe an auxiliary file contains a duplicate.  Your output will contain some placeholder text that you will not want to distribute to your readers.
INFO    : *              located within: "sec_antiderivatives_subsec_exercises" (xml:id), "Exercises" (title)
ERROR   : * PTX:ERROR:   a cross-reference ("xref") uses references [picture] that do not point to any target, or perhaps point to multiple targets.  Maybe you typed an @xml:id value wrong, maybe the target of the @xml:id is nonexistent, or maybe you temporarily removed the target from your source, or maybe an auxiliary file contains a duplicate.  Your output will contain some placeholder text that you will not want to distribute to your readers.
INFO    : *              located within: "sec_antiderivatives_subsec_exercises" (xml:id), "Exercises" (title)
ERROR   : * PTX:ERROR:   a cross-reference ("xref") uses references [table] that do not point to any target, or perhaps point to multiple targets.  Maybe you typed an @xml:id value wrong, maybe the target of the @xml:id is nonexistent, or maybe you temporarily removed the target from your source, or maybe an auxiliary file contains a duplicate.  Your output will contain some placeholder text that you will not want to distribute to your readers.
INFO    : *              located within: "sec_antiderivatives_subsec_exercises" (xml:id), "Exercises" (title)
ERROR   : * PTX:ERROR:   a cross-reference ("xref") uses references [tangent] that do not point to any target, or perhaps point to multiple targets.  Maybe you typed an @xml:id value wrong, maybe the target of the @xml:id is nonexistent, or maybe you temporarily removed the target from your source, or maybe an auxiliary file contains a duplicate.  Your output will contain some placeholder text that you will not want to distribute to your readers.
INFO    : *              located within: "sec_antiderivatives_subsec_exercises" (xml:id), "Exercises" (title)
ERROR   : * PTX:ERROR:   a cross-reference ("xref") uses references [table] that do not point to any target, or perhaps point to multiple targets.  Maybe you typed an @xml:id value wrong, maybe the target of the @xml:id is nonexistent, or maybe you temporarily removed the target from your source, or maybe an auxiliary file contains a duplicate.  Your output will contain some placeholder text that you will not want to distribute to your readers.
INFO    : *              located within: "sec_antiderivatives_subsec_exercises" (xml:id), "Exercises" (title)
ERROR   : * PTX:ERROR:   a cross-reference ("xref") uses references [average-begin] that do not point to any target, or perhaps point to multiple targets.  Maybe you typed an @xml:id value wrong, maybe the target of the @xml:id is nonexistent, or maybe you temporarily removed the target from your source, or maybe an auxiliary file contains a duplicate.  Your output will contain some placeholder text that you will not want to distribute to your readers.
INFO    : *              located within: "sec_antiderivatives_subsec_exercises" (xml:id), "Exercises" (title)
ERROR   : * PTX:ERROR:   a cross-reference ("xref") uses references [average-end] that do not point to any target, or perhaps point to multiple targets.  Maybe you typed an @xml:id value wrong, maybe the target of the @xml:id is nonexistent, or maybe you temporarily removed the target from your source, or maybe an auxiliary file contains a duplicate.  Your output will contain some placeholder text that you will not want to distribute to your readers.
INFO    : *              located within: "sec_antiderivatives_subsec_exercises" (xml:id), "Exercises" (title)
ERROR   : * PTX:ERROR:   a cross-reference ("xref") uses references [subrule] that do not point to any target, or perhaps point to multiple targets.  Maybe you typed an @xml:id value wrong, maybe the target of the @xml:id is nonexistent, or maybe you temporarily removed the target from your source, or maybe an auxiliary file contains a duplicate.  Your output will contain some placeholder text that you will not want to distribute to your readers.
INFO    : *              located within: "sec_integration-by-substitution_subsec_substitution-in-definite-integrals" (xml:id), "Substitution in Definite Integrals" (title)
ERROR   : * PTX:ERROR:   a cross-reference ("xref") uses references [defint] that do not point to any target, or perhaps point to multiple targets.  Maybe you typed an @xml:id value wrong, maybe the target of the @xml:id is nonexistent, or maybe you temporarily removed the target from your source, or maybe an auxiliary file contains a duplicate.  Your output will contain some placeholder text that you will not want to distribute to your readers.
INFO    : *              located within: "sec_integration-by-substitution_subsec_exercises" (xml:id), "Exercises" (title)
ERROR   : * PTX:ERROR:   a cross-reference ("xref") uses references [x_trig_] that do not point to any target, or perhaps point to multiple targets.  Maybe you typed an @xml:id value wrong, maybe the target of the @xml:id is nonexistent, or maybe you temporarily removed the target from your source, or maybe an auxiliary file contains a duplicate.  Your output will contain some placeholder text that you will not want to distribute to your readers.
INFO    : *              located within: "sec_integration-by-parts_subsubsec_sine-and-cosine-integrals" (xml:id), "Sine and cosine integrals" (title)
ERROR   : * PTX:ERROR:   a cross-reference ("xref") uses references [table] that do not point to any target, or perhaps point to multiple targets.  Maybe you typed an @xml:id value wrong, maybe the target of the @xml:id is nonexistent, or maybe you temporarily removed the target from your source, or maybe an auxiliary file contains a duplicate.  Your output will contain some placeholder text that you will not want to distribute to your readers.
INFO    : *              located within: "sec_separation-of-variables-and-partial-fractions_subsec_the-differential-equation-y-y" (xml:id), "The Differential Equation y' = y" (title)
ERROR   : * PTX:ERROR:   a cross-reference ("xref") uses references [differentials] that do not point to any target, or perhaps point to multiple targets.  Maybe you typed an @xml:id value wrong, maybe the target of the @xml:id is nonexistent, or maybe you temporarily removed the target from your source, or maybe an auxiliary file contains a duplicate.  Your output will contain some placeholder text that you will not want to distribute to your readers.
INFO    : *              located within: "sec_separation-of-variables-and-partial-fractions_subsubsec_indefinite-integrals" (xml:id), "Indefinite integrals" (title)
ERROR   : * PTX:ERROR:   a cross-reference ("xref") uses references [supergrowth_soln] that do not point to any target, or perhaps point to multiple targets.  Maybe you typed an @xml:id value wrong, maybe the target of the @xml:id is nonexistent, or maybe you temporarily removed the target from your source, or maybe an auxiliary file contains a duplicate.  Your output will contain some placeholder text that you will not want to distribute to your readers.
INFO    : *              located within: "sec_separation-of-variables-and-partial-fractions_subsubsec_supergrowth" (xml:id), "Supergrowth" (title)
ERROR   : * PTX:ERROR:   a cross-reference ("xref") uses references [table] that do not point to any target, or perhaps point to multiple targets.  Maybe you typed an @xml:id value wrong, maybe the target of the @xml:id is nonexistent, or maybe you temporarily removed the target from your source, or maybe an auxiliary file contains a duplicate.  Your output will contain some placeholder text that you will not want to distribute to your readers.
INFO    : *              located within: "sec_separation-of-variables-and-partial-fractions_subsubsec_logistic-growth" (xml:id), "Logistic growth" (title)
ERROR   : * PTX:ERROR:   a cross-reference ("xref") uses references [leaking_tank-begin] that do not point to any target, or perhaps point to multiple targets.  Maybe you typed an @xml:id value wrong, maybe the target of the @xml:id is nonexistent, or maybe you temporarily removed the target from your source, or maybe an auxiliary file contains a duplicate.  Your output will contain some placeholder text that you will not want to distribute to your readers.
INFO    : *              located within: "sec_separation-of-variables-and-partial-fractions_subsubsec_separation-of-variables" (xml:id), "Separation of variables" (title)
ERROR   : * PTX:ERROR:   a cross-reference ("xref") uses references [fall_w_air-begin] that do not point to any target, or perhaps point to multiple targets.  Maybe you typed an @xml:id value wrong, maybe the target of the @xml:id is nonexistent, or maybe you temporarily removed the target from your source, or maybe an auxiliary file contains a duplicate.  Your output will contain some placeholder text that you will not want to distribute to your readers.
INFO    : *              located within: "sec_separation-of-variables-and-partial-fractions_subsubsec_separation-of-variables" (xml:id), "Separation of variables" (title)
ERROR   : * PTX:ERROR:   a cross-reference ("xref") uses references [fall_w_air-end] that do not point to any target, or perhaps point to multiple targets.  Maybe you typed an @xml:id value wrong, maybe the target of the @xml:id is nonexistent, or maybe you temporarily removed the target from your source, or maybe an auxiliary file contains a duplicate.  Your output will contain some placeholder text that you will not want to distribute to your readers.
INFO    : *              located within: "sec_separation-of-variables-and-partial-fractions_subsubsec_separation-of-variables" (xml:id), "Separation of variables" (title)
ERROR   : * PTX:ERROR:   a cross-reference ("xref") uses references [ex_falling_body1] that do not point to any target, or perhaps point to multiple targets.  Maybe you typed an @xml:id value wrong, maybe the target of the @xml:id is nonexistent, or maybe you temporarily removed the target from your source, or maybe an auxiliary file contains a duplicate.  Your output will contain some placeholder text that you will not want to distribute to your readers.
INFO    : *              located within: "sec_separation-of-variables-and-partial-fractions_subsubsec_separation-of-variables" (xml:id), "Separation of variables" (title)
ERROR   : * PTX:ERROR:   a cross-reference ("xref") uses references [supergrowth_errors-begin] that do not point to any target, or perhaps point to multiple targets.  Maybe you typed an @xml:id value wrong, maybe the target of the @xml:id is nonexistent, or maybe you temporarily removed the target from your source, or maybe an auxiliary file contains a duplicate.  Your output will contain some placeholder text that you will not want to distribute to your readers.
INFO    : *              located within: "sec_separation-of-variables-and-partial-fractions_subsubsec_separation-of-variables" (xml:id), "Separation of variables" (title)
ERROR   : * PTX:ERROR:   a cross-reference ("xref") uses references [supergrowth_errors-end] that do not point to any target, or perhaps point to multiple targets.  Maybe you typed an @xml:id value wrong, maybe the target of the @xml:id is nonexistent, or maybe you temporarily removed the target from your source, or maybe an auxiliary file contains a duplicate.  Your output will contain some placeholder text that you will not want to distribute to your readers.
INFO    : *              located within: "sec_separation-of-variables-and-partial-fractions_subsubsec_separation-of-variables" (xml:id), "Separation of variables" (title)
ERROR   : * PTX:ERROR:   a cross-reference ("xref") uses references [ferment-begin] that do not point to any target, or perhaps point to multiple targets.  Maybe you typed an @xml:id value wrong, maybe the target of the @xml:id is nonexistent, or maybe you temporarily removed the target from your source, or maybe an auxiliary file contains a duplicate.  Your output will contain some placeholder text that you will not want to distribute to your readers.
INFO    : *              located within: "sec_separation-of-variables-and-partial-fractions_subsubsec_partial-fractions" (xml:id), "Partial fractions" (title)
ERROR   : * PTX:ERROR:   a cross-reference ("xref") uses references [ferment-end] that do not point to any target, or perhaps point to multiple targets.  Maybe you typed an @xml:id value wrong, maybe the target of the @xml:id is nonexistent, or maybe you temporarily removed the target from your source, or maybe an auxiliary file contains a duplicate.  Your output will contain some placeholder text that you will not want to distribute to your readers.
INFO    : *              located within: "sec_separation-of-variables-and-partial-fractions_subsubsec_partial-fractions" (xml:id), "Partial fractions" (title)
ERROR   : * PTX:ERROR:   a cross-reference ("xref") uses references [defint] that do not point to any target, or perhaps point to multiple targets.  Maybe you typed an @xml:id value wrong, maybe the target of the @xml:id is nonexistent, or maybe you temporarily removed the target from your source, or maybe an auxiliary file contains a duplicate.  Your output will contain some placeholder text that you will not want to distribute to your readers.
INFO    : *              located within: "sec_trigonometric-integrals_subsec_inverse-substitution-and-definite-integrals" (xml:id), "Inverse Substitution and Definite Integrals" (title)
ERROR   : * PTX:ERROR:   a cross-reference ("xref") uses references [trick] that do not point to any target, or perhaps point to multiple targets.  Maybe you typed an @xml:id value wrong, maybe the target of the @xml:id is nonexistent, or maybe you temporarily removed the target from your source, or maybe an auxiliary file contains a duplicate.  Your output will contain some placeholder text that you will not want to distribute to your readers.
INFO    : *              located within: "sec_trigonometric-integrals_subsubsec_category-i-either-boldmath-mgeq-0-or-ngeq-0-or-both" (xml:id), "Category I: Either  m\geq 0 or n\geq 0 (or both)" (title)
ERROR   : * PTX:ERROR:   a cross-reference ("xref") uses references [ex17] that do not point to any target, or perhaps point to multiple targets.  Maybe you typed an @xml:id value wrong, maybe the target of the @xml:id is nonexistent, or maybe you temporarily removed the target from your source, or maybe an auxiliary file contains a duplicate.  Your output will contain some placeholder text that you will not want to distribute to your readers.
INFO    : *              located within: "sec_trigonometric-integrals_subsec_exercises" (xml:id), "Exercises" (title)
ERROR   : * PTX:ERROR:   a cross-reference ("xref") uses references [cosred] that do not point to any target, or perhaps point to multiple targets.  Maybe you typed an @xml:id value wrong, maybe the target of the @xml:id is nonexistent, or maybe you temporarily removed the target from your source, or maybe an auxiliary file contains a duplicate.  Your output will contain some placeholder text that you will not want to distribute to your readers.
INFO    : *              located within: "sec_trigonometric-integrals_subsubsec_reduction-formulas" (xml:id), "Reduction formulas" (title)
ERROR   : * PTX:ERROR:   a cross-reference ("xref") uses references [cosred] that do not point to any target, or perhaps point to multiple targets.  Maybe you typed an @xml:id value wrong, maybe the target of the @xml:id is nonexistent, or maybe you temporarily removed the target from your source, or maybe an auxiliary file contains a duplicate.  Your output will contain some placeholder text that you will not want to distribute to your readers.
INFO    : *              located within: "sec_trigonometric-integrals_subsubsec_reduction-formulas" (xml:id), "Reduction formulas" (title)
ERROR   : * PTX:ERROR:   a cross-reference ("xref") uses references [trap] that do not point to any target, or perhaps point to multiple targets.  Maybe you typed an @xml:id value wrong, maybe the target of the @xml:id is nonexistent, or maybe you temporarily removed the target from your source, or maybe an auxiliary file contains a duplicate.  Your output will contain some placeholder text that you will not want to distribute to your readers.
INFO    : *              located within: "sec_simpsons-rule_subsec_simpsons-rule" (xml:id), "Simpson's Rule" (title)
ERROR   : * PTX:ERROR:   a cross-reference ("xref") uses references [int_error] that do not point to any target, or perhaps point to multiple targets.  Maybe you typed an @xml:id value wrong, maybe the target of the @xml:id is nonexistent, or maybe you temporarily removed the target from your source, or maybe an auxiliary file contains a duplicate.  Your output will contain some placeholder text that you will not want to distribute to your readers.
INFO    : *              located within: "sec_simpsons-rule_subsec_exercises" (xml:id), "Exercises" (title)
ERROR   : * PTX:ERROR:   a cross-reference ("xref") uses references [midpoint_for_x-cube] that do not point to any target, or perhaps point to multiple targets.  Maybe you typed an @xml:id value wrong, maybe the target of the @xml:id is nonexistent, or maybe you temporarily removed the target from your source, or maybe an auxiliary file contains a duplicate.  Your output will contain some placeholder text that you will not want to distribute to your readers.
INFO    : *              located within: "sec_simpsons-rule_subsec_exercises" (xml:id), "Exercises" (title)
ERROR   : * PTX:ERROR:   a cross-reference ("xref") uses references [x1plusx2] that do not point to any target, or perhaps point to multiple targets.  Maybe you typed an @xml:id value wrong, maybe the target of the @xml:id is nonexistent, or maybe you temporarily removed the target from your source, or maybe an auxiliary file contains a duplicate.  Your output will contain some placeholder text that you will not want to distribute to your readers.
INFO    : *              located within: "sec_improper-integrals_subsec_exercises" (xml:id), "Exercises" (title)
ERROR   : * PTX:ERROR:   a cross-reference ("xref") uses references [x_normal_] that do not point to any target, or perhaps point to multiple targets.  Maybe you typed an @xml:id value wrong, maybe the target of the @xml:id is nonexistent, or maybe you temporarily removed the target from your source, or maybe an auxiliary file contains a duplicate.  Your output will contain some placeholder text that you will not want to distribute to your readers.
INFO    : *              located within: "sec_improper-integrals_subsubsec_the-normal-density-function" (xml:id), "The normal density function" (title)
ERROR   : * PTX:ERROR:   a cross-reference ("xref") uses references [table2] that do not point to any target, or perhaps point to multiple targets.  Maybe you typed an @xml:id value wrong, maybe the target of the @xml:id is nonexistent, or maybe you temporarily removed the target from your source, or maybe an auxiliary file contains a duplicate.  Your output will contain some placeholder text that you will not want to distribute to your readers.
INFO    : *              located within: "sec_stirlings-formula_subsec_exercises" (xml:id), "Exercises" (title)
ERROR   : * PTX:ERROR:   a cross-reference ("xref") uses references [data] that do not point to any target, or perhaps point to multiple targets.  Maybe you typed an @xml:id value wrong, maybe the target of the @xml:id is nonexistent, or maybe you temporarily removed the target from your source, or maybe an auxiliary file contains a duplicate.  Your output will contain some placeholder text that you will not want to distribute to your readers.
INFO    : *              located within: "sec_the-poisson-distribution_subsubsec_the-definition-of-probability" (xml:id), "The definition of probability" (title)
ERROR   : * PTX:ERROR:   a cross-reference ("xref") uses references [data] that do not point to any target, or perhaps point to multiple targets.  Maybe you typed an @xml:id value wrong, maybe the target of the @xml:id is nonexistent, or maybe you temporarily removed the target from your source, or maybe an auxiliary file contains a duplicate.  Your output will contain some placeholder text that you will not want to distribute to your readers.
INFO    : *              located within: "sec_the-poisson-distribution_subsubsec_the-poisson-model-of-alpha-ray-emission" (xml:id), "The Poisson model of \alpha-ray emission" (title)
ERROR   : * PTX:ERROR:   a cross-reference ("xref") uses references [data] that do not point to any target, or perhaps point to multiple targets.  Maybe you typed an @xml:id value wrong, maybe the target of the @xml:id is nonexistent, or maybe you temporarily removed the target from your source, or maybe an auxiliary file contains a duplicate.  Your output will contain some placeholder text that you will not want to distribute to your readers.
INFO    : *              located within: "sec_the-poisson-distribution_subsubsec_the-poisson-model-of-alpha-ray-emission" (xml:id), "The Poisson model of \alpha-ray emission" (title)
ERROR   : * PTX:ERROR:   a cross-reference ("xref") uses references [linear] that do not point to any target, or perhaps point to multiple targets.  Maybe you typed an @xml:id value wrong, maybe the target of the @xml:id is nonexistent, or maybe you temporarily removed the target from your source, or maybe an auxiliary file contains a duplicate.  Your output will contain some placeholder text that you will not want to distribute to your readers.
INFO    : *              located within: "sec_the-poisson-distribution_subsubsec_the-poisson-model-of-alpha-ray-emission" (xml:id), "The Poisson model of \alpha-ray emission" (title)
ERROR   : * PTX:ERROR:   a cross-reference ("xref") uses references [rule4] that do not point to any target, or perhaps point to multiple targets.  Maybe you typed an @xml:id value wrong, maybe the target of the @xml:id is nonexistent, or maybe you temporarily removed the target from your source, or maybe an auxiliary file contains a duplicate.  Your output will contain some placeholder text that you will not want to distribute to your readers.
INFO    : *              located within: "sec_the-poisson-distribution_subsubsec_derivation-of-the-poisson-model" (xml:id), "Derivation of the Poisson model" (title)
ERROR   : * PTX:ERROR:   a cross-reference ("xref") uses references [rule3] that do not point to any target, or perhaps point to multiple targets.  Maybe you typed an @xml:id value wrong, maybe the target of the @xml:id is nonexistent, or maybe you temporarily removed the target from your source, or maybe an auxiliary file contains a duplicate.  Your output will contain some placeholder text that you will not want to distribute to your readers.
INFO    : *              located within: "sec_the-poisson-distribution_subsubsec_derivation-of-the-poisson-model" (xml:id), "Derivation of the Poisson model" (title)
ERROR   : * PTX:ERROR:   a cross-reference ("xref") uses references [rule1] that do not point to any target, or perhaps point to multiple targets.  Maybe you typed an @xml:id value wrong, maybe the target of the @xml:id is nonexistent, or maybe you temporarily removed the target from your source, or maybe an auxiliary file contains a duplicate.  Your output will contain some placeholder text that you will not want to distribute to your readers.
INFO    : *              located within: "sec_the-poisson-distribution_subsubsec_derivation-of-the-poisson-model" (xml:id), "Derivation of the Poisson model" (title)
ERROR   : * PTX:ERROR:   a cross-reference ("xref") uses references [faint_noise] that do not point to any target, or perhaps point to multiple targets.  Maybe you typed an @xml:id value wrong, maybe the target of the @xml:id is nonexistent, or maybe you temporarily removed the target from your source, or maybe an auxiliary file contains a duplicate.  Your output will contain some placeholder text that you will not want to distribute to your readers.
INFO    : *              located within: "sec_the-power-spectrum_subsec_detecting-the-frequency-of-a-signal" (xml:id), "Detecting the Frequency of a Signal" (title)
ERROR   : * PTX:ERROR:   a cross-reference ("xref") uses references [detectors] that do not point to any target, or perhaps point to multiple targets.  Maybe you typed an @xml:id value wrong, maybe the target of the @xml:id is nonexistent, or maybe you temporarily removed the target from your source, or maybe an auxiliary file contains a duplicate.  Your output will contain some placeholder text that you will not want to distribute to your readers.
INFO    : *              located within: "sec_the-power-spectrum_subsec_the-power-spectrum" (xml:id), "The Power Spectrum" (title)
ERROR   : * PTX:ERROR:   a cross-reference ("xref") uses references [detectors] that do not point to any target, or perhaps point to multiple targets.  Maybe you typed an @xml:id value wrong, maybe the target of the @xml:id is nonexistent, or maybe you temporarily removed the target from your source, or maybe an auxiliary file contains a duplicate.  Your output will contain some placeholder text that you will not want to distribute to your readers.
INFO    : *              located within: "sec_the-power-spectrum_subsubsec_the-programs-detector-and-power" (xml:id), "The programs DETECTOR and POWER" (title)
ERROR   : * PTX:ERROR:   a cross-reference ("xref") uses references [testfunction] that do not point to any target, or perhaps point to multiple targets.  Maybe you typed an @xml:id value wrong, maybe the target of the @xml:id is nonexistent, or maybe you temporarily removed the target from your source, or maybe an auxiliary file contains a duplicate.  Your output will contain some placeholder text that you will not want to distribute to your readers.
INFO    : *              located within: "sec_the-power-spectrum_subsubsec_the-programs-detector-and-power" (xml:id), "The programs DETECTOR and POWER" (title)
ERROR   : * PTX:ERROR:   a cross-reference ("xref") uses references [cos7t] that do not point to any target, or perhaps point to multiple targets.  Maybe you typed an @xml:id value wrong, maybe the target of the @xml:id is nonexistent, or maybe you temporarily removed the target from your source, or maybe an auxiliary file contains a duplicate.  Your output will contain some placeholder text that you will not want to distribute to your readers.
INFO    : *              located within: "sec_the-power-spectrum_subsubsec_the-programs-detector-and-power" (xml:id), "The programs DETECTOR and POWER" (title)
ERROR   : * PTX:ERROR:   a cross-reference ("xref") uses references [fourforms] that do not point to any target, or perhaps point to multiple targets.  Maybe you typed an @xml:id value wrong, maybe the target of the @xml:id is nonexistent, or maybe you temporarily removed the target from your source, or maybe an auxiliary file contains a duplicate.  Your output will contain some placeholder text that you will not want to distribute to your readers.
INFO    : *              located within: "sec_fourier-series_sec_fourier-series" (xml:id), "Fourier Series" (title)
ERROR   : * PTX:ERROR:   a cross-reference ("xref") uses references [x_trig_] that do not point to any target, or perhaps point to multiple targets.  Maybe you typed an @xml:id value wrong, maybe the target of the @xml:id is nonexistent, or maybe you temporarily removed the target from your source, or maybe an auxiliary file contains a duplicate.  Your output will contain some placeholder text that you will not want to distribute to your readers.
INFO    : *              located within: "sec_fourier-series_subsec_exercises" (xml:id), "Exercises" (title)
ERROR   : * PTX:ERROR:   a cross-reference ("xref") uses references [triangle_function] that do not point to any target, or perhaps point to multiple targets.  Maybe you typed an @xml:id value wrong, maybe the target of the @xml:id is nonexistent, or maybe you temporarily removed the target from your source, or maybe an auxiliary file contains a duplicate.  Your output will contain some placeholder text that you will not want to distribute to your readers.
INFO    : *              located within: "sec_fourier-series_subsec_exercises" (xml:id), "Exercises" (title)
ERROR   : * PTX:ERROR:   a cross-reference ("xref") uses references [May_Fourier] that do not point to any target, or perhaps point to multiple targets.  Maybe you typed an @xml:id value wrong, maybe the target of the @xml:id is nonexistent, or maybe you temporarily removed the target from your source, or maybe an auxiliary file contains a duplicate.  Your output will contain some placeholder text that you will not want to distribute to your readers.
INFO    : *              located within: "sec_fourier-series_subsec_exercises" (xml:id), "Exercises" (title)
ERROR   : * PTX:ERROR:   a cross-reference ("xref") uses references [x_threeday_] that do not point to any target, or perhaps point to multiple targets.  Maybe you typed an @xml:id value wrong, maybe the target of the @xml:id is nonexistent, or maybe you temporarily removed the target from your source, or maybe an auxiliary file contains a duplicate.  Your output will contain some placeholder text that you will not want to distribute to your readers.
INFO    : *              located within: "sec_the-spread-of-disease_subsec_analyzing-the-model" (xml:id), "Analyzing the Model" (title)
ERROR   : * PTX:ERROR:   a cross-reference ("xref") uses references [x_threeday_] that do not point to any target, or perhaps point to multiple targets.  Maybe you typed an @xml:id value wrong, maybe the target of the @xml:id is nonexistent, or maybe you temporarily removed the target from your source, or maybe an auxiliary file contains a duplicate.  Your output will contain some placeholder text that you will not want to distribute to your readers.
INFO    : *              located within: "sec_the-spread-of-disease_subsec_analyzing-the-model" (xml:id), "Analyzing the Model" (title)
ERROR   : * PTX:ERROR:   a cross-reference ("xref") uses references [Sgraph] that do not point to any target, or perhaps point to multiple targets.  Maybe you typed an @xml:id value wrong, maybe the target of the @xml:id is nonexistent, or maybe you temporarily removed the target from your source, or maybe an auxiliary file contains a duplicate.  Your output will contain some placeholder text that you will not want to distribute to your readers.
INFO    : *              located within: "sec_the-spread-of-disease_subsubsec_reading-a-graph" (xml:id), "Reading a Graph" (title)
ERROR   : * PTX:ERROR:   a cross-reference ("xref") uses references [Rgraph] that do not point to any target, or perhaps point to multiple targets.  Maybe you typed an @xml:id value wrong, maybe the target of the @xml:id is nonexistent, or maybe you temporarily removed the target from your source, or maybe an auxiliary file contains a duplicate.  Your output will contain some placeholder text that you will not want to distribute to your readers.
INFO    : *              located within: "sec_the-spread-of-disease_subsubsec_reading-a-graph" (xml:id), "Reading a Graph" (title)
ERROR   : * PTX:ERROR:   a cross-reference ("xref") uses references [x_threeday_] that do not point to any target, or perhaps point to multiple targets.  Maybe you typed an @xml:id value wrong, maybe the target of the @xml:id is nonexistent, or maybe you temporarily removed the target from your source, or maybe an auxiliary file contains a duplicate.  Your output will contain some placeholder text that you will not want to distribute to your readers.
INFO    : *              located within: "sec_the-spread-of-disease_x_therebackprob_" (xml:id)
ERROR   : * PTX:ERROR:   a cross-reference ("xref") uses references [x_differences_] that do not point to any target, or perhaps point to multiple targets.  Maybe you typed an @xml:id value wrong, maybe the target of the @xml:id is nonexistent, or maybe you temporarily removed the target from your source, or maybe an auxiliary file contains a duplicate.  Your output will contain some placeholder text that you will not want to distribute to your readers.
INFO    : *              located within: "sec_the-spread-of-disease_x_therebackprob_" (xml:id)
ERROR   : * PTX:ERROR:   a cross-reference ("xref") uses references [x_threshold_] that do not point to any target, or perhaps point to multiple targets.  Maybe you typed an @xml:id value wrong, maybe the target of the @xml:id is nonexistent, or maybe you temporarily removed the target from your source, or maybe an auxiliary file contains a duplicate.  Your output will contain some placeholder text that you will not want to distribute to your readers.
INFO    : *              located within: "sec_the-spread-of-disease_subsubsec_the-measles-epidemic" (xml:id), "The Measles Epidemic" (title)
ERROR   : * PTX:ERROR:   a cross-reference ("xref") uses references [x_threshold_] that do not point to any target, or perhaps point to multiple targets.  Maybe you typed an @xml:id value wrong, maybe the target of the @xml:id is nonexistent, or maybe you temporarily removed the target from your source, or maybe an auxiliary file contains a duplicate.  Your output will contain some placeholder text that you will not want to distribute to your readers.
INFO    : *              located within: "sec_the-spread-of-disease_subsubsec_the-measles-epidemic" (xml:id), "The Measles Epidemic" (title)
ERROR   : * PTX:ERROR:   a cross-reference ("xref") uses references [x_diagram_] that do not point to any target, or perhaps point to multiple targets.  Maybe you typed an @xml:id value wrong, maybe the target of the @xml:id is nonexistent, or maybe you temporarily removed the target from your source, or maybe an auxiliary file contains a duplicate.  Your output will contain some placeholder text that you will not want to distribute to your readers.
INFO    : *              located within: "sec_the-spread-of-disease_subsubsec_what-goes-around-comes-around" (xml:id), "What Goes Around Comes Around" (title)
ERROR   : * PTX:ERROR:   a cross-reference ("xref") uses references [x_flowchart_] that do not point to any target, or perhaps point to multiple targets.  Maybe you typed an @xml:id value wrong, maybe the target of the @xml:id is nonexistent, or maybe you temporarily removed the target from your source, or maybe an auxiliary file contains a duplicate.  Your output will contain some placeholder text that you will not want to distribute to your readers.
INFO    : *              located within: "sec_the-mathematical-ideas_subsec_functions" (xml:id), "Functions" (title)
ERROR   : * PTX:ERROR:   a cross-reference ("xref") uses references [x_flowchart_] that do not point to any target, or perhaps point to multiple targets.  Maybe you typed an @xml:id value wrong, maybe the target of the @xml:id is nonexistent, or maybe you temporarily removed the target from your source, or maybe an auxiliary file contains a duplicate.  Your output will contain some placeholder text that you will not want to distribute to your readers.
INFO    : *              located within: "sec_the-mathematical-ideas_subsec_functions" (xml:id), "Functions" (title)
ERROR   : * PTX:ERROR:   a cross-reference ("xref") uses references [x_twain_] that do not point to any target, or perhaps point to multiple targets.  Maybe you typed an @xml:id value wrong, maybe the target of the @xml:id is nonexistent, or maybe you temporarily removed the target from your source, or maybe an auxiliary file contains a duplicate.  Your output will contain some placeholder text that you will not want to distribute to your readers.
INFO    : *              located within: "sec_the-mathematical-ideas_subsec_linear-functions" (xml:id), "Linear Functions" (title)
ERROR   : * PTX:ERROR:   a cross-reference ("xref") uses references [x_twain_] that do not point to any target, or perhaps point to multiple targets.  Maybe you typed an @xml:id value wrong, maybe the target of the @xml:id is nonexistent, or maybe you temporarily removed the target from your source, or maybe an auxiliary file contains a duplicate.  Your output will contain some placeholder text that you will not want to distribute to your readers.
INFO    : *              located within: "sec_the-mathematical-ideas_subsec_linear-functions" (xml:id), "Linear Functions" (title)
ERROR   : * PTX:ERROR:   a cross-reference ("xref") uses references [x_twain_] that do not point to any target, or perhaps point to multiple targets.  Maybe you typed an @xml:id value wrong, maybe the target of the @xml:id is nonexistent, or maybe you temporarily removed the target from your source, or maybe an auxiliary file contains a duplicate.  Your output will contain some placeholder text that you will not want to distribute to your readers.
INFO    : *              located within: "sec_the-mathematical-ideas_subsec_linear-functions" (xml:id), "Linear Functions" (title)
ERROR   : * PTX:ERROR:   a cross-reference ("xref") uses references [sunrise_table] that do not point to any target, or perhaps point to multiple targets.  Maybe you typed an @xml:id value wrong, maybe the target of the @xml:id is nonexistent, or maybe you temporarily removed the target from your source, or maybe an auxiliary file contains a duplicate.  Your output will contain some placeholder text that you will not want to distribute to your readers.
INFO    : *              located within: "sec_the-mathematical-ideas_subsec_functions-of-several-variables" (xml:id), "Functions of Several Variables" (title)
ERROR   : * PTX:ERROR:   a cross-reference ("xref") uses references [sunrise_table] that do not point to any target, or perhaps point to multiple targets.  Maybe you typed an @xml:id value wrong, maybe the target of the @xml:id is nonexistent, or maybe you temporarily removed the target from your source, or maybe an auxiliary file contains a duplicate.  Your output will contain some placeholder text that you will not want to distribute to your readers.
INFO    : *              located within: "sec_the-mathematical-ideas_subsec_functions-of-several-variables" (xml:id), "Functions of Several Variables" (title)
ERROR   : * PTX:ERROR:   a cross-reference ("xref") uses references [x_loop_] that do not point to any target, or perhaps point to multiple targets.  Maybe you typed an @xml:id value wrong, maybe the target of the @xml:id is nonexistent, or maybe you temporarily removed the target from your source, or maybe an auxiliary file contains a duplicate.  Your output will contain some placeholder text that you will not want to distribute to your readers.
INFO    : *              located within: "sec_using-a-program_subsec_computers" (xml:id), "Computers" (title)
ERROR   : * PTX:ERROR:   a cross-reference ("xref") uses references [x_threeday_] that do not point to any target, or perhaps point to multiple targets.  Maybe you typed an @xml:id value wrong, maybe the target of the @xml:id is nonexistent, or maybe you temporarily removed the target from your source, or maybe an auxiliary file contains a duplicate.  Your output will contain some placeholder text that you will not want to distribute to your readers.
INFO    : *              located within: "sec_using-a-program_subsubsec_the-program-sir" (xml:id), "The Program SIR" (title)
ERROR   : * PTX:ERROR:   a cross-reference ("xref") uses references [x_therebackprob_] that do not point to any target, or perhaps point to multiple targets.  Maybe you typed an @xml:id value wrong, maybe the target of the @xml:id is nonexistent, or maybe you temporarily removed the target from your source, or maybe an auxiliary file contains a duplicate.  Your output will contain some placeholder text that you will not want to distribute to your readers.
INFO    : *              located within: "sec_using-a-program_subsubsec_analyzing-the-measles-epidemic" (xml:id), "Analyzing the measles epidemic" (title)
ERROR   : * PTX:ERROR:   a cross-reference ("xref") uses references [x_thereback_] that do not point to any target, or perhaps point to multiple targets.  Maybe you typed an @xml:id value wrong, maybe the target of the @xml:id is nonexistent, or maybe you temporarily removed the target from your source, or maybe an auxiliary file contains a duplicate.  Your output will contain some placeholder text that you will not want to distribute to your readers.
INFO    : *              located within: "sec_making-approximations_subsubsec_there-and-back-again-again" (xml:id), "There and Back Again Again" (title)
ERROR   : * PTX:ERROR:   a cross-reference ("xref") uses references [x_threeday_] that do not point to any target, or perhaps point to multiple targets.  Maybe you typed an @xml:id value wrong, maybe the target of the @xml:id is nonexistent, or maybe you temporarily removed the target from your source, or maybe an auxiliary file contains a duplicate.  Your output will contain some placeholder text that you will not want to distribute to your readers.
INFO    : *              located within: "sec_making-approximations_subsec_piecewise-linear-functions" (xml:id), "Piecewise Linear Functions" (title)
ERROR   : * PTX:ERROR:   a cross-reference ("xref") uses references [x_zoom_] that do not point to any target, or perhaps point to multiple targets.  Maybe you typed an @xml:id value wrong, maybe the target of the @xml:id is nonexistent, or maybe you temporarily removed the target from your source, or maybe an auxiliary file contains a duplicate.  Your output will contain some placeholder text that you will not want to distribute to your readers.
INFO    : *              located within: "sec_the-derivative_subsec_definition" (xml:id), "Definition" (title)
ERROR   : * PTX:ERROR:   a cross-reference ("xref") uses references [logistic-begin] that do not point to any target, or perhaps point to multiple targets.  Maybe you typed an @xml:id value wrong, maybe the target of the @xml:id is nonexistent, or maybe you temporarily removed the target from your source, or maybe an auxiliary file contains a duplicate.  Your output will contain some placeholder text that you will not want to distribute to your readers.
INFO    : *              located within: "sec_modelling-with-differential-equations_subsec_single-species-models-rabbits" (xml:id), "Single-species Models: Rabbits" (title)
ERROR   : * PTX:ERROR:   a cross-reference ("xref") uses references [logistic-end] that do not point to any target, or perhaps point to multiple targets.  Maybe you typed an @xml:id value wrong, maybe the target of the @xml:id is nonexistent, or maybe you temporarily removed the target from your source, or maybe an auxiliary file contains a duplicate.  Your output will contain some placeholder text that you will not want to distribute to your readers.
INFO    : *              located within: "sec_modelling-with-differential-equations_subsec_single-species-models-rabbits" (xml:id), "Single-species Models: Rabbits" (title)
ERROR   : * PTX:ERROR:   a cross-reference ("xref") uses references [logistic-begin] that do not point to any target, or perhaps point to multiple targets.  Maybe you typed an @xml:id value wrong, maybe the target of the @xml:id is nonexistent, or maybe you temporarily removed the target from your source, or maybe an auxiliary file contains a duplicate.  Your output will contain some placeholder text that you will not want to distribute to your readers.
INFO    : *              located within: "sec_modelling-with-differential-equations_subsec_single-species-models-rabbits" (xml:id), "Single-species Models: Rabbits" (title)
ERROR   : * PTX:ERROR:   a cross-reference ("xref") uses references [logistic-end] that do not point to any target, or perhaps point to multiple targets.  Maybe you typed an @xml:id value wrong, maybe the target of the @xml:id is nonexistent, or maybe you temporarily removed the target from your source, or maybe an auxiliary file contains a duplicate.  Your output will contain some placeholder text that you will not want to distribute to your readers.
INFO    : *              located within: "sec_modelling-with-differential-equations_subsec_single-species-models-rabbits" (xml:id), "Single-species Models: Rabbits" (title)
ERROR   : * PTX:ERROR:   a cross-reference ("xref") uses references [DO-WHILE] that do not point to any target, or perhaps point to multiple targets.  Maybe you typed an @xml:id value wrong, maybe the target of the @xml:id is nonexistent, or maybe you temporarily removed the target from your source, or maybe an auxiliary file contains a duplicate.  Your output will contain some placeholder text that you will not want to distribute to your readers.
INFO    : *              located within: "sec_modelling-with-differential-equations_L-V" (xml:id)
ERROR   : * PTX:ERROR:   a cross-reference ("xref") uses references [DO-WHILE] that do not point to any target, or perhaps point to multiple targets.  Maybe you typed an @xml:id value wrong, maybe the target of the @xml:id is nonexistent, or maybe you temporarily removed the target from your source, or maybe an auxiliary file contains a duplicate.  Your output will contain some placeholder text that you will not want to distribute to your readers.
INFO    : *              located within: "sec_modelling-with-differential-equations_L-V" (xml:id)
ERROR   : * PTX:ERROR:   a cross-reference ("xref") uses references [DO-WHILE] that do not point to any target, or perhaps point to multiple targets.  Maybe you typed an @xml:id value wrong, maybe the target of the @xml:id is nonexistent, or maybe you temporarily removed the target from your source, or maybe an auxiliary file contains a duplicate.  Your output will contain some placeholder text that you will not want to distribute to your readers.
INFO    : *              located within: "sec_modelling-with-differential-equations_L-V" (xml:id)
ERROR   : * PTX:ERROR:   a cross-reference ("xref") uses references [cooling_coffee] that do not point to any target, or perhaps point to multiple targets.  Maybe you typed an @xml:id value wrong, maybe the target of the @xml:id is nonexistent, or maybe you temporarily removed the target from your source, or maybe an auxiliary file contains a duplicate.  Your output will contain some placeholder text that you will not want to distribute to your readers.
INFO    : *              located within: "sec_solutions-of-differential-equations_subsubsec_newtons-law-of-cooling" (xml:id), "Newton's law of cooling" (title)
ERROR   : * PTX:ERROR:   a cross-reference ("xref") uses references [ex_base_2] that do not point to any target, or perhaps point to multiple targets.  Maybe you typed an @xml:id value wrong, maybe the target of the @xml:id is nonexistent, or maybe you temporarily removed the target from your source, or maybe an auxiliary file contains a duplicate.  Your output will contain some placeholder text that you will not want to distribute to your readers.
INFO    : *              located within: "sec_the-exponential-function_subsec_the-equation-y-ky" (xml:id), "The Equation y'= ky" (title)
ERROR   : * PTX:ERROR:   a cross-reference ("xref") uses references [ex_falling_body1] that do not point to any target, or perhaps point to multiple targets.  Maybe you typed an @xml:id value wrong, maybe the target of the @xml:id is nonexistent, or maybe you temporarily removed the target from your source, or maybe an auxiliary file contains a duplicate.  Your output will contain some placeholder text that you will not want to distribute to your readers.
INFO    : *              located within: "sec_the-exponential-function_subsubsec_solving-other-differential-equations" (xml:id), "Solving other differential equations" (title)
ERROR   : * PTX:ERROR:   a cross-reference ("xref") uses references [ex_falling_body2] that do not point to any target, or perhaps point to multiple targets.  Maybe you typed an @xml:id value wrong, maybe the target of the @xml:id is nonexistent, or maybe you temporarily removed the target from your source, or maybe an auxiliary file contains a duplicate.  Your output will contain some placeholder text that you will not want to distribute to your readers.
INFO    : *              located within: "sec_the-exponential-function_subsubsec_solving-other-differential-equations" (xml:id), "Solving other differential equations" (title)
ERROR   : * PTX:ERROR:   a cross-reference ("xref") uses references [ex_falling_body3] that do not point to any target, or perhaps point to multiple targets.  Maybe you typed an @xml:id value wrong, maybe the target of the @xml:id is nonexistent, or maybe you temporarily removed the target from your source, or maybe an auxiliary file contains a duplicate.  Your output will contain some placeholder text that you will not want to distribute to your readers.
INFO    : *              located within: "sec_the-exponential-function_subsubsec_solving-other-differential-equations" (xml:id), "Solving other differential equations" (title)
ERROR   : * PTX:ERROR:   a cross-reference ("xref") uses references [spring-begin] that do not point to any target, or perhaps point to multiple targets.  Maybe you typed an @xml:id value wrong, maybe the target of the @xml:id is nonexistent, or maybe you temporarily removed the target from your source, or maybe an auxiliary file contains a duplicate.  Your output will contain some placeholder text that you will not want to distribute to your readers.
INFO    : *              located within: "sec_the-equation-y-ft_sec_the-equation-y-ft" (xml:id), "The Equation y' = f(t)" (title)
ERROR   : * PTX:ERROR:   a cross-reference ("xref") uses references [spring-end] that do not point to any target, or perhaps point to multiple targets.  Maybe you typed an @xml:id value wrong, maybe the target of the @xml:id is nonexistent, or maybe you temporarily removed the target from your source, or maybe an auxiliary file contains a duplicate.  Your output will contain some placeholder text that you will not want to distribute to your readers.
INFO    : *              located within: "sec_the-equation-y-ft_sec_the-equation-y-ft" (xml:id), "The Equation y' = f(t)" (title)
ERROR   : * PTX:ERROR:   a cross-reference ("xref") uses references [sirplot] that do not point to any target, or perhaps point to multiple targets.  Maybe you typed an @xml:id value wrong, maybe the target of the @xml:id is nonexistent, or maybe you temporarily removed the target from your source, or maybe an auxiliary file contains a duplicate.  Your output will contain some placeholder text that you will not want to distribute to your readers.
INFO    : *              located within: "sec_the-equation-y-ft_subsec_eulers-method-revisited" (xml:id), "Euler's Method Revisited" (title)
WARNING : * PTX:WARNING: Unstructured content within a list item is being ignored ("(Hint: If")
INFO    : *              located within: "sec_the-shape-of-the-graph-of-a-mboxfunction_subsubsec_describing-functions" (xml:id), "Describing functions" (title)
WARNING : * PTX:WARNING: Unstructured content within a list item is being ignored ("and")
INFO    : *              located within: "sec_the-shape-of-the-graph-of-a-mboxfunction_subsubsec_describing-functions" (xml:id), "Describing functions" (title)
WARNING : * PTX:WARNING: Unstructured content within a list item is being ignored (", what can you say about the value of")
INFO    : *              located within: "sec_the-shape-of-the-graph-of-a-mboxfunction_subsubsec_describing-functions" (xml:id), "Describing functions" (title)
WARNING : * PTX:WARNING: Unstructured content within a list item is being ignored ("and hence the geometry of the graph of")
INFO    : *              located within: "sec_the-shape-of-the-graph-of-a-mboxfunction_subsubsec_describing-functions" (xml:id), "Describing functions" (title)
WARNING : * PTX:WARNING: Unstructured content within a list item is being ignored ("on either side of")
INFO    : *              located within: "sec_the-shape-of-the-graph-of-a-mboxfunction_subsubsec_describing-functions" (xml:id), "Describing functions" (title)
WARNING : * PTX:WARNING: Unstructured content within a list item is being ignored ("?)")
INFO    : *              located within: "sec_the-shape-of-the-graph-of-a-mboxfunction_subsubsec_describing-functions" (xml:id), "Describing functions" (title)
ERROR   : * PTX:ERROR:   a cross-reference ("xref") uses references [nonintegrable] that do not point to any target, or perhaps point to multiple targets.  Maybe you typed an @xml:id value wrong, maybe the target of the @xml:id is nonexistent, or maybe you temporarily removed the target from your source, or maybe an auxiliary file contains a duplicate.  Your output will contain some placeholder text that you will not want to distribute to your readers.
INFO    : *              located within: "sec_the-integral_subsec_definition" (xml:id), "Definition" (title)
ERROR   : * PTX:ERROR:   a cross-reference ("xref") uses references [program_RIEMANN] that do not point to any target, or perhaps point to multiple targets.  Maybe you typed an @xml:id value wrong, maybe the target of the @xml:id is nonexistent, or maybe you temporarily removed the target from your source, or maybe an auxiliary file contains a duplicate.  Your output will contain some placeholder text that you will not want to distribute to your readers.
INFO    : *              located within: "sec_the-fundamental-theorem-of-calculus_subsec_integrals-and-differential-equations" (xml:id), "Integrals and Differential Equations" (title)
ERROR   : * PTX:ERROR:   a cross-reference ("xref") uses references [accum_delta_y] that do not point to any target, or perhaps point to multiple targets.  Maybe you typed an @xml:id value wrong, maybe the target of the @xml:id is nonexistent, or maybe you temporarily removed the target from your source, or maybe an auxiliary file contains a duplicate.  Your output will contain some placeholder text that you will not want to distribute to your readers.
INFO    : *              located within: "sec_the-fundamental-theorem-of-calculus_subsec_integrals-and-differential-equations" (xml:id), "Integrals and Differential Equations" (title)
ERROR   : * PTX:ERROR:   a cross-reference ("xref") uses references [program_PLOT] that do not point to any target, or perhaps point to multiple targets.  Maybe you typed an @xml:id value wrong, maybe the target of the @xml:id is nonexistent, or maybe you temporarily removed the target from your source, or maybe an auxiliary file contains a duplicate.  Your output will contain some placeholder text that you will not want to distribute to your readers.
INFO    : *              located within: "sec_the-fundamental-theorem-of-calculus_subsubsec_graphing-accumulation-functions" (xml:id), "Graphing accumulation functions" (title)
ERROR   : * PTX:ERROR:   a cross-reference ("xref") uses references [antideriv_table] that do not point to any target, or perhaps point to multiple targets.  Maybe you typed an @xml:id value wrong, maybe the target of the @xml:id is nonexistent, or maybe you temporarily removed the target from your source, or maybe an auxiliary file contains a duplicate.  Your output will contain some placeholder text that you will not want to distribute to your readers.
INFO    : *              located within: "sec_the-fundamental-theorem-of-calculus_subsec_antiderivatives" (xml:id), "Antiderivatives" (title)
ERROR   : * PTX:ERROR:   a cross-reference ("xref") uses references [sine_symmetry] that do not point to any target, or perhaps point to multiple targets.  Maybe you typed an @xml:id value wrong, maybe the target of the @xml:id is nonexistent, or maybe you temporarily removed the target from your source, or maybe an auxiliary file contains a duplicate.  Your output will contain some placeholder text that you will not want to distribute to your readers.
INFO    : *              located within: "sec_the-fundamental-theorem-of-calculus_subsec_antiderivatives" (xml:id), "Antiderivatives" (title)
ERROR   : * PTX:ERROR:   a cross-reference ("xref") uses references [DEs_w__params-begin] that do not point to any target, or perhaps point to multiple targets.  Maybe you typed an @xml:id value wrong, maybe the target of the @xml:id is nonexistent, or maybe you temporarily removed the target from your source, or maybe an auxiliary file contains a duplicate.  Your output will contain some placeholder text that you will not want to distribute to your readers.
INFO    : *              located within: "sec_the-fundamental-theorem-of-calculus_subsubsec_parameters" (xml:id), "Parameters" (title)
ERROR   : * PTX:ERROR:   a cross-reference ("xref") uses references [DEs_w__params-end] that do not point to any target, or perhaps point to multiple targets.  Maybe you typed an @xml:id value wrong, maybe the target of the @xml:id is nonexistent, or maybe you temporarily removed the target from your source, or maybe an auxiliary file contains a duplicate.  Your output will contain some placeholder text that you will not want to distribute to your readers.
INFO    : *              located within: "sec_the-fundamental-theorem-of-calculus_subsubsec_parameters" (xml:id), "Parameters" (title)
ERROR   : * PTX:ERROR:   a cross-reference ("xref") uses references [firstint] that do not point to any target, or perhaps point to multiple targets.  Maybe you typed an @xml:id value wrong, maybe the target of the @xml:id is nonexistent, or maybe you temporarily removed the target from your source, or maybe an auxiliary file contains a duplicate.  Your output will contain some placeholder text that you will not want to distribute to your readers.
INFO    : *              located within: "sec_differential-equations-with-periodic-mboxsolutions_spring_energy" (xml:id)
ERROR   : * PTX:ERROR:   a cross-reference ("xref") uses references [May] that do not point to any target, or perhaps point to multiple targets.  Maybe you typed an @xml:id value wrong, maybe the target of the @xml:id is nonexistent, or maybe you temporarily removed the target from your source, or maybe an auxiliary file contains a duplicate.  Your output will contain some placeholder text that you will not want to distribute to your readers.
INFO    : *              located within: "sec_differential-equations-with-periodic-mboxsolutions_subsubsec_predator-prey-ecology" (xml:id), "Predator-prey ecology" (title)
ERROR   : * PTX:ERROR:   a cross-reference ("xref") uses references [equilibrium] that do not point to any target, or perhaps point to multiple targets.  Maybe you typed an @xml:id value wrong, maybe the target of the @xml:id is nonexistent, or maybe you temporarily removed the target from your source, or maybe an auxiliary file contains a duplicate.  Your output will contain some placeholder text that you will not want to distribute to your readers.
INFO    : *              located within: "sec_differential-equations-with-periodic-mboxsolutions_subsubsec_predator-prey-ecology" (xml:id), "Predator-prey ecology" (title)
ERROR   : * PTX:ERROR:   a cross-reference ("xref") uses references [L-V] that do not point to any target, or perhaps point to multiple targets.  Maybe you typed an @xml:id value wrong, maybe the target of the @xml:id is nonexistent, or maybe you temporarily removed the target from your source, or maybe an auxiliary file contains a duplicate.  Your output will contain some placeholder text that you will not want to distribute to your readers.
INFO    : *              located within: "sec_differential-equations-with-periodic-mboxsolutions_subsubsec_predator-prey-ecology" (xml:id), "Predator-prey ecology" (title)
ERROR   : * PTX:ERROR:   a cross-reference ("xref") uses references [basin] that do not point to any target, or perhaps point to multiple targets.  Maybe you typed an @xml:id value wrong, maybe the target of the @xml:id is nonexistent, or maybe you temporarily removed the target from your source, or maybe an auxiliary file contains a duplicate.  Your output will contain some placeholder text that you will not want to distribute to your readers.
INFO    : *              located within: "sec_state-spaces-and-vector-fields_subsubsec_equilibrium-points" (xml:id), "Equilibrium Points" (title)
ERROR   : * PTX:ERROR:   a cross-reference ("xref") uses references [basin] that do not point to any target, or perhaps point to multiple targets.  Maybe you typed an @xml:id value wrong, maybe the target of the @xml:id is nonexistent, or maybe you temporarily removed the target from your source, or maybe an auxiliary file contains a duplicate.  Your output will contain some placeholder text that you will not want to distribute to your readers.
INFO    : *              located within: "sec_state-spaces-and-vector-fields_subsubsec_equilibrium-points" (xml:id), "Equilibrium Points" (title)
ERROR   : * PTX:ERROR:   a cross-reference ("xref") uses references [sec-repel] that do not point to any target, or perhaps point to multiple targets.  Maybe you typed an @xml:id value wrong, maybe the target of the @xml:id is nonexistent, or maybe you temporarily removed the target from your source, or maybe an auxiliary file contains a duplicate.  Your output will contain some placeholder text that you will not want to distribute to your readers.
INFO    : *              located within: "sec_state-spaces-and-vector-fields_subsubsec_equilibrium-points" (xml:id), "Equilibrium Points" (title)
ERROR   : * PTX:ERROR:   a cross-reference ("xref") uses references [sec-eqs] that do not point to any target, or perhaps point to multiple targets.  Maybe you typed an @xml:id value wrong, maybe the target of the @xml:id is nonexistent, or maybe you temporarily removed the target from your source, or maybe an auxiliary file contains a duplicate.  Your output will contain some placeholder text that you will not want to distribute to your readers.
INFO    : *              located within: "sec_state-spaces-and-vector-fields_subsubsec_equilibrium-points" (xml:id), "Equilibrium Points" (title)
ERROR   : * PTX:ERROR:   a cross-reference ("xref") uses references [sec-repel] that do not point to any target, or perhaps point to multiple targets.  Maybe you typed an @xml:id value wrong, maybe the target of the @xml:id is nonexistent, or maybe you temporarily removed the target from your source, or maybe an auxiliary file contains a duplicate.  Your output will contain some placeholder text that you will not want to distribute to your readers.
INFO    : *              located within: "sec_state-spaces-and-vector-fields_subsubsec_equilibrium-points" (xml:id), "Equilibrium Points" (title)
ERROR   : * PTX:ERROR:   a cross-reference ("xref") uses references [sec-eqs] that do not point to any target, or perhaps point to multiple targets.  Maybe you typed an @xml:id value wrong, maybe the target of the @xml:id is nonexistent, or maybe you temporarily removed the target from your source, or maybe an auxiliary file contains a duplicate.  Your output will contain some placeholder text that you will not want to distribute to your readers.
INFO    : *              located within: "sec_state-spaces-and-vector-fields_subsubsec_equilibrium-points" (xml:id), "Equilibrium Points" (title)
ERROR   : * PTX:ERROR:   a cross-reference ("xref") uses references [sec-repel] that do not point to any target, or perhaps point to multiple targets.  Maybe you typed an @xml:id value wrong, maybe the target of the @xml:id is nonexistent, or maybe you temporarily removed the target from your source, or maybe an auxiliary file contains a duplicate.  Your output will contain some placeholder text that you will not want to distribute to your readers.
INFO    : *              located within: "sec_state-spaces-and-vector-fields_subsubsec_equilibrium-points" (xml:id), "Equilibrium Points" (title)
ERROR   : * PTX:ERROR:   a cross-reference ("xref") uses references [sec-eqs] that do not point to any target, or perhaps point to multiple targets.  Maybe you typed an @xml:id value wrong, maybe the target of the @xml:id is nonexistent, or maybe you temporarily removed the target from your source, or maybe an auxiliary file contains a duplicate.  Your output will contain some placeholder text that you will not want to distribute to your readers.
INFO    : *              located within: "sec_state-spaces-and-vector-fields_subsubsec_equilibrium-points" (xml:id), "Equilibrium Points" (title)
ERROR   : * PTX:ERROR:   a cross-reference ("xref") uses references [sec-repel] that do not point to any target, or perhaps point to multiple targets.  Maybe you typed an @xml:id value wrong, maybe the target of the @xml:id is nonexistent, or maybe you temporarily removed the target from your source, or maybe an auxiliary file contains a duplicate.  Your output will contain some placeholder text that you will not want to distribute to your readers.
INFO    : *              located within: "sec_state-spaces-and-vector-fields_subsubsec_equilibrium-points" (xml:id), "Equilibrium Points" (title)
ERROR   : * PTX:ERROR:   a cross-reference ("xref") uses references [sec-eqs] that do not point to any target, or perhaps point to multiple targets.  Maybe you typed an @xml:id value wrong, maybe the target of the @xml:id is nonexistent, or maybe you temporarily removed the target from your source, or maybe an auxiliary file contains a duplicate.  Your output will contain some placeholder text that you will not want to distribute to your readers.
INFO    : *              located within: "sec_state-spaces-and-vector-fields_subsubsec_equilibrium-points" (xml:id), "Equilibrium Points" (title)
ERROR   : * PTX:ERROR:   a cross-reference ("xref") uses references [x_andmay_] that do not point to any target, or perhaps point to multiple targets.  Maybe you typed an @xml:id value wrong, maybe the target of the @xml:id is nonexistent, or maybe you temporarily removed the target from your source, or maybe an auxiliary file contains a duplicate.  Your output will contain some placeholder text that you will not want to distribute to your readers.
INFO    : *              located within: "sec_state-spaces-and-vector-fields_subsec_a-model-for-the-acquisition-of-immunity" (xml:id), "A Model for the Acquisition of Immunity" (title)
ERROR   : * PTX:ERROR:   a cross-reference ("xref") uses references [x_andmay_] that do not point to any target, or perhaps point to multiple targets.  Maybe you typed an @xml:id value wrong, maybe the target of the @xml:id is nonexistent, or maybe you temporarily removed the target from your source, or maybe an auxiliary file contains a duplicate.  Your output will contain some placeholder text that you will not want to distribute to your readers.
INFO    : *              located within: "sec_state-spaces-and-vector-fields_subsec_a-model-for-the-acquisition-of-immunity" (xml:id), "A Model for the Acquisition of Immunity" (title)
ERROR   : * PTX:ERROR:   a cross-reference ("xref") uses references [x_andmay_] that do not point to any target, or perhaps point to multiple targets.  Maybe you typed an @xml:id value wrong, maybe the target of the @xml:id is nonexistent, or maybe you temporarily removed the target from your source, or maybe an auxiliary file contains a duplicate.  Your output will contain some placeholder text that you will not want to distribute to your readers.
INFO    : *              located within: "sec_state-spaces-and-vector-fields_subsec_a-model-for-the-acquisition-of-immunity" (xml:id), "A Model for the Acquisition of Immunity" (title)
ERROR   : * PTX:ERROR:   a cross-reference ("xref") uses references [x_andmay_] that do not point to any target, or perhaps point to multiple targets.  Maybe you typed an @xml:id value wrong, maybe the target of the @xml:id is nonexistent, or maybe you temporarily removed the target from your source, or maybe an auxiliary file contains a duplicate.  Your output will contain some placeholder text that you will not want to distribute to your readers.
INFO    : *              located within: "sec_state-spaces-and-vector-fields_subsec_a-model-for-the-acquisition-of-immunity" (xml:id), "A Model for the Acquisition of Immunity" (title)
ERROR   : * PTX:ERROR:   a cross-reference ("xref") uses references [timegraph] that do not point to any target, or perhaps point to multiple targets.  Maybe you typed an @xml:id value wrong, maybe the target of the @xml:id is nonexistent, or maybe you temporarily removed the target from your source, or maybe an auxiliary file contains a duplicate.  Your output will contain some placeholder text that you will not want to distribute to your readers.
INFO    : *              located within: "sec_graphs-and-level-sets_sec_graphs-and-level-sets" (xml:id), "Graphs and Level Sets" (title)
ERROR   : * PTX:ERROR:   a cross-reference ("xref") uses references [depthgraph] that do not point to any target, or perhaps point to multiple targets.  Maybe you typed an @xml:id value wrong, maybe the target of the @xml:id is nonexistent, or maybe you temporarily removed the target from your source, or maybe an auxiliary file contains a duplicate.  Your output will contain some placeholder text that you will not want to distribute to your readers.
INFO    : *              located within: "sec_graphs-and-level-sets_sec_graphs-and-level-sets" (xml:id), "Graphs and Level Sets" (title)
ERROR   : * PTX:ERROR:   a cross-reference ("xref") uses references [timegraph] that do not point to any target, or perhaps point to multiple targets.  Maybe you typed an @xml:id value wrong, maybe the target of the @xml:id is nonexistent, or maybe you temporarily removed the target from your source, or maybe an auxiliary file contains a duplicate.  Your output will contain some placeholder text that you will not want to distribute to your readers.
INFO    : *              located within: "sec_graphs-and-level-sets_sec_graphs-and-level-sets" (xml:id), "Graphs and Level Sets" (title)
ERROR   : * PTX:ERROR:   a cross-reference ("xref") uses references [depthgraph] that do not point to any target, or perhaps point to multiple targets.  Maybe you typed an @xml:id value wrong, maybe the target of the @xml:id is nonexistent, or maybe you temporarily removed the target from your source, or maybe an auxiliary file contains a duplicate.  Your output will contain some placeholder text that you will not want to distribute to your readers.
INFO    : *              located within: "sec_graphs-and-level-sets_sec_graphs-and-level-sets" (xml:id), "Graphs and Level Sets" (title)
ERROR   : * PTX:ERROR:   a cross-reference ("xref") uses references [timegraph] that do not point to any target, or perhaps point to multiple targets.  Maybe you typed an @xml:id value wrong, maybe the target of the @xml:id is nonexistent, or maybe you temporarily removed the target from your source, or maybe an auxiliary file contains a duplicate.  Your output will contain some placeholder text that you will not want to distribute to your readers.
INFO    : *              located within: "sec_graphs-and-level-sets_sec_graphs-and-level-sets" (xml:id), "Graphs and Level Sets" (title)
ERROR   : * PTX:ERROR:   a cross-reference ("xref") uses references [depthgraph] that do not point to any target, or perhaps point to multiple targets.  Maybe you typed an @xml:id value wrong, maybe the target of the @xml:id is nonexistent, or maybe you temporarily removed the target from your source, or maybe an auxiliary file contains a duplicate.  Your output will contain some placeholder text that you will not want to distribute to your readers.
INFO    : *              located within: "sec_graphs-and-level-sets_sec_graphs-and-level-sets" (xml:id), "Graphs and Level Sets" (title)
ERROR   : * PTX:ERROR:   a cross-reference ("xref") uses references [pend-begin] that do not point to any target, or perhaps point to multiple targets.  Maybe you typed an @xml:id value wrong, maybe the target of the @xml:id is nonexistent, or maybe you temporarily removed the target from your source, or maybe an auxiliary file contains a duplicate.  Your output will contain some placeholder text that you will not want to distribute to your readers.
INFO    : *              located within: "sec_graphs-and-level-sets_subsec_from-graphs-to-levels" (xml:id), "From Graphs to Levels" (title)
ERROR   : * PTX:ERROR:   a cross-reference ("xref") uses references [pend-end] that do not point to any target, or perhaps point to multiple targets.  Maybe you typed an @xml:id value wrong, maybe the target of the @xml:id is nonexistent, or maybe you temporarily removed the target from your source, or maybe an auxiliary file contains a duplicate.  Your output will contain some placeholder text that you will not want to distribute to your readers.
INFO    : *              located within: "sec_graphs-and-level-sets_subsec_from-graphs-to-levels" (xml:id), "From Graphs to Levels" (title)
ERROR   : * PTX:ERROR:   a cross-reference ("xref") uses references [pend-begin] that do not point to any target, or perhaps point to multiple targets.  Maybe you typed an @xml:id value wrong, maybe the target of the @xml:id is nonexistent, or maybe you temporarily removed the target from your source, or maybe an auxiliary file contains a duplicate.  Your output will contain some placeholder text that you will not want to distribute to your readers.
INFO    : *              located within: "sec_graphs-and-level-sets_subsec_from-graphs-to-levels" (xml:id), "From Graphs to Levels" (title)
ERROR   : * PTX:ERROR:   a cross-reference ("xref") uses references [pend-end] that do not point to any target, or perhaps point to multiple targets.  Maybe you typed an @xml:id value wrong, maybe the target of the @xml:id is nonexistent, or maybe you temporarily removed the target from your source, or maybe an auxiliary file contains a duplicate.  Your output will contain some placeholder text that you will not want to distribute to your readers.
INFO    : *              located within: "sec_graphs-and-level-sets_subsec_from-graphs-to-levels" (xml:id), "From Graphs to Levels" (title)
ERROR   : * PTX:ERROR:   a cross-reference ("xref") uses references [saddle] that do not point to any target, or perhaps point to multiple targets.  Maybe you typed an @xml:id value wrong, maybe the target of the @xml:id is nonexistent, or maybe you temporarily removed the target from your source, or maybe an auxiliary file contains a duplicate.  Your output will contain some placeholder text that you will not want to distribute to your readers.
INFO    : *              located within: "sec_graphs-and-level-sets_subsec_contours-of-a-function-of-three-variables" (xml:id), "Contours of a Function of Three Variables" (title)
ERROR   : * PTX:ERROR:   a cross-reference ("xref") uses references [spring_energy] that do not point to any target, or perhaps point to multiple targets.  Maybe you typed an @xml:id value wrong, maybe the target of the @xml:id is nonexistent, or maybe you temporarily removed the target from your source, or maybe an auxiliary file contains a duplicate.  Your output will contain some placeholder text that you will not want to distribute to your readers.
INFO    : *              located within: "sec_graphs-and-level-sets_subsubsec_first-integrals" (xml:id), "First integrals" (title)
ERROR   : * PTX:ERROR:   a cross-reference ("xref") uses references [spring_energy] that do not point to any target, or perhaps point to multiple targets.  Maybe you typed an @xml:id value wrong, maybe the target of the @xml:id is nonexistent, or maybe you temporarily removed the target from your source, or maybe an auxiliary file contains a duplicate.  Your output will contain some placeholder text that you will not want to distribute to your readers.
INFO    : *              located within: "sec_graphs-and-level-sets_subsubsec_first-integrals" (xml:id), "First integrals" (title)
ERROR   : * PTX:ERROR:   a cross-reference ("xref") uses references [spring_energy] that do not point to any target, or perhaps point to multiple targets.  Maybe you typed an @xml:id value wrong, maybe the target of the @xml:id is nonexistent, or maybe you temporarily removed the target from your source, or maybe an auxiliary file contains a duplicate.  Your output will contain some placeholder text that you will not want to distribute to your readers.
INFO    : *              located within: "sec_graphs-and-level-sets_subsubsec_first-integrals" (xml:id), "First integrals" (title)
ERROR   : * PTX:ERROR:   a cross-reference ("xref") uses references [ln_first_int] that do not point to any target, or perhaps point to multiple targets.  Maybe you typed an @xml:id value wrong, maybe the target of the @xml:id is nonexistent, or maybe you temporarily removed the target from your source, or maybe an auxiliary file contains a duplicate.  Your output will contain some placeholder text that you will not want to distribute to your readers.
INFO    : *              located within: "sec_graphs-and-level-sets_subsubsec_first-integrals" (xml:id), "First integrals" (title)
ERROR   : * PTX:ERROR:   a cross-reference ("xref") uses references [ln_first_int] that do not point to any target, or perhaps point to multiple targets.  Maybe you typed an @xml:id value wrong, maybe the target of the @xml:id is nonexistent, or maybe you temporarily removed the target from your source, or maybe an auxiliary file contains a duplicate.  Your output will contain some placeholder text that you will not want to distribute to your readers.
INFO    : *              located within: "sec_graphs-and-level-sets_subsubsec_first-integrals" (xml:id), "First integrals" (title)
ERROR   : * PTX:ERROR:   a cross-reference ("xref") uses references [L-V_first_int] that do not point to any target, or perhaps point to multiple targets.  Maybe you typed an @xml:id value wrong, maybe the target of the @xml:id is nonexistent, or maybe you temporarily removed the target from your source, or maybe an auxiliary file contains a duplicate.  Your output will contain some placeholder text that you will not want to distribute to your readers.
INFO    : *              located within: "sec_graphs-and-level-sets_subsubsec_first-integrals" (xml:id), "First integrals" (title)
ERROR   : * PTX:ERROR:   a cross-reference ("xref") uses references [altdef] that do not point to any target, or perhaps point to multiple targets.  Maybe you typed an @xml:id value wrong, maybe the target of the @xml:id is nonexistent, or maybe you temporarily removed the target from your source, or maybe an auxiliary file contains a duplicate.  Your output will contain some placeholder text that you will not want to distribute to your readers.
INFO    : *              located within: "sec_local-linearity_subsubsec_the-microscope-equation-with-two-input-variables" (xml:id), "The microscope equation with two input variables" (title)
ERROR   : * PTX:ERROR:   a cross-reference ("xref") uses references [altdef] that do not point to any target, or perhaps point to multiple targets.  Maybe you typed an @xml:id value wrong, maybe the target of the @xml:id is nonexistent, or maybe you temporarily removed the target from your source, or maybe an auxiliary file contains a duplicate.  Your output will contain some placeholder text that you will not want to distribute to your readers.
INFO    : *              located within: "sec_local-linearity_subsubsec_the-microscope-equation-with-two-input-variables" (xml:id), "The microscope equation with two input variables" (title)
ERROR   : * PTX:ERROR:   a cross-reference ("xref") uses references [altdef] that do not point to any target, or perhaps point to multiple targets.  Maybe you typed an @xml:id value wrong, maybe the target of the @xml:id is nonexistent, or maybe you temporarily removed the target from your source, or maybe an auxiliary file contains a duplicate.  Your output will contain some placeholder text that you will not want to distribute to your readers.
INFO    : *              located within: "sec_local-linearity_subsubsec_the-microscope-equation-with-two-input-variables" (xml:id), "The microscope equation with two input variables" (title)
ERROR   : * PTX:ERROR:   a cross-reference ("xref") uses references [grad] that do not point to any target, or perhaps point to multiple targets.  Maybe you typed an @xml:id value wrong, maybe the target of the @xml:id is nonexistent, or maybe you temporarily removed the target from your source, or maybe an auxiliary file contains a duplicate.  Your output will contain some placeholder text that you will not want to distribute to your readers.
INFO    : *              located within: "sec_local-linearity_subsec_the-gradient" (xml:id), "The Gradient" (title)
ERROR   : * PTX:ERROR:   a cross-reference ("xref") uses references [trade_off] that do not point to any target, or perhaps point to multiple targets.  Maybe you typed an @xml:id value wrong, maybe the target of the @xml:id is nonexistent, or maybe you temporarily removed the target from your source, or maybe an auxiliary file contains a duplicate.  Your output will contain some placeholder text that you will not want to distribute to your readers.
INFO    : *              located within: "sec_local-linearity_subsubsec_linear-functions" (xml:id), "Linear functions" (title)
ERROR   : * PTX:ERROR:   a cross-reference ("xref") uses references [optimum1] that do not point to any target, or perhaps point to multiple targets.  Maybe you typed an @xml:id value wrong, maybe the target of the @xml:id is nonexistent, or maybe you temporarily removed the target from your source, or maybe an auxiliary file contains a duplicate.  Your output will contain some placeholder text that you will not want to distribute to your readers.
INFO    : *              located within: "sec_optimization_density1" (xml:id), "Density plots" (title)
ERROR   : * PTX:ERROR:   a cross-reference ("xref") uses references [standard_min_max-begin] that do not point to any target, or perhaps point to multiple targets.  Maybe you typed an @xml:id value wrong, maybe the target of the @xml:id is nonexistent, or maybe you temporarily removed the target from your source, or maybe an auxiliary file contains a duplicate.  Your output will contain some placeholder text that you will not want to distribute to your readers.
INFO    : *              located within: "sec_optimization_subsubsec_contour-plots" (xml:id), "Contour plots" (title)
ERROR   : * PTX:ERROR:   a cross-reference ("xref") uses references [standard_min_max-end] that do not point to any target, or perhaps point to multiple targets.  Maybe you typed an @xml:id value wrong, maybe the target of the @xml:id is nonexistent, or maybe you temporarily removed the target from your source, or maybe an auxiliary file contains a duplicate.  Your output will contain some placeholder text that you will not want to distribute to your readers.
INFO    : *              located within: "sec_optimization_subsubsec_contour-plots" (xml:id), "Contour plots" (title)
ERROR   : * PTX:ERROR:   a cross-reference ("xref") uses references [gradtheorem2] that do not point to any target, or perhaps point to multiple targets.  Maybe you typed an @xml:id value wrong, maybe the target of the @xml:id is nonexistent, or maybe you temporarily removed the target from your source, or maybe an auxiliary file contains a duplicate.  Your output will contain some placeholder text that you will not want to distribute to your readers.
INFO    : *              located within: "sec_optimization_subsec_the-method-of-steepest-ascent" (xml:id), "The Method of Steepest Ascent" (title)
ERROR   : * PTX:ERROR:   a cross-reference ("xref") uses references [constraint] that do not point to any target, or perhaps point to multiple targets.  Maybe you typed an @xml:id value wrong, maybe the target of the @xml:id is nonexistent, or maybe you temporarily removed the target from your source, or maybe an auxiliary file contains a duplicate.  Your output will contain some placeholder text that you will not want to distribute to your readers.
INFO    : *              located within: "sec_optimization_subsec_lagrange-multipliers" (xml:id), "Lagrange Multipliers" (title)
ERROR   : * PTX:ERROR:   a cross-reference ("xref") uses references [fund_th-antider] that do not point to any target, or perhaps point to multiple targets.  Maybe you typed an @xml:id value wrong, maybe the target of the @xml:id is nonexistent, or maybe you temporarily removed the target from your source, or maybe an auxiliary file contains a duplicate.  Your output will contain some placeholder text that you will not want to distribute to your readers.
INFO    : *              located within: "sec_antiderivatives_subsec_using-antiderivatives" (xml:id), "Using Antiderivatives" (title)
ERROR   : * PTX:ERROR:   a cross-reference ("xref") uses references [fund_th-antider] that do not point to any target, or perhaps point to multiple targets.  Maybe you typed an @xml:id value wrong, maybe the target of the @xml:id is nonexistent, or maybe you temporarily removed the target from your source, or maybe an auxiliary file contains a duplicate.  Your output will contain some placeholder text that you will not want to distribute to your readers.
INFO    : *              located within: "sec_antiderivatives_subsec_using-antiderivatives" (xml:id), "Using Antiderivatives" (title)
ERROR   : * PTX:ERROR:   a cross-reference ("xref") uses references [defint] that do not point to any target, or perhaps point to multiple targets.  Maybe you typed an @xml:id value wrong, maybe the target of the @xml:id is nonexistent, or maybe you temporarily removed the target from your source, or maybe an auxiliary file contains a duplicate.  Your output will contain some placeholder text that you will not want to distribute to your readers.
INFO    : *              located within: "sec_integration-by-substitution_subsec_exercises" (xml:id), "Exercises" (title)
ERROR   : * PTX:ERROR:   a cross-reference ("xref") uses references [x_trig_] that do not point to any target, or perhaps point to multiple targets.  Maybe you typed an @xml:id value wrong, maybe the target of the @xml:id is nonexistent, or maybe you temporarily removed the target from your source, or maybe an auxiliary file contains a duplicate.  Your output will contain some placeholder text that you will not want to distribute to your readers.
INFO    : *              located within: "sec_integration-by-parts_subsubsec_sine-and-cosine-integrals" (xml:id), "Sine and cosine integrals" (title)
ERROR   : * PTX:ERROR:   a cross-reference ("xref") uses references [leaking_tank-begin] that do not point to any target, or perhaps point to multiple targets.  Maybe you typed an @xml:id value wrong, maybe the target of the @xml:id is nonexistent, or maybe you temporarily removed the target from your source, or maybe an auxiliary file contains a duplicate.  Your output will contain some placeholder text that you will not want to distribute to your readers.
INFO    : *              located within: "sec_separation-of-variables-and-partial-fractions_subsubsec_separation-of-variables" (xml:id), "Separation of variables" (title)
ERROR   : * PTX:ERROR:   a cross-reference ("xref") uses references [fall_w_air-begin] that do not point to any target, or perhaps point to multiple targets.  Maybe you typed an @xml:id value wrong, maybe the target of the @xml:id is nonexistent, or maybe you temporarily removed the target from your source, or maybe an auxiliary file contains a duplicate.  Your output will contain some placeholder text that you will not want to distribute to your readers.
INFO    : *              located within: "sec_separation-of-variables-and-partial-fractions_subsubsec_separation-of-variables" (xml:id), "Separation of variables" (title)
ERROR   : * PTX:ERROR:   a cross-reference ("xref") uses references [fall_w_air-end] that do not point to any target, or perhaps point to multiple targets.  Maybe you typed an @xml:id value wrong, maybe the target of the @xml:id is nonexistent, or maybe you temporarily removed the target from your source, or maybe an auxiliary file contains a duplicate.  Your output will contain some placeholder text that you will not want to distribute to your readers.
INFO    : *              located within: "sec_separation-of-variables-and-partial-fractions_subsubsec_separation-of-variables" (xml:id), "Separation of variables" (title)
ERROR   : * PTX:ERROR:   a cross-reference ("xref") uses references [ex_falling_body1] that do not point to any target, or perhaps point to multiple targets.  Maybe you typed an @xml:id value wrong, maybe the target of the @xml:id is nonexistent, or maybe you temporarily removed the target from your source, or maybe an auxiliary file contains a duplicate.  Your output will contain some placeholder text that you will not want to distribute to your readers.
INFO    : *              located within: "sec_separation-of-variables-and-partial-fractions_subsubsec_separation-of-variables" (xml:id), "Separation of variables" (title)
ERROR   : * PTX:ERROR:   a cross-reference ("xref") uses references [supergrowth_errors-begin] that do not point to any target, or perhaps point to multiple targets.  Maybe you typed an @xml:id value wrong, maybe the target of the @xml:id is nonexistent, or maybe you temporarily removed the target from your source, or maybe an auxiliary file contains a duplicate.  Your output will contain some placeholder text that you will not want to distribute to your readers.
INFO    : *              located within: "sec_separation-of-variables-and-partial-fractions_subsubsec_separation-of-variables" (xml:id), "Separation of variables" (title)
ERROR   : * PTX:ERROR:   a cross-reference ("xref") uses references [supergrowth_errors-end] that do not point to any target, or perhaps point to multiple targets.  Maybe you typed an @xml:id value wrong, maybe the target of the @xml:id is nonexistent, or maybe you temporarily removed the target from your source, or maybe an auxiliary file contains a duplicate.  Your output will contain some placeholder text that you will not want to distribute to your readers.
INFO    : *              located within: "sec_separation-of-variables-and-partial-fractions_subsubsec_separation-of-variables" (xml:id), "Separation of variables" (title)
ERROR   : * PTX:ERROR:   a cross-reference ("xref") uses references [trap] that do not point to any target, or perhaps point to multiple targets.  Maybe you typed an @xml:id value wrong, maybe the target of the @xml:id is nonexistent, or maybe you temporarily removed the target from your source, or maybe an auxiliary file contains a duplicate.  Your output will contain some placeholder text that you will not want to distribute to your readers.
INFO    : *              located within: "sec_simpsons-rule_subsec_simpsons-rule" (xml:id), "Simpson's Rule" (title)
ERROR   : * PTX:ERROR:   a cross-reference ("xref") uses references [trap] that do not point to any target, or perhaps point to multiple targets.  Maybe you typed an @xml:id value wrong, maybe the target of the @xml:id is nonexistent, or maybe you temporarily removed the target from your source, or maybe an auxiliary file contains a duplicate.  Your output will contain some placeholder text that you will not want to distribute to your readers.
INFO    : *              located within: "sec_simpsons-rule_subsec_simpsons-rule" (xml:id), "Simpson's Rule" (title)
ERROR   : * PTX:ERROR:   a cross-reference ("xref") uses references [x_normal_] that do not point to any target, or perhaps point to multiple targets.  Maybe you typed an @xml:id value wrong, maybe the target of the @xml:id is nonexistent, or maybe you temporarily removed the target from your source, or maybe an auxiliary file contains a duplicate.  Your output will contain some placeholder text that you will not want to distribute to your readers.
INFO    : *              located within: "sec_improper-integrals_subsubsec_the-normal-density-function" (xml:id), "The normal density function" (title)
ERROR   : * PTX:ERROR:   a cross-reference ("xref") uses references [May_Fourier] that do not point to any target, or perhaps point to multiple targets.  Maybe you typed an @xml:id value wrong, maybe the target of the @xml:id is nonexistent, or maybe you temporarily removed the target from your source, or maybe an auxiliary file contains a duplicate.  Your output will contain some placeholder text that you will not want to distribute to your readers.
INFO    : *              located within: "sec_fourier-series_subsec_exercises" (xml:id), "Exercises" (title)
INFO    : successful application of /Users/aaronweinberg/.ptx/2.39.0/core/xsl/pretext-html.xsl
INFO    : Removing temporary directory /var/folders/gs/h69vjsl512b8200d29lxpgrc0000gn/T/ptx-e1solous
INFO    : Removing temporary directory /var/folders/gs/h69vjsl512b8200d29lxpgrc0000gn/T/ptx-by4mfc66
INFO    : 
Finished build for target html. Run `pretext view html` to see the results.

CRITICAL: There were errors during the build.  See above.
INFO    : ------------------------
CRITICAL: Failed to build without errors.  Exiting...
INFO    : 
----------------------------------------------------
INFO    : While running pretext, the following errors occurred:

INFO    : (see log messages above or in the 'logs' folder for more information)
INFO    : ----------------------------------------------------
