This is pdfTeX, Version 3.141592653-2.6-1.40.26 (TeX Live 2024) (preloaded format=pdflatex 2024.12.21)  28 MAY 2026 14:44
entering extended mode
 restricted \write18 enabled.
 file:line:error style messages enabled.
 %&-line parsing enabled.
**cic.tex
(./cic.tex
LaTeX2e <2023-11-01> patch level 1
L3 programming layer <2024-02-20>
(/usr/local/texlive/2024/texmf-dist/tex/latex/base/book.cls
Document Class: book 2023/05/17 v1.4n Standard LaTeX document class
(/usr/local/texlive/2024/texmf-dist/tex/latex/base/bk12.clo
File: bk12.clo 2023/05/17 v1.4n Standard LaTeX file (size option)
)
\c@part=\count188
\c@chapter=\count189
\c@section=\count190
\c@subsection=\count191
\c@subsubsection=\count192
\c@paragraph=\count193
\c@subparagraph=\count194
\c@figure=\count195
\c@table=\count196
\abovecaptionskip=\skip48
\belowcaptionskip=\skip49
\bibindent=\dimen140
)
(/usr/local/texlive/2024/texmf-dist/tex/latex/amsmath/amsmath.sty
Package: amsmath 2023/05/13 v2.17o AMS math features
\@mathmargin=\skip50

For additional information on amsmath, use the `?' option.
(/usr/local/texlive/2024/texmf-dist/tex/latex/amsmath/amstext.sty
Package: amstext 2021/08/26 v2.01 AMS text

(/usr/local/texlive/2024/texmf-dist/tex/latex/amsmath/amsgen.sty
File: amsgen.sty 1999/11/30 v2.0 generic functions
\@emptytoks=\toks17
\ex@=\dimen141
))
(/usr/local/texlive/2024/texmf-dist/tex/latex/amsmath/amsbsy.sty
Package: amsbsy 1999/11/29 v1.2d Bold Symbols
\pmbraise@=\dimen142
)
(/usr/local/texlive/2024/texmf-dist/tex/latex/amsmath/amsopn.sty
Package: amsopn 2022/04/08 v2.04 operator names
)
\inf@bad=\count197
LaTeX Info: Redefining \frac on input line 234.
\uproot@=\count198
\leftroot@=\count199
LaTeX Info: Redefining \overline on input line 399.
LaTeX Info: Redefining \colon on input line 410.
\classnum@=\count266
\DOTSCASE@=\count267
LaTeX Info: Redefining \ldots on input line 496.
LaTeX Info: Redefining \dots on input line 499.
LaTeX Info: Redefining \cdots on input line 620.
\Mathstrutbox@=\box51
\strutbox@=\box52
LaTeX Info: Redefining \big on input line 722.
LaTeX Info: Redefining \Big on input line 723.
LaTeX Info: Redefining \bigg on input line 724.
LaTeX Info: Redefining \Bigg on input line 725.
\big@size=\dimen143
LaTeX Font Info:    Redeclaring font encoding OML on input line 743.
LaTeX Font Info:    Redeclaring font encoding OMS on input line 744.
\macc@depth=\count268
LaTeX Info: Redefining \bmod on input line 905.
LaTeX Info: Redefining \pmod on input line 910.
LaTeX Info: Redefining \smash on input line 940.
LaTeX Info: Redefining \relbar on input line 970.
LaTeX Info: Redefining \Relbar on input line 971.
\c@MaxMatrixCols=\count269
\dotsspace@=\muskip16
\c@parentequation=\count270
\dspbrk@lvl=\count271
\tag@help=\toks18
\row@=\count272
\column@=\count273
\maxfields@=\count274
\andhelp@=\toks19
\eqnshift@=\dimen144
\alignsep@=\dimen145
\tagshift@=\dimen146
\tagwidth@=\dimen147
\totwidth@=\dimen148
\lineht@=\dimen149
\@envbody=\toks20
\multlinegap=\skip51
\multlinetaggap=\skip52
\mathdisplay@stack=\toks21
LaTeX Info: Redefining \[ on input line 2953.
LaTeX Info: Redefining \] on input line 2954.
)
(/usr/local/texlive/2024/texmf-dist/tex/latex/amsfonts/amssymb.sty
Package: amssymb 2013/01/14 v3.01 AMS font symbols

(/usr/local/texlive/2024/texmf-dist/tex/latex/amsfonts/amsfonts.sty
Package: amsfonts 2013/01/14 v3.01 Basic AMSFonts support
\symAMSa=\mathgroup4
\symAMSb=\mathgroup5
LaTeX Font Info:    Redeclaring math symbol \hbar on input line 98.
LaTeX Font Info:    Overwriting math alphabet `\mathfrak' in version `bold'
(Font)                  U/euf/m/n --> U/euf/b/n on input line 106.
))
(/usr/local/texlive/2024/texmf-dist/tex/latex/tools/array.sty
Package: array 2023/10/16 v2.5g Tabular extension package (FMi)
\col@sep=\dimen150
\ar@mcellbox=\box53
\extrarowheight=\dimen151
\NC@list=\toks22
\extratabsurround=\skip53
\backup@length=\skip54
\ar@cellbox=\box54
)
(/usr/local/texlive/2024/texmf-dist/tex/latex/amsmath/amscd.sty
Package: amscd 2017/04/14 v2.1 AMS Commutative Diagrams
\athelp@=\toks23
\minaw@=\dimen152
\bigaw@=\dimen153
\minCDarrowwidth=\dimen154
)
(/usr/local/texlive/2024/texmf-dist/tex/latex/base/makeidx.sty
Package: makeidx 2021/10/04 v1.0m Standard LaTeX package
)
(/usr/local/texlive/2024/texmf-dist/tex/latex/graphics/graphicx.sty
Package: graphicx 2021/09/16 v1.2d Enhanced LaTeX Graphics (DPC,SPQR)

(/usr/local/texlive/2024/texmf-dist/tex/latex/graphics/keyval.sty
Package: keyval 2022/05/29 v1.15 key=value parser (DPC)
\KV@toks@=\toks24
)
(/usr/local/texlive/2024/texmf-dist/tex/latex/graphics/graphics.sty
Package: graphics 2022/03/10 v1.4e Standard LaTeX Graphics (DPC,SPQR)

(/usr/local/texlive/2024/texmf-dist/tex/latex/graphics/trig.sty
Package: trig 2021/08/11 v1.11 sin cos tan (DPC)
)
(/usr/local/texlive/2024/texmf-dist/tex/latex/graphics-cfg/graphics.cfg
File: graphics.cfg 2016/06/04 v1.11 sample graphics configuration
)
Package graphics Info: Driver file: pdftex.def on input line 107.

(/usr/local/texlive/2024/texmf-dist/tex/latex/graphics-def/pdftex.def
File: pdftex.def 2022/09/22 v1.2b Graphics/color driver for pdftex
))
\Gin@req@height=\dimen155
\Gin@req@width=\dimen156
)
(./copyright.tex
COPYRIGHT option, 20 January 2004
)
\c@exercisenumber=\count275
\c@exercisepart=\count276
\c@derivexercise=\count277
\c@firstintexercise=\count278
\c@softexercise=\count279
\c@spina=\count280
\c@spinb=\count281
\observationbox=\box55
 (/usr/local/texlive/2024/texmf-dist/tex/latex/l3backend/l3backend-pdftex.def
File: l3backend-pdftex.def 2024-02-20 L3 backend support: PDF output (pdfTeX)
\l__color_backend_stack_int=\count282
\l__pdf_internal_box=\box56
) (./cic.aux (./pref2008.aux) (./pref1994.aux) (./ch1.aux

LaTeX Warning: Label `subsec:exercises' multiply defined.


LaTeX Warning: Label `subsec:exercises' multiply defined.


LaTeX Warning: Label `subsubsec:the-program-sir' multiply defined.

) (./ch2.aux

LaTeX Warning: Label `subsec:exercises' multiply defined.


LaTeX Warning: Label `subsec:exercises' multiply defined.


LaTeX Warning: Label `subsec:exercises' multiply defined.


LaTeX Warning: Label `sec:chapter-summary' multiply defined.


LaTeX Warning: Label `subsec:the-main-ideas' multiply defined.


LaTeX Warning: Label `subsec:expectations' multiply defined.


LaTeX Warning: Label `subsec:chapter-exercises' multiply defined.

) (./ch3.aux

LaTeX Warning: Label `subsec:exercises' multiply defined.


LaTeX Warning: Label `subsec:exercises' multiply defined.


LaTeX Warning: Label `subsec:exercises' multiply defined.


LaTeX Warning: Label `subsec:exercises' multiply defined.


LaTeX Warning: Label `subsec:exercises' multiply defined.


LaTeX Warning: Label `subsec:exercises' multiply defined.


LaTeX Warning: Label `subsec:exercises' multiply defined.


LaTeX Warning: Label `sec:chapter-summary' multiply defined.


LaTeX Warning: Label `subsec:the-main-ideas' multiply defined.


LaTeX Warning: Label `subsec:expectations' multiply defined.

) (./ch4.aux

LaTeX Warning: Label `subsec:exercises' multiply defined.


LaTeX Warning: Label `subsec:exercises' multiply defined.


LaTeX Warning: Label `subsubsec:newtons-law-of-cooling' multiply defined.


LaTeX Warning: Label `subsec:exercises' multiply defined.


LaTeX Warning: Label `subsec:exponential-growth' multiply defined.


LaTeX Warning: Label `subsec:exercises' multiply defined.


LaTeX Warning: Label `subsec:exercises' multiply defined.


LaTeX Warning: Label `sec:chapter-summary' multiply defined.


LaTeX Warning: Label `subsec:the-main-ideas' multiply defined.


LaTeX Warning: Label `subsec:expectations' multiply defined.

) (./ch5.aux

LaTeX Warning: Label `subsec:exercises' multiply defined.


LaTeX Warning: Label `subsec:exercises' multiply defined.


LaTeX Warning: Label `subsec:exercises' multiply defined.


LaTeX Warning: Label `subsec:exercises' multiply defined.


LaTeX Warning: Label `subsec:exercises' multiply defined.


LaTeX Warning: Label `sec:chapter-summary' multiply defined.


LaTeX Warning: Label `subsec:the-main-ideas' multiply defined.


LaTeX Warning: Label `subsec:expectations' multiply defined.


LaTeX Warning: Label `subsec:chapter-exercises' multiply defined.

) (./ch6.aux

LaTeX Warning: Label `subsec:exercises' multiply defined.


LaTeX Warning: Label `subsec:definition' multiply defined.


LaTeX Warning: Label `subsec:exercises' multiply defined.


LaTeX Warning: Label `subsec:definition' multiply defined.


LaTeX Warning: Label `subsec:exercises' multiply defined.


LaTeX Warning: Label `subsec:antiderivatives' multiply defined.


LaTeX Warning: Label `subsec:exercises' multiply defined.


LaTeX Warning: Label `sec:chapter-summary' multiply defined.


LaTeX Warning: Label `subsec:the-main-ideas' multiply defined.


LaTeX Warning: Label `subsec:expectations' multiply defined.

) (./ch7.aux

LaTeX Warning: Label `subsec:exercises' multiply defined.


LaTeX Warning: Label `subsec:exercises' multiply defined.


LaTeX Warning: Label `sec:chapter-summary' multiply defined.


LaTeX Warning: Label `subsec:the-main-ideas' multiply defined.


LaTeX Warning: Label `subsec:expectations' multiply defined.

) (./ch8.aux

LaTeX Warning: Label `subsec:exercises' multiply defined.


LaTeX Warning: Label `subsubsec:the-pendulum' multiply defined.


LaTeX Warning: Label `subsec:exercises' multiply defined.


LaTeX Warning: Label `subsec:exercises' multiply defined.


LaTeX Warning: Label `subsec:exercises' multiply defined.


LaTeX Warning: Label `subsec:exercises' multiply defined.


LaTeX Warning: Label `sec:chapter-summary' multiply defined.


LaTeX Warning: Label `subsec:the-main-ideas' multiply defined.


LaTeX Warning: Label `subsec:expectations' multiply defined.

) (./ch9.aux

LaTeX Warning: Label `subsec:exercises' multiply defined.


LaTeX Warning: Label `subsubsec:first-integrals' multiply defined.


LaTeX Warning: Label `subsec:linear-functions' multiply defined.


LaTeX Warning: Label `subsec:the-microscope-equation' multiply defined.


LaTeX Warning: Label `subsec:exercises' multiply defined.


LaTeX Warning: Label `subsubsec:the-microscope-equation' multiply defined.


LaTeX Warning: Label `subsec:exercises' multiply defined.


LaTeX Warning: Label `sec:chapter-summary' multiply defined.


LaTeX Warning: Label `subsec:the-main-ideas' multiply defined.


LaTeX Warning: Label `subsec:expectations' multiply defined.

) (./ch10.aux

LaTeX Warning: Label `subsec:exercises' multiply defined.


LaTeX Warning: Label `subsec:exercises' multiply defined.


LaTeX Warning: Label `subsec:exercises' multiply defined.


LaTeX Warning: Label `subsec:exercises' multiply defined.


LaTeX Warning: Label `subsec:exercises' multiply defined.


LaTeX Warning: Label `sec:chapter-summary' multiply defined.


LaTeX Warning: Label `subsec:the-main-ideas' multiply defined.


LaTeX Warning: Label `subsec:expectations' multiply defined.

) (./ch11.aux

LaTeX Warning: Label `subsec:definition' multiply defined.


LaTeX Warning: Label `subsec:inverse-functions' multiply defined.


LaTeX Warning: Label `subsec:exercises' multiply defined.


LaTeX Warning: Label `subsec:exercises' multiply defined.


LaTeX Warning: Label `subsec:exercises' multiply defined.


LaTeX Warning: Label `subsubsec:summary' multiply defined.


LaTeX Warning: Label `subsec:exercises' multiply defined.


LaTeX Warning: Label `subsec:exercises' multiply defined.


LaTeX Warning: Label `subsec:exercises' multiply defined.


LaTeX Warning: Label `subsec:exercises' multiply defined.


LaTeX Warning: Label `sec:chapter-summary' multiply defined.


LaTeX Warning: Label `subsec:the-main-ideas' multiply defined.


LaTeX Warning: Label `subsec:expectations' multiply defined.

) (./ch12.aux

LaTeX Warning: Label `subsec:exercises' multiply defined.


LaTeX Warning: Label `subsec:exercises' multiply defined.


LaTeX Warning: Label `subsec:exercises' multiply defined.


LaTeX Warning: Label `subsec:exercises' multiply defined.

))
\openout1 = `cic.aux'.

LaTeX Font Info:    Checking defaults for OML/cmm/m/it on input line 58.
LaTeX Font Info:    ... okay on input line 58.
LaTeX Font Info:    Checking defaults for OMS/cmsy/m/n on input line 58.
LaTeX Font Info:    ... okay on input line 58.
LaTeX Font Info:    Checking defaults for OT1/cmr/m/n on input line 58.
LaTeX Font Info:    ... okay on input line 58.
LaTeX Font Info:    Checking defaults for T1/cmr/m/n on input line 58.
LaTeX Font Info:    ... okay on input line 58.
LaTeX Font Info:    Checking defaults for TS1/cmr/m/n on input line 58.
LaTeX Font Info:    ... okay on input line 58.
LaTeX Font Info:    Checking defaults for OMX/cmex/m/n on input line 58.
LaTeX Font Info:    ... okay on input line 58.
LaTeX Font Info:    Checking defaults for U/cmr/m/n on input line 58.
LaTeX Font Info:    ... okay on input line 58.
 (/usr/local/texlive/2024/texmf-dist/tex/context/base/mkii/supp-pdf.mkii
[Loading MPS to PDF converter (version 2006.09.02).]
\scratchcounter=\count283
\scratchdimen=\dimen157
\scratchbox=\box57
\nofMPsegments=\count284
\nofMParguments=\count285
\everyMPshowfont=\toks25
\MPscratchCnt=\count286
\MPscratchDim=\dimen158
\MPnumerator=\count287
\makeMPintoPDFobject=\count288
\everyMPtoPDFconversion=\toks26
) (/usr/local/texlive/2024/texmf-dist/tex/latex/epstopdf-pkg/epstopdf-base.sty
Package: epstopdf-base 2020-01-24 v2.11 Base part for package epstopdf
Package epstopdf-base Info: Redefining graphics rule for `.eps' on input line 4
85.

(/usr/local/texlive/2024/texmf-dist/tex/latex/latexconfig/epstopdf-sys.cfg
File: epstopdf-sys.cfg 2010/07/13 v1.3 Configuration of (r)epstopdf for TeX Liv
e
))
\openout2 = `pref2008.aux'.


(./pref2008.tex) [1.14.44


Non-PDF special ignored!
<special> !userdict begin /bop-hook {gsave 100 40 translate /Helvetica find...


{/usr/local/texlive/2024/texmf-var/fonts/map/pdftex/updmap/pdftex.map}]
\openout2 = `pref1994.aux'.


(./pref1994.tex [2.14.44




]
LaTeX Font Info:    Trying to load font information for U+msa on input line 33.


(/usr/local/texlive/2024/texmf-dist/tex/latex/amsfonts/umsa.fd
File: umsa.fd 2013/01/14 v3.01 AMS symbols A
)
LaTeX Font Info:    Trying to load font information for U+msb on input line 33.


(/usr/local/texlive/2024/texmf-dist/tex/latex/amsfonts/umsb.fd
File: umsb.fd 2013/01/14 v3.01 AMS symbols B
) [3.14.44]
[4.14.44] [5.14.44] [6.14.44] [7.14.44] [8.14.44] [9.14.44] [10.14.44])
[11.14.44] [12.14.44



] (./cic.toc [13.14.44] [14.14.44] [15.14.44] [16.14.44]
[17.14.44] [18.14.44] [19.14.44] [20.14.44]
Overfull \hbox (5.28741pt too wide) detected at line 560
 \OT1/cmr/m/n/12 1003
 []


Overfull \hbox (5.28741pt too wide) detected at line 561
 \OT1/cmr/m/n/12 1009
 []


Overfull \hbox (5.28741pt too wide) detected at line 565
 \OT1/cmr/m/n/12 1015
 []


Overfull \hbox (5.28741pt too wide) detected at line 567
 \OT1/cmr/m/n/12 1026
 []

)
\tf@toc=\write3
\openout3 = `cic.toc'.

 [21.14.44] [22.14.44]
\openout2 = `ch1.aux'.

 (./ch1.tex
Chapter 1.

Overfull \hbox (5.70561pt too wide) in paragraph at lines 35--43
[]\OT1/cmr/m/n/12 An epi-demic is a com-pli-cated mat-ter, but the dan-gers pos
ed by contagion---
 []

[1.14.44


] [2.14.44{/usr/local/texlive/2024/texmf-dist/fonts/enc/dvips/cm-super/cm-super
-ts1.enc}] [3.14.44] [4.14.44] [5.14.44] [6.14.44] [7.14.44] [8.14.44]
[9.14.44] [10.14.44]
Underfull \vbox (badness 10000) has occurred while \output is active []

 [11.14.44] [12.14.44] [13.14.44] [14.14.44] [15.14.44] [16.14.44] [17.14.44] [
18.14.44]
[19.14.44]
Underfull \vbox (badness 10000) has occurred while \output is active []

 [20.14.44] [21.14.44] [22.14.44] [23.14.44] [24.14.44]
Overfull \hbox (7.8274pt too wide) in paragraph at lines 1559--1564
\OT1/cmr/m/n/12 ^^A\OML/cmm/m/it/12 t \OT1/cmr/m/n/12 = \OMS/cmsy/m/n/12 ^^F\OT
1/cmr/m/n/12 1$? Con-se-quently, which pro-cess pro-duces bet-ter estimates---
 []

[25.14.44] [26.14.44] [27.14.44] [28.14.44] [29.14.44] [30.14.44] [31.14.44]
[32.14.44]
Underfull \vbox (badness 5847) has occurred while \output is active []

 [33.14.44]
[34.14.44] [35.14.44] [36.14.44] [37.14.44] [38.14.44] [39.14.44] [40.14.44]
[41.14.44] [42.14.44] [43.14.44]
<../ps/calc1/trig1.pdf, id=230, 567.65775pt x 402.20966pt>
File: ../ps/calc1/trig1.pdf Graphic file (type pdf)
<use ../ps/calc1/trig1.pdf>
Package pdftex.def Info: ../ps/calc1/trig1.pdf  used on input line 2821.
(pdftex.def)             Requested size: 390.0pt x 276.3282pt.

Underfull \vbox (badness 10000) has occurred while \output is active []

 [44.14.44]
<../ps/calc1/trig2.pdf, id=234, 2392.94pt x 3382.6375pt>
File: ../ps/calc1/trig2.pdf Graphic file (type pdf)
<use ../ps/calc1/trig2.pdf>
Package pdftex.def Info: ../ps/calc1/trig2.pdf  used on input line 2835.
(pdftex.def)             Requested size: 390.0pt x 551.29796pt.

Underfull \vbox (badness 10000) has occurred while \output is active []

 [45.14.44 <../ps/calc1/trig1.pdf>]
Overfull \vbox (2.79796pt too high) has occurred while \output is active []


[46.14.44 <../ps/calc1/trig2.pdf>]
Overfull \vbox (2.0pt too high) has occurred while \output is active []

 [47.14.44] [48.14.44] [49.14.44] [50.14.44] [51.14.44] [52.14.44] [53.14.44] [
54.14.44]
[55.14.44] [56.14.44] [57.14.44] [58.14.44] [59.14.44] [60.14.44] [61.14.44]
[62.14.44] [63.14.44] [64.14.44] [65.14.44] [66.14.44] [67.14.44] [68.14.44

])
\openout2 = `ch2.aux'.


(./ch2.tex
Chapter 2.
[69.14.44




] [70.14.44] [71.14.44] [72.14.44] [73.14.44] [74.14.44] [75.14.44]
<../ps/calc1/picture3.pdf, id=352, 397.485pt x 245.91875pt>
File: ../ps/calc1/picture3.pdf Graphic file (type pdf)
<use ../ps/calc1/picture3.pdf>
Package pdftex.def Info: ../ps/calc1/picture3.pdf  used on input line 532.
(pdftex.def)             Requested size: 390.0pt x 241.29515pt.

[76.14.44 <../ps/calc1/picture3.pdf>] [77.14.44]
<../ps/calc1/picture2.pdf, id=368, 257.96375pt x 186.6975pt>
File: ../ps/calc1/picture2.pdf Graphic file (type pdf)
<use ../ps/calc1/picture2.pdf>
Package pdftex.def Info: ../ps/calc1/picture2.pdf  used on input line 623.
(pdftex.def)             Requested size: 390.0pt x 282.28468pt.

Underfull \vbox (badness 10000) has occurred while \output is active []

 [78.14.44] [79.14.44 <../ps/calc1/picture2.pdf>] [80.14.44] [81.14.44] [82.14.
44]
[83.14.44] [84.14.44]
Underfull \hbox (badness 10000) in paragraph at lines 1012--1014

 []

[85.14.44]
Underfull \hbox (badness 10000) in paragraph at lines 1108--1111

 []


Overfull \vbox (8.0pt too high) has occurred while \output is active []

 [86.14.44] [87.14.44] [88.14.44] [89.14.44]
Underfull \hbox (badness 10000) in paragraph at lines 1280--1283

 []

<../ps/calc1/picture4.pdf, id=418, 253.94875pt x 165.61874pt>
File: ../ps/calc1/picture4.pdf Graphic file (type pdf)
<use ../ps/calc1/picture4.pdf>
Package pdftex.def Info: ../ps/calc1/picture4.pdf  used on input line 1296.
(pdftex.def)             Requested size: 390.0pt x 254.35616pt.

Underfull \vbox (badness 10000) has occurred while \output is active []

 [90.14.44] [91.14.44 <../ps/calc1/picture4.pdf>]
<../ps/calc1/picture5.pdf, id=433, 360.34625pt x 232.87pt>
File: ../ps/calc1/picture5.pdf Graphic file (type pdf)
<use ../ps/calc1/picture5.pdf>
Package pdftex.def Info: ../ps/calc1/picture5.pdf  used on input line 1347.
(pdftex.def)             Requested size: 390.0pt x 252.03238pt.
 [92.14.44 <../ps/calc1/picture5.pdf>]
[93.14.44] [94.14.44] [95.14.44] [96.14.44] [97.14.44]
Overfull \hbox (46.45741pt too wide) in paragraph at lines 1646--1652
\OT1/cmr/m/n/12 struct the se-quence of Eu-ler ap-prox-i-ma-tions be-gin-ning w
ith \OT1/cmtt/m/n/12 numberofsteps
 []

[98.14.44] [99.14.44] [100.14.44]
Overfull \vbox (14.0pt too high) has occurred while \output is active []

 [101.14.44] [102.14.44]
Overfull \vbox (1.03331pt too high) has occurred while \output is active []


[103.14.44] [104.14.44] [105.14.44] [106.14.44] [107.14.44] [108.14.44]
[109.14.44] [110.14.44]
Underfull \hbox (badness 10000) in paragraph at lines 2535--2537

 []


Underfull \hbox (badness 10000) in paragraph at lines 2543--2545

 []

) [111.14.44
Non-PDF special ignored!
<special> psfile =../ps/calc1/sir.ps
]
\openout2 = `ch3.aux'.

 (./ch3.tex [112.14.44




]
Chapter 3.
[113.14.44]
Overfull \hbox (1.23958pt too wide) in paragraph at lines 56--90
[][] 
 []

[114.14.44] [115.14.44] [116.14.44]
Overfull \vbox (4.0pt too high) has occurred while \output is active []

 [117.14.44] [118.14.44]
<../ps/calc1/profile.pdf, id=529, 146.5475pt x 143.53625pt>
File: ../ps/calc1/profile.pdf Graphic file (type pdf)
<use ../ps/calc1/profile.pdf>
Package pdftex.def Info: ../ps/calc1/profile.pdf  used on input line 386.
(pdftex.def)             Requested size: 360.6253pt x 353.25255pt.

Underfull \vbox (badness 10000) has occurred while \output is active []

 [119.14.44] [120.14.44 <../ps/calc1/profile.pdf>]
<../ps/calc1/sunrise1.pdf, id=544, 260.13957pt x 159.3136pt>
File: ../ps/calc1/sunrise1.pdf Graphic file (type pdf)
<use ../ps/calc1/sunrise1.pdf>
Package pdftex.def Info: ../ps/calc1/sunrise1.pdf  used on input line 425.
(pdftex.def)             Requested size: 390.0pt x 238.8531pt.

Underfull \hbox (badness 10000) in paragraph at lines 428--433

 []

[121.14.44 <../ps/calc1/sunrise1.pdf>]
<../ps/calc1/sunrise2a.pdf, id=582, 397.485pt x 194.7275pt>
File: ../ps/calc1/sunrise2a.pdf Graphic file (type pdf)
<use ../ps/calc1/sunrise2a.pdf>
Package pdftex.def Info: ../ps/calc1/sunrise2a.pdf  used on input line 448.
(pdftex.def)             Requested size: 390.0pt x 191.06636pt.
 [122.14.44 <../ps/calc1/sunrise2a.pdf>]
<../ps/calc1/mag1.pdf, id=592, 399.4925pt x 277.035pt>
File: ../ps/calc1/mag1.pdf Graphic file (type pdf)
<use ../ps/calc1/mag1.pdf>
Package pdftex.def Info: ../ps/calc1/mag1.pdf  used on input line 528.
(pdftex.def)             Requested size: 390.0pt x 270.46523pt.

[123.14.44]
<../ps/calc1/mag2.pdf, id=597, 129.48375pt x 180.675pt>
File: ../ps/calc1/mag2.pdf Graphic file (type pdf)
<use ../ps/calc1/mag2.pdf>
Package pdftex.def Info: ../ps/calc1/mag2.pdf  used on input line 530.
(pdftex.def)             Requested size: 390.0pt x 544.24567pt.

Underfull \vbox (badness 10000) has occurred while \output is active []

 [124.14.44 <../ps/calc1/mag1.pdf>]
<../ps/calc1/mag3.pdf, id=610, 148.555pt x 136.51pt>
File: ../ps/calc1/mag3.pdf Graphic file (type pdf)
<use ../ps/calc1/mag3.pdf>
Package pdftex.def Info: ../ps/calc1/mag3.pdf  used on input line 532.
(pdftex.def)             Requested size: 390.0pt x 358.43367pt.

Underfull \vbox (badness 10000) has occurred while \output is active []

 [125.14.44 <../ps/calc1/mag2.pdf>]
<../ps/calc1/mag4.pdf, id=620, 151.56625pt x 113.42375pt>
File: ../ps/calc1/mag4.pdf Graphic file (type pdf)
<use ../ps/calc1/mag4.pdf>
Package pdftex.def Info: ../ps/calc1/mag4.pdf  used on input line 534.
(pdftex.def)             Requested size: 390.0pt x 291.8591pt.

Underfull \vbox (badness 10000) has occurred while \output is active []

 [126.14.44 <../ps/calc1/mag3.pdf>]
<../ps/calc1/mag5.pdf, id=630, 154.5775pt x 100.375pt>
File: ../ps/calc1/mag5.pdf Graphic file (type pdf)
<use ../ps/calc1/mag5.pdf>
Package pdftex.def Info: ../ps/calc1/mag5.pdf  used on input line 536.
(pdftex.def)             Requested size: 390.0pt x 253.26947pt.
<../ps/calc1/mag6.pdf, id=631, 88.33pt x 95.35625pt>
File: ../ps/calc1/mag6.pdf Graphic file (type pdf)
<use ../ps/calc1/mag6.pdf>
Package pdftex.def Info: ../ps/calc1/mag6.pdf  used on input line 538.
(pdftex.def)             Requested size: 390.0pt x 421.10378pt.

Underfull \vbox (badness 1331) has occurred while \output is active []

 [127.14.44 <../ps/calc1/mag4.pdf> <../ps/calc1/mag5.pdf>]
Underfull \vbox (badness 10000) has occurred while \output is active []

 [128.14.44 <../ps/calc1/mag6.pdf>] [129.14.44] [130.14.44]
<../ps/calc1/cusp1.pdf, id=661, 357.335pt x 110.4125pt>
File: ../ps/calc1/cusp1.pdf Graphic file (type pdf)
<use ../ps/calc1/cusp1.pdf>
Package pdftex.def Info: ../ps/calc1/cusp1.pdf  used on input line 684.
(pdftex.def)             Requested size: 390.0pt x 120.51233pt.
<../ps/calc1/cusp2.pdf, id=662, 134.5025pt x 22.0825pt>
File: ../ps/calc1/cusp2.pdf Graphic file (type pdf)
<use ../ps/calc1/cusp2.pdf>
Package pdftex.def Info: ../ps/calc1/cusp2.pdf  used on input line 699.
(pdftex.def)             Requested size: 390.0pt x 64.0308pt.
<../ps/calc1/cusp3.pdf, id=663, 361.35pt x 196.735pt>
File: ../ps/calc1/cusp3.pdf Graphic file (type pdf)
<use ../ps/calc1/cusp3.pdf>
Package pdftex.def Info: ../ps/calc1/cusp3.pdf  used on input line 711.
(pdftex.def)             Requested size: 390.0pt x 212.33553pt.
 [131.14.44 <../ps/calc1/cusp1.pdf> <../ps/calc1/cusp2.pdf>]
Underfull \hbox (badness 10000) in paragraph at lines 735--736

 []


Underfull \vbox (badness 10000) has occurred while \output is active []

 [132.14.44 <../ps/calc1/cusp3.pdf>] [133.14.44] [134.14.44]
Overfull \hbox (10.20712pt too wide) in paragraph at lines 912--916
\OT1/cmr/m/n/12 what time is A run-ning at $\OMS/cmsy/m/n/12 ^^@\OT1/cmr/m/n/12
 5$ feet/second (i.e., run-ning 5 feet/second
 []

<../ps/calc1/prob114.pdf, id=695, 255.95625pt x 143.53625pt>
File: ../ps/calc1/prob114.pdf Graphic file (type pdf)
<use ../ps/calc1/prob114.pdf>
Package pdftex.def Info: ../ps/calc1/prob114.pdf  used on input line 917.
(pdftex.def)             Requested size: 334.77562pt x 187.74911pt.

Underfull \vbox (badness 10000) has occurred while \output is active []

 [135.14.44] [136.14.44 <../ps/calc1/prob114.pdf>]
<../ps/calc1/prob115.pdf, id=711, 319.1925pt x 180.675pt>
File: ../ps/calc1/prob115.pdf Graphic file (type pdf)
<use ../ps/calc1/prob115.pdf>
Package pdftex.def Info: ../ps/calc1/prob115.pdf  used on input line 956.
(pdftex.def)             Requested size: 360.6253pt x 204.13004pt.
 [137.14.44 <../ps/calc1/prob115.pdf>]
[138.14.44] [139.14.44] (./a332.tex) [140.14.44] [141.14.44] [142.14.44]
[143.14.44] (./a333.tex) [144.14.44] (./a334.tex)
Underfull \vbox (badness 1460) has occurred while \output is active []

 [145.14.44] [146.14.44] [147.14.44]
<../ps/calc1/micro1.pdf, id=754, 273.02pt x 226.8475pt>
File: ../ps/calc1/micro1.pdf Graphic file (type pdf)
<use ../ps/calc1/micro1.pdf>
Package pdftex.def Info: ../ps/calc1/micro1.pdf  used on input line 1731.
(pdftex.def)             Requested size: 390.0pt x 324.06409pt.

Underfull \vbox (badness 10000) has occurred while \output is active []

 [148.14.44]
Underfull \vbox (badness 1231) has occurred while \output is active []

 [149.14.44 <../ps/calc1/micro1.pdf>] [150.14.44]
Overfull \hbox (1.69337pt too wide) detected at line 1850
\OML/cmm/m/it/12 Q[] \OT1/cmr/m/n/12 = [] = [] [] \OML/cmm/m/it/12 Q[] \OT1/cmr
/m/n/12 = [] = []\OML/cmm/m/it/12 :
 []

[151.14.44]
Overfull \hbox (8.5778pt too wide) in paragraph at lines 1891--1901
[]\OT1/cmr/m/n/12 At this point you will find it con-ve-nient to write a more g
en-eral derivative-
 []

[152.14.44] [153.14.44] [154.14.44] [155.14.44] [156.14.44] [157.14.44]
[158.14.44] [159.14.44] [160.14.44] [161.14.44] [162.14.44] [163.14.44]
[164.14.44]
<../ps/calc1/iiprime.pdf, id=817, 270.00874pt x 384.43625pt>
File: ../ps/calc1/iiprime.pdf Graphic file (type pdf)
<use ../ps/calc1/iiprime.pdf>
Package pdftex.def Info: ../ps/calc1/iiprime.pdf  used on input line 2654.
(pdftex.def)             Requested size: 390.0pt x 555.29478pt.

Underfull \vbox (badness 10000) has occurred while \output is active []

 [165.14.44]
Overfull \vbox (6.79478pt too high) has occurred while \output is active []


[166.14.44 <../ps/calc1/iiprime.pdf>]
<../ps/calc1/funny.pdf, id=833, 220.825pt x 97.36375pt>
File: ../ps/calc1/funny.pdf Graphic file (type pdf)
<use ../ps/calc1/funny.pdf>
Package pdftex.def Info: ../ps/calc1/funny.pdf  used on input line 2709.
(pdftex.def)             Requested size: 390.0pt x 171.96239pt.

Underfull \vbox (badness 10000) has occurred while \output is active []

 [167.14.44]
<../ps/calc1/funnyslope.pdf, id=837, 370.38374pt x 98.3675pt>
File: ../ps/calc1/funnyslope.pdf Graphic file (type pdf)
<use ../ps/calc1/funnyslope.pdf>
Package pdftex.def Info: ../ps/calc1/funnyslope.pdf  used on input line 2723.
(pdftex.def)             Requested size: 390.0pt x 103.57858pt.
<../ps/calc1/funny3.pdf, id=838, 363.3575pt x 100.375pt>
File: ../ps/calc1/funny3.pdf Graphic file (type pdf)
<use ../ps/calc1/funny3.pdf>
Package pdftex.def Info: ../ps/calc1/funny3.pdf  used on input line 2730.
(pdftex.def)             Requested size: 390.0pt x 107.73712pt.

Underfull \vbox (badness 1147) has occurred while \output is active []

 [168.14.44 <../ps/calc1/funny.pdf> <../ps/calc1/funnyslope.pdf> <../ps/calc1/f
unny3.pdf>]
Overfull \vbox (6.0pt too high) has occurred while \output is active []

 [169.14.44] [170.14.44] [171.14.44]
<../ps/calc1/sinprob.pdf, id=871, 393.47pt x 129.48375pt>
File: ../ps/calc1/sinprob.pdf Graphic file (type pdf)
<use ../ps/calc1/sinprob.pdf>
Package pdftex.def Info: ../ps/calc1/sinprob.pdf  used on input line 2941.
(pdftex.def)             Requested size: 360.6253pt x 118.67403pt.
<../ps/calc1/shaded.pdf, id=872, 192.72pt x 142.5325pt>
File: ../ps/calc1/shaded.pdf Graphic file (type pdf)
<use ../ps/calc1/shaded.pdf>
Package pdftex.def Info: ../ps/calc1/shaded.pdf  used on input line 2949.
(pdftex.def)             Requested size: 360.6253pt x 266.71272pt.

Underfull \vbox (badness 10000) has occurred while \output is active []

 [172.14.44 <../ps/calc1/sinprob.pdf>]
<../ps/calc1/qualsketch.pdf, id=882, 2392.94pt x 3382.6375pt>
File: ../ps/calc1/qualsketch.pdf Graphic file (type pdf)
<use ../ps/calc1/qualsketch.pdf>
Package pdftex.def Info: ../ps/calc1/qualsketch.pdf  used on input line 2975.
(pdftex.def)             Requested size: 360.6253pt x 509.74802pt.
 [173.14.44 <../ps/calc1/shaded.pdf>]
Underfull \vbox (badness 10000) has occurred while \output is active []

 [174.14.44 <../ps/calc1/qualsketch.pdf>] [175.14.44]
Overfull \hbox (5.94305pt too wide) in paragraph at lines 3102--3105
[]\OT1/cmr/m/n/12 Using the mi-cro-scope equa-tion, es-ti-mate the fol-low-ing 
val-ues: $[] []$,
 []

[176.14.44] [177.14.44] [178.14.44] [179.14.44] [180.14.44] [181.14.44]
[182.14.44] [183.14.44] [184.14.44] [185.14.44] [186.14.44] [187.14.44]
[188.14.44]
Overfull \hbox (27.69296pt too wide) in paragraph at lines 3900--3902
[]\OT1/cmr/m/n/12 Using the mi-cro-scope equa-tion, es-ti-mate the fol-low-ing 
val-ues: $[] []$,
 []

[189.14.44] [190.14.44] [191.14.44] [192.14.44]
Underfull \hbox (badness 10000) in paragraph at lines 4105--4106

 []

[193.14.44] [194.14.44] [195.14.44] [196.14.44] [197.14.44] [198.14.44]
Overfull \hbox (0.90816pt too wide) in paragraph at lines 4466--4469
[]\OT1/cmr/m/n/12 The mi-cro-scope equa-tion de-scribes \OT1/cmr/bx/n/12 er-ror
 prop-a-ga-tion \OT1/cmr/m/n/12 when one quan-
 []

[199.14.44] [200.14.44] [201.14.44] [202.14.44

])
\openout2 = `ch4.aux'.

 (./ch4.tex
Chapter 4.
[203.14.44




] [204.14.44] [205.14.44]
<../ps/calc1/pic178.pdf, id=1000, 354.32375pt x 104.39pt>
File: ../ps/calc1/pic178.pdf Graphic file (type pdf)
<use ../ps/calc1/pic178.pdf>
Package pdftex.def Info: ../ps/calc1/pic178.pdf  used on input line 199.
(pdftex.def)             Requested size: 390.0pt x 114.9026pt.
 [206.14.44] [207.14.44 <../ps/calc1/pic178.pdf>]
<../ps/calc1/pic180.pdf, id=1015, 342.27875pt x 204.765pt>
File: ../ps/calc1/pic180.pdf Graphic file (type pdf)
<use ../ps/calc1/pic180.pdf>
Package pdftex.def Info: ../ps/calc1/pic180.pdf  used on input line 250.
(pdftex.def)             Requested size: 390.0pt x 233.33139pt.
 [208.14.44] [209.14.44 <../ps/calc1/pic180.pdf>]
<../ps/calc1/pic181.pdf, id=1030, 359.3425pt x 211.79124pt>
File: ../ps/calc1/pic181.pdf Graphic file (type pdf)
<use ../ps/calc1/pic181.pdf>
Package pdftex.def Info: ../ps/calc1/pic181.pdf  used on input line 262.
(pdftex.def)             Requested size: 390.0pt x 229.87837pt.
 [210.14.44 <../ps/calc1/pic181.pdf>]
Overfull \hbox (11.55182pt too wide) in paragraph at lines 301--305
\OT1/cmr/m/n/12 These are [[NOTE:Lotka--Volterra equa-tions with bounded growth
]] the \OT1/cmr/bx/n/12 Lotka--
 []

[211.14.44]
<../ps/calc1/rf1.pdf, id=1046, 339.2675pt x 139.52126pt>
File: ../ps/calc1/rf1.pdf Graphic file (type pdf)
<use ../ps/calc1/rf1.pdf>
Package pdftex.def Info: ../ps/calc1/rf1.pdf  used on input line 332.
(pdftex.def)             Requested size: 390.0pt x 160.3907pt.
<../ps/calc1/rf2.pdf, id=1047, 310.15875pt x 196.735pt>
File: ../ps/calc1/rf2.pdf Graphic file (type pdf)
<use ../ps/calc1/rf2.pdf>
Package pdftex.def Info: ../ps/calc1/rf2.pdf  used on input line 346.
(pdftex.def)             Requested size: 390.0pt x 247.37704pt.
 [212.14.44 <../ps/calc1/rf1.pdf>] [213.14.44 <../ps/calc1/rf2.pdf>] [214.14.44
]
Overfull \hbox (22.55127pt too wide) in paragraph at lines 445--446
\OT1/cmr/m/n/12 ally seems to fit re-cent pop-u-la-tion data fairly well, as-su
mes ``supergrowth''---
 []

[215.14.44] [216.14.44] [217.14.44] [218.14.44]
<../ps/calc1/hare1.pdf, id=1088, 339.2675pt x 180.675pt>
File: ../ps/calc1/hare1.pdf Graphic file (type pdf)
<use ../ps/calc1/hare1.pdf>
Package pdftex.def Info: ../ps/calc1/hare1.pdf  used on input line 574.
(pdftex.def)             Requested size: 334.77562pt x 178.28984pt.
 [219.14.44 <../ps/calc1/hare1.pdf>] [220.14.44] [221.14.44] [222.14.44] [223.1
4.44] [224.14.44]
Underfull \vbox (badness 1062) has occurred while \output is active []

 [225.14.44] [226.14.44]
Overfull \hbox (12.87778pt too wide) in paragraph at lines 872--879
\OT1/cmr/m/n/12 Until now, we have viewed a sys-tem of dif-fer-en-tial equa-tio
ns [[NOTE:Differential
 []


Overfull \hbox (37.51317pt too wide) in paragraph at lines 890--900
[]\OT1/cmr/m/n/12 To see what this means, let's look first at equa-tions in al-
ge-bra. [[NOTE:Equations
 []

[227.14.44] [228.14.44] [229.14.44] [230.14.44] [231.14.44] [232.14.44]
[233.14.44] [234.14.44]
<../ps/calc1/pic204a.pdf, id=1148, 323.2075pt x 182.6825pt>
File: ../ps/calc1/pic204a.pdf Graphic file (type pdf)
<use ../ps/calc1/pic204a.pdf>
Package pdftex.def Info: ../ps/calc1/pic204a.pdf  used on input line 1291.
(pdftex.def)             Requested size: 390.0pt x 220.44717pt.
 [235.14.44]
<../ps/calc1/pic204b.pdf, id=1152, 314.17375pt x 176.66pt>
File: ../ps/calc1/pic204b.pdf Graphic file (type pdf)
<use ../ps/calc1/pic204b.pdf>
Package pdftex.def Info: ../ps/calc1/pic204b.pdf  used on input line 1303.
(pdftex.def)             Requested size: 390.0pt x 219.30681pt.
 [236.14.44 <../ps/calc1/pic204a.pdf> <../ps/calc1/pic204b.pdf>] [237.14.44]
Underfull \vbox (badness 10000) has occurred while \output is active []

 [238.14.44] [239.14.44]
<../ps/calc1/pic207.pdf, id=1189, 296.10625pt x 170.6375pt>
File: ../ps/calc1/pic207.pdf Graphic file (type pdf)
<use ../ps/calc1/pic207.pdf>
Package pdftex.def Info: ../ps/calc1/pic207.pdf  used on input line 1448.
(pdftex.def)             Requested size: 390.0pt x 224.75267pt.
 [240.14.44 <../ps/calc1/pic207.pdf>]
Overfull \hbox (25.74568pt too wide) in paragraph at lines 1494--1501
[]\OT1/cmr/m/n/12 We should treat the ini-tial pop-u-la-tion and the growth con
-stant as parameters---
 []

[241.14.44] [242.14.44] [243.14.44] [244.14.44] [245.14.44] [246.14.44]
[247.14.44] [248.14.44] [249.14.44] [250.14.44] [251.14.44]
Underfull \hbox (badness 10000) in paragraph at lines 2049--2053
\OT1/cmr/m/n/12 them (as
 []


Underfull \hbox (badness 10000) in paragraph at lines 2049--2053

 []

<../ps/calc1/spring9.pdf, id=1236, 148.555pt x 132.495pt>
File: ../ps/calc1/spring9.pdf Graphic file (type pdf)
<use ../ps/calc1/spring9.pdf>
Package pdftex.def Info: ../ps/calc1/spring9.pdf  used on input line 2065.
(pdftex.def)             Requested size: 334.77562pt x 298.63054pt.

Underfull \vbox (badness 10000) has occurred while \output is active []

 [252.14.44] [253.14.44 <../ps/calc1/spring9.pdf>] [254.14.44]
Overfull \hbox (21.62491pt too wide) in paragraph at lines 2174--2182
[]\OT1/cmr/m/n/12 In chap-ter 3 we es-tab-lished that the so-lu-tions [[NOTE:Ex
ponential solutions---
 []

[255.14.44]
Underfull \hbox (badness 10000) in paragraph at lines 2227--2231

 []


Underfull \vbox (badness 1337) has occurred while \output is active []

 [256.14.44] [257.14.44] [258.14.44] [259.14.44] [260.14.44] [261.14.44] [262.1
4.44]
[263.14.44] [264.14.44] [265.14.44] [266.14.44] [267.14.44] [268.14.44]
[269.14.44] [270.14.44] [271.14.44] [272.14.44] [273.14.44] [274.14.44]
[275.14.44]
<../ps/calc1/log1.pdf, id=1327, 242.9075pt x 164.615pt>
File: ../ps/calc1/log1.pdf Graphic file (type pdf)
<use ../ps/calc1/log1.pdf>
Package pdftex.def Info: ../ps/calc1/log1.pdf  used on input line 3311.
(pdftex.def)             Requested size: 390.0pt x 264.29614pt.
 [276.14.44 <../ps/calc1/log1.pdf>]
Underfull \vbox (badness 10000) has occurred while \output is active []

 [277.14.44] [278.14.44]
<../ps/calc1/log2.pdf, id=1347, 123.46124pt x 125.46875pt>
File: ../ps/calc1/log2.pdf Graphic file (type pdf)
<use ../ps/calc1/log2.pdf>
Package pdftex.def Info: ../ps/calc1/log2.pdf  used on input line 3463.
(pdftex.def)             Requested size: 390.0pt x 396.4156pt.

Underfull \vbox (badness 10000) has occurred while \output is active []

 [279.14.44]
<../ps/calc1/log3.pdf, id=1352, 193.72375pt x 184.69pt>
File: ../ps/calc1/log3.pdf Graphic file (type pdf)
<use ../ps/calc1/log3.pdf>
Package pdftex.def Info: ../ps/calc1/log3.pdf  used on input line 3470.
(pdftex.def)             Requested size: 390.0pt x 371.81956pt.

Underfull \vbox (badness 10000) has occurred while \output is active []

 [280.14.44 <../ps/calc1/log2.pdf>]
Overfull \hbox (27.56512pt too wide) in paragraph at lines 3472--3482
[]\OT1/cmr/m/n/12 Finally, since the two graphs are re-flec-tions of one an-oth
er, [[NOTE:Microscopic
 []

<../ps/calc1/log4.pdf, id=1364, 276.03125pt x 206.7725pt>
File: ../ps/calc1/log4.pdf Graphic file (type pdf)
<use ../ps/calc1/log4.pdf>
Package pdftex.def Info: ../ps/calc1/log4.pdf  used on input line 3483.
(pdftex.def)             Requested size: 390.0pt x 292.17711pt.

Underfull \vbox (badness 10000) has occurred while \output is active []

 [281.14.44 <../ps/calc1/log3.pdf>]
Underfull \vbox (badness 6110) has occurred while \output is active []

 [282.14.44 <../ps/calc1/log4.pdf>]
Underfull \vbox (badness 10000) has occurred while \output is active []

 [283.14.44]
Overfull \vbox (6.0pt too high) has occurred while \output is active []

 [284.14.44]
Underfull \vbox (badness 10000) has occurred while \output is active []

 [285.14.44] [286.14.44] [287.14.44] [288.14.44]
Underfull \vbox (badness 10000) has occurred while \output is active []

 [289.14.44] [290.14.44]
Overfull \hbox (28.80774pt too wide) in paragraph at lines 3837--3847
[][] 
 []

[291.14.44] [292.14.44] [293.14.44] [294.14.44]
Overfull \hbox (1.1015pt too wide) in paragraph at lines 4093--4099
[]\OT1/cmr/m/n/12 Sometimes, though, a dif-fer-en-tial equa-tion [[NOTE:The mo-
tion of a falling
 []

[295.14.44]
Overfull \vbox (7.0pt too high) has occurred while \output is active []

 [296.14.44]
Underfull \vbox (badness 10000) has occurred while \output is active []

 [297.14.44] [298.14.44] [299.14.44]
Overfull \hbox (55.00894pt too wide) detected at line 4382
[]
 []


Overfull \vbox (6.0pt too high) has occurred while \output is active []

 [300.14.44] [301.14.44]
<../ps/calc1/pic260.pdf, id=1449, 135.50626pt x 330.23375pt>
File: ../ps/calc1/pic260.pdf Graphic file (type pdf)
<use ../ps/calc1/pic260.pdf>
Package pdftex.def Info: ../ps/calc1/pic260.pdf  used on input line 4484.
(pdftex.def)             Requested size: 390.0pt x 950.48288pt.

Underfull \vbox (badness 10000) has occurred while \output is active []

 [302.14.44]
Overfull \vbox (401.98288pt too high) has occurred while \output is active []


[303.14.44 <../ps/calc1/pic260.pdf>] [304.14.44] [305.14.44] [306.14.44]
[307.14.44] [308.14.44])
\openout2 = `ch5.aux'.

 (./ch5.tex
Chapter 5.
[309.14.44





] [310.14.44] [311.14.44] [312.14.44] [313.14.44] [314.14.44]
[315.14.44]
<../ps/calc1/pic200a.pdf, id=1506, 380.42125pt x 123.46124pt>
File: ../ps/calc1/pic200a.pdf Graphic file (type pdf)
<use ../ps/calc1/pic200a.pdf>
Package pdftex.def Info: ../ps/calc1/pic200a.pdf  used on input line 338.
(pdftex.def)             Requested size: 360.6253pt x 117.04071pt.

Overfull \vbox (1.0pt too high) has occurred while \output is active []

 [316.14.44]
<../ps/calc1/pic200b.pdf, id=1511, 378.41376pt x 113.42375pt>
File: ../ps/calc1/pic200b.pdf Graphic file (type pdf)
<use ../ps/calc1/pic200b.pdf>
Package pdftex.def Info: ../ps/calc1/pic200b.pdf  used on input line 357.
(pdftex.def)             Requested size: 360.6253pt x 108.09288pt.
 [317.14.44 <../ps/calc1/pic200a.pdf> <../ps/calc1/pic200b.pdf>] [318.14.44]
Overfull \hbox (2.55519pt too wide) in paragraph at lines 438--447
[]\OT1/cmr/m/n/12 These quan-ti-ties all have nice ge-o-met-ric in-ter-pre-ta-t
ions. [[NOTE:Interpret
 []

[319.14.44] [320.14.44]
Overfull \hbox (1.79184pt too wide) in paragraph at lines 595--601
\OT1/cmr/m/n/12 are chang-ing at the rates of 3 inches/minute and $\OMS/cmsy/m/
n/12 ^^@\OT1/cmr/m/n/12 2$ inches/minute,
 []

[321.14.44] [322.14.44] [323.14.44] [324.14.44] [325.14.44] [326.14.44]
[327.14.44] [328.14.44]
Overfull \hbox (2.55705pt too wide) in paragraph at lines 1007--1008
[]\OT1/cmr/m/n/12 The Col-orado River---which ex-ca-vated the Grand Canyon, amo
ng others---
 []

[329.14.44] [330.14.44
Non-PDF special ignored!
<special> psfile=../ps/calc1/lake.ps
] [331.14.44] [332.14.44] [333.14.44] [334.14.44] [335.14.44] [336.14.44]
Overfull \hbox (1.33621pt too wide) in paragraph at lines 1385--1398
[]\OT1/cmr/m/n/12 Statisticians de-velop math-e-mat-i-cal sum-maries for data--
-in other words,
 []

<../ps/calc1/pic244a.pdf, id=1591, 354.32375pt x 123.46124pt>
File: ../ps/calc1/pic244a.pdf Graphic file (type pdf)
<use ../ps/calc1/pic244a.pdf>
Package pdftex.def Info: ../ps/calc1/pic244a.pdf  used on input line 1418.
(pdftex.def)             Requested size: 390.0pt x 135.89442pt.

Underfull \vbox (badness 5954) has occurred while \output is active []

 [337.14.44]
<../ps/calc1/pic244b.pdf, id=1595, 166.6225pt x 120.45pt>
File: ../ps/calc1/pic244b.pdf Graphic file (type pdf)
<use ../ps/calc1/pic244b.pdf>
Package pdftex.def Info: ../ps/calc1/pic244b.pdf  used on input line 1444.
(pdftex.def)             Requested size: 390.0pt x 281.97498pt.

Underfull \vbox (badness 10000) has occurred while \output is active []

 [338.14.44 <../ps/calc1/pic244a.pdf>]
<../ps/calc1/pic245.pdf, id=1605, 212.795pt x 82.3075pt>
File: ../ps/calc1/pic245.pdf Graphic file (type pdf)
<use ../ps/calc1/pic245.pdf>
Package pdftex.def Info: ../ps/calc1/pic245.pdf  used on input line 1452.
(pdftex.def)             Requested size: 390.0pt x 150.85733pt.
 [339.14.44 <../ps/calc1/pic244b.pdf> <../ps/calc1/pic245.pdf>]
<../ps/calc1/pic246.pdf, id=1626, 169.63374pt x 105.39375pt>
File: ../ps/calc1/pic246.pdf Graphic file (type pdf)
<use ../ps/calc1/pic246.pdf>
Package pdftex.def Info: ../ps/calc1/pic246.pdf  used on input line 1481.
(pdftex.def)             Requested size: 390.0pt x 242.31847pt.
 [340.14.44 <../ps/calc1/pic246.pdf>]
<../ps/calc1/pic247a.pdf, id=1638, 300.12125pt x 120.45pt>
File: ../ps/calc1/pic247a.pdf Graphic file (type pdf)
<use ../ps/calc1/pic247a.pdf>
Package pdftex.def Info: ../ps/calc1/pic247a.pdf  used on input line 1524.
(pdftex.def)             Requested size: 390.0pt x 156.53534pt.
<../ps/calc1/pic247b.pdf, id=1639, 300.12125pt x 120.45pt>
File: ../ps/calc1/pic247b.pdf Graphic file (type pdf)
<use ../ps/calc1/pic247b.pdf>
Package pdftex.def Info: ../ps/calc1/pic247b.pdf  used on input line 1526.
(pdftex.def)             Requested size: 390.0pt x 156.53534pt.
 [341.14.44 <../ps/calc1/pic247a.pdf>]
<../ps/calc1/pic248a.pdf, id=1651, 167.62625pt x 119.44624pt>
File: ../ps/calc1/pic248a.pdf Graphic file (type pdf)
<use ../ps/calc1/pic248a.pdf>
Package pdftex.def Info: ../ps/calc1/pic248a.pdf  used on input line 1568.
(pdftex.def)             Requested size: 390.0pt x 277.90463pt.

Underfull \vbox (badness 2150) has occurred while \output is active []

 [342.14.44 <../ps/calc1/pic247b.pdf>]
<../ps/calc1/pic248b.pdf, id=1663, 174.6525pt x 86.3225pt>
File: ../ps/calc1/pic248b.pdf Graphic file (type pdf)
<use ../ps/calc1/pic248b.pdf>
Package pdftex.def Info: ../ps/calc1/pic248b.pdf  used on input line 1570.
(pdftex.def)             Requested size: 390.0pt x 192.78806pt.
 [343.14.44 <../ps/calc1/pic248a.pdf> <../ps/calc1/pic248b.pdf>]
<../ps/calc1/pic249.pdf, id=1689, 337.26pt x 77.28876pt>
File: ../ps/calc1/pic249.pdf Graphic file (type pdf)
<use ../ps/calc1/pic249.pdf>
Package pdftex.def Info: ../ps/calc1/pic249.pdf  used on input line 1599.
(pdftex.def)             Requested size: 390.0pt x 89.37668pt.
 [344.14.44 <../ps/calc1/pic249.pdf>]
Overfull \vbox (2.0pt too high) has occurred while \output is active []

 [345.14.44]
<../ps/calc1/pic252a.pdf, id=1703, 101.37875pt x 43.16125pt>
File: ../ps/calc1/pic252a.pdf Graphic file (type pdf)
<use ../ps/calc1/pic252a.pdf>
Package pdftex.def Info: ../ps/calc1/pic252a.pdf  used on input line 1680.
(pdftex.def)             Requested size: 360.6253pt x 153.53827pt.
 [346.14.44]
<../ps/calc1/pic252c.pdf, id=1707, 91.34125pt x 47.17625pt>
File: ../ps/calc1/pic252c.pdf Graphic file (type pdf)
<use ../ps/calc1/pic252c.pdf>
Package pdftex.def Info: ../ps/calc1/pic252c.pdf  used on input line 1682.
(pdftex.def)             Requested size: 360.6253pt x 186.31456pt.
<../ps/calc1/pic252b.pdf, id=1708, 102.3825pt x 43.16125pt>
File: ../ps/calc1/pic252b.pdf Graphic file (type pdf)
<use ../ps/calc1/pic252b.pdf>
Package pdftex.def Info: ../ps/calc1/pic252b.pdf  used on input line 1684.
(pdftex.def)             Requested size: 360.6253pt x 152.03867pt.
<../ps/calc1/pic252d.pdf, id=1709, 102.3825pt x 43.16125pt>
File: ../ps/calc1/pic252d.pdf Graphic file (type pdf)
<use ../ps/calc1/pic252d.pdf>
Package pdftex.def Info: ../ps/calc1/pic252d.pdf  used on input line 1686.
(pdftex.def)             Requested size: 360.6253pt x 152.03867pt.

Underfull \vbox (badness 10000) has occurred while \output is active []

 [347.14.44 <../ps/calc1/pic252a.pdf> <../ps/calc1/pic252c.pdf> <../ps/calc1/pi
c252b.pdf>]
<../ps/calc1/pic253a.pdf, id=1737, 419.5675pt x 101.37875pt>
File: ../ps/calc1/pic253a.pdf Graphic file (type pdf)
<use ../ps/calc1/pic253a.pdf>
Package pdftex.def Info: ../ps/calc1/pic253a.pdf  used on input line 1695.
(pdftex.def)             Requested size: 360.6253pt x 87.13606pt.
<../ps/calc1/pic253c.pdf, id=1738, 419.5675pt x 101.37875pt>
File: ../ps/calc1/pic253c.pdf Graphic file (type pdf)
<use ../ps/calc1/pic253c.pdf>
Package pdftex.def Info: ../ps/calc1/pic253c.pdf  used on input line 1697.
(pdftex.def)             Requested size: 360.6253pt x 87.13606pt.
[348.14.44 <../ps/calc1/pic252d.pdf> <../ps/calc1/pic253a.pdf> <../ps/calc1/pic
253c.pdf>]
File: ../ps/calc1/pic244a.pdf Graphic file (type pdf)
<use ../ps/calc1/pic244a.pdf>
Package pdftex.def Info: ../ps/calc1/pic244a.pdf  used on input line 1727.
(pdftex.def)             Requested size: 360.6253pt x 125.65938pt.
 [349.14.44] [350.14.44]
<../ps/calc1/pic254a.pdf, id=1772, 303.1325pt x 103.38625pt>
File: ../ps/calc1/pic254a.pdf Graphic file (type pdf)
<use ../ps/calc1/pic254a.pdf>
Package pdftex.def Info: ../ps/calc1/pic254a.pdf  used on input line 1783.
(pdftex.def)             Requested size: 360.6253pt x 122.99644pt.
<../ps/calc1/pic254b.pdf, id=1773, 303.1325pt x 103.38625pt>
File: ../ps/calc1/pic254b.pdf Graphic file (type pdf)
<use ../ps/calc1/pic254b.pdf>
Package pdftex.def Info: ../ps/calc1/pic254b.pdf  used on input line 1785.
(pdftex.def)             Requested size: 360.6253pt x 122.99644pt.
<../ps/calc1/pic254c.pdf, id=1774, 303.1325pt x 105.39375pt>
File: ../ps/calc1/pic254c.pdf Graphic file (type pdf)
<use ../ps/calc1/pic254c.pdf>
Package pdftex.def Info: ../ps/calc1/pic254c.pdf  used on input line 1787.
(pdftex.def)             Requested size: 360.6253pt x 125.38472pt.
 [351.14.44 <../ps/calc1/pic254a.pdf> <../ps/calc1/pic254b.pdf> <../ps/calc1/pi
c254c.pdf>] [352.14.44]
<../ps/calc1/pic257b.pdf, id=1806, 371.3875pt x 103.38625pt>
File: ../ps/calc1/pic257b.pdf Graphic file (type pdf)
<use ../ps/calc1/pic257b.pdf>
Package pdftex.def Info: ../ps/calc1/pic257b.pdf  used on input line 1882.
(pdftex.def)             Requested size: 390.0pt x 108.5698pt.
 [353.14.44
Non-PDF special ignored!
<special> psfile=../ps/calc1/pic257a.ps
 <../ps/calc1/pic257b.pdf>]
Overfull \hbox (7.85492pt too wide) in paragraph at lines 1930--1934
[]\OT1/cmr/m/n/12 We can ac-tu-ally sketch the shape of the graph of $\OML/cmm/
m/it/12 A$ \OT1/cmr/m/n/12 ver-sus $\OML/cmm/m/it/12 r$ \OT1/cmr/m/n/12 [[NOTE:
Finding
 []

[354.14.44]
<../ps/calc1/pic259.pdf, id=1822, 243.91125pt x 133.49875pt>
File: ../ps/calc1/pic259.pdf Graphic file (type pdf)
<use ../ps/calc1/pic259.pdf>
Package pdftex.def Info: ../ps/calc1/pic259.pdf  used on input line 1942.
(pdftex.def)             Requested size: 390.0pt x 213.45973pt.
 [355.14.44 <../ps/calc1/pic259.pdf>]
Underfull \vbox (badness 10000) has occurred while \output is active []

 [356.14.44] [357.14.44] [358.14.44] [359.14.44]
<../ps/calc1/pic280a.pdf, id=1848, 134.5025pt x 165.61874pt>
File: ../ps/calc1/pic280a.pdf Graphic file (type pdf)
<use ../ps/calc1/pic280a.pdf>
Package pdftex.def Info: ../ps/calc1/pic280a.pdf  used on input line 2179.
(pdftex.def)             Requested size: 390.0pt x 480.23149pt.

Underfull \vbox (badness 10000) has occurred while \output is active []

 [360.14.44]
<../ps/calc1/pic280b.pdf, id=1853, 138.5175pt x 165.61874pt>
File: ../ps/calc1/pic280b.pdf Graphic file (type pdf)
<use ../ps/calc1/pic280b.pdf>
Package pdftex.def Info: ../ps/calc1/pic280b.pdf  used on input line 2181.
(pdftex.def)             Requested size: 390.0pt x 466.36005pt.

Underfull \vbox (badness 10000) has occurred while \output is active []

 [361.14.44 <../ps/calc1/pic280a.pdf>]
Underfull \vbox (badness 10000) has occurred while \output is active []

 [362.14.44 <../ps/calc1/pic280b.pdf>]
<../ps/calc1/pic281.pdf, id=1878, 179.67125pt x 150.5625pt>
File: ../ps/calc1/pic281.pdf Graphic file (type pdf)
<use ../ps/calc1/pic281.pdf>
Package pdftex.def Info: ../ps/calc1/pic281.pdf  used on input line 2210.
(pdftex.def)             Requested size: 390.0pt x 326.84128pt.
 [363.14.44 <../ps/calc1/pic281.pdf>] [364.14.44]
[365.14.44] [366.14.44]
<../ps/calc1/pic285.pdf, id=1901, 81.30376pt x 43.16125pt>
File: ../ps/calc1/pic285.pdf Graphic file (type pdf)
<use ../ps/calc1/pic285.pdf>
Package pdftex.def Info: ../ps/calc1/pic285.pdf  used on input line 2416.
(pdftex.def)             Requested size: 390.0pt x 207.09322pt.

Overfull \hbox (50.7467pt too wide) in paragraph at lines 2399--2423
\OT1/cmr/m/n/12 [[NOTE:[]]]
 []

[367.14.44]
<../ps/calc1/pic286.pdf, id=1905, 254.9525pt x 132.495pt>
File: ../ps/calc1/pic286.pdf Graphic file (type pdf)
<use ../ps/calc1/pic286.pdf>
Package pdftex.def Info: ../ps/calc1/pic286.pdf  used on input line 2428.
(pdftex.def)             Requested size: 390.0pt x 202.68835pt.

Underfull \vbox (badness 10000) has occurred while \output is active []

 [368.14.44 <../ps/calc1/pic285.pdf>]
Overfull \vbox (7.0pt too high) has occurred while \output is active []

 [369.14.44 <../ps/calc1/pic286.pdf>]
<../ps/calc1/pic287.pdf, id=1928, 273.02pt x 141.52875pt>
File: ../ps/calc1/pic287.pdf Graphic file (type pdf)
<use ../ps/calc1/pic287.pdf>
Package pdftex.def Info: ../ps/calc1/pic287.pdf  used on input line 2473.
(pdftex.def)             Requested size: 390.0pt x 202.18156pt.

Underfull \vbox (badness 2126) has occurred while \output is active []

 [370.14.44 <../ps/calc1/pic287.pdf>] [371.14.44] [372.14.44] [373.14.44]
<../ps/calc1/pic291.pdf, id=1950, 343.2825pt x 180.675pt>
File: ../ps/calc1/pic291.pdf Graphic file (type pdf)
<use ../ps/calc1/pic291.pdf>
Package pdftex.def Info: ../ps/calc1/pic291.pdf  used on input line 2674.
(pdftex.def)             Requested size: 390.0pt x 205.2631pt.
 [374.14.44 <../ps/calc1/pic291.pdf>]
<../ps/calc1/pic292.pdf, id=1964, 325.215pt x 190.7125pt>
File: ../ps/calc1/pic292.pdf Graphic file (type pdf)
<use ../ps/calc1/pic292.pdf>
Package pdftex.def Info: ../ps/calc1/pic292.pdf  used on input line 2717.
(pdftex.def)             Requested size: 360.6253pt x 211.49257pt.
 [375.14.44 <../ps/calc1/pic292.pdf>] [376.14.44] [377.14.44] [378.14.44]) [379
.14.44]
\openout2 = `ch6.aux'.

 (./ch6.tex [380.14.44




]
Chapter 6.

Underfull \vbox (badness 2134) has occurred while \output is active []

 [381.14.44] [382.14.44]
Underfull \vbox (badness 1348) has occurred while \output is active []

 [383.14.44] [384.14.44] [385.14.44] [386.14.44]
<../ps/calc1/power1.pdf, id=2013, 314.17375pt x 118.4425pt>
File: ../ps/calc1/power1.pdf Graphic file (type pdf)
<use ../ps/calc1/power1.pdf>
Package pdftex.def Info: ../ps/calc1/power1.pdf  used on input line 414.
(pdftex.def)             Requested size: 390.0pt x 147.03525pt.
<../ps/calc1/power2.pdf, id=2014, 314.17375pt x 118.4425pt>
File: ../ps/calc1/power2.pdf Graphic file (type pdf)
<use ../ps/calc1/power2.pdf>
Package pdftex.def Info: ../ps/calc1/power2.pdf  used on input line 436.
(pdftex.def)             Requested size: 390.0pt x 147.03525pt.

Underfull \vbox (badness 10000) has occurred while \output is active []

 [387.14.44 <../ps/calc1/power1.pdf>] [388.14.44 <../ps/calc1/power2.pdf>] [389
.14.44]
[390.14.44] [391.14.44]
Overfull \hbox (2.78986pt too wide) in paragraph at lines 658--666
\OT1/cmr/m/n/12 staffing.) What is the av-er-age power de-mand from Tues-day ev
ening
 []

[392.14.44] [393.14.44]
<../ps/calc1/power3.pdf, id=2055, 314.17375pt x 118.4425pt>
File: ../ps/calc1/power3.pdf Graphic file (type pdf)
<use ../ps/calc1/power3.pdf>
Package pdftex.def Info: ../ps/calc1/power3.pdf  used on input line 742.
(pdftex.def)             Requested size: 390.0pt x 147.03525pt.

Underfull \vbox (badness 10000) has occurred while \output is active []

 [394.14.44] [395.14.44 <../ps/calc1/power3.pdf>] [396.14.44] [397.14.44]
Overfull \hbox (15.53238pt too wide) in paragraph at lines 905--921
\OT1/cmr/m/n/12 no-table ways. First, all the subin-ter-vals here are the same 
size. [[NOTE:Intervals
 []

[398.14.44]
Underfull \hbox (badness 10000) in paragraph at lines 975--981
\OT1/cmr/m/n/12 on the ver-ti-cal lines $\OML/cmm/m/it/12 x \OT1/cmr/m/n/12 = \
OML/cmm/m/it/12 a$ \OT1/cmr/m/n/12 and $\OML/cmm/m/it/12 x \OT1/cmr/m/n/12 = \O
ML/cmm/m/it/12 b$\OT1/cmr/m/n/12 .
 []


Underfull \hbox (badness 10000) in paragraph at lines 975--981

 []

[399.14.44
Non-PDF special ignored!
<special> psfile=../ps/calc1/region1.ps
Non-PDF special ignored!
<special> psfile=../ps/calc1/region2a.ps
]
Overfull \hbox (24.28276pt too wide) in paragraph at lines 992--999
[]\OT1/cmr/m/n/12 The $\OML/cmm/m/it/12 k$\OT1/cmr/m/n/12 -th rect-an-gle has b
een sin-gled out on the left, be-low. [[NOTE:Calculating
 []

<../ps/calc1/region3.pdf, id=2086, 2392.94pt x 3382.6375pt>
File: ../ps/calc1/region3.pdf Graphic file (type pdf)
<use ../ps/calc1/region3.pdf>
Package pdftex.def Info: ../ps/calc1/region3.pdf  used on input line 1004.
(pdftex.def)             Requested size: 390.0pt x 551.29796pt.

Underfull \vbox (badness 10000) has occurred while \output is active []

 [400.14.44
Non-PDF special ignored!
<special> psfile=../ps/calc1/region2.ps
]
Overfull \vbox (2.79796pt too high) has occurred while \output is active []


[401.14.44 <../ps/calc1/region3.pdf>]
<../ps/calc1/semicir1.pdf, id=2097, 372.39125pt x 105.39375pt>
File: ../ps/calc1/semicir1.pdf Graphic file (type pdf)
<use ../ps/calc1/semicir1.pdf>
Package pdftex.def Info: ../ps/calc1/semicir1.pdf  used on input line 1034.
(pdftex.def)             Requested size: 390.0pt x 110.38043pt.

Underfull \hbox (badness 10000) in paragraph at lines 1049--1054
\OT1/cmr/m/n/12 know the hor-i-zon-tal sep-a-ra-tion be-tween
 []


Underfull \hbox (badness 10000) in paragraph at lines 1049--1054

 []

[402.14.44 <../ps/calc1/semicir1.pdf>] [403.14.44]
<../ps/calc1/length3.pdf, id=2112, 371.3875pt x 74.2775pt>
File: ../ps/calc1/length3.pdf Graphic file (type pdf)
<use ../ps/calc1/length3.pdf>
Package pdftex.def Info: ../ps/calc1/length3.pdf  used on input line 1168.
(pdftex.def)             Requested size: 390.0pt x 78.0016pt.
 [404.14.44 <../ps/calc1/length3.pdf>] [405.14.44] [406.14.44] [407.14.44]
Overfull \hbox (3.83325pt too wide) in paragraph at lines 1493--1495
\OT1/cmr/m/n/12 write out in full, we now in-tro-duce a method---called \OT1/cm
r/bx/n/12 sum-ma-tion notation\OT1/cmr/m/n/12 ---
 []

[408.14.44] [409.14.44] [410.14.44] [411.14.44] [412.14.44]
Overfull \hbox (8.7398pt too wide) in paragraph at lines 1645--1646
\OT1/cmr/m/n/12 ver-sus left end-point Rie-mann sums (at least for the func-tio
n $[]$
 []

[413.14.44]
<../ps/calc1/solid1.pdf, id=2155, 315.1775pt x 165.61874pt>
File: ../ps/calc1/solid1.pdf Graphic file (type pdf)
<use ../ps/calc1/solid1.pdf>
Package pdftex.def Info: ../ps/calc1/solid1.pdf  used on input line 1730.
(pdftex.def)             Requested size: 390.0pt x 204.94814pt.
 [414.14.44]
<../ps/calc1/solid2.pdf, id=2159, 414.54875pt x 65.24374pt>
File: ../ps/calc1/solid2.pdf Graphic file (type pdf)
<use ../ps/calc1/solid2.pdf>
Package pdftex.def Info: ../ps/calc1/solid2.pdf  used on input line 1748.
(pdftex.def)             Requested size: 390.0pt x 61.38188pt.
 [415.14.44 <../ps/calc1/solid1.pdf> <../ps/calc1/solid2.pdf>] [416.14.44] [417
.14.44] [418.14.44] [419.14.44]
Underfull \vbox (badness 10000) has occurred while \output is active []

 [420.14.44] [421.14.44] [422.14.44] [423.14.44] [424.14.44] [425.14.44] [426.1
4.44]
<../ps/calc1/area2.pdf, id=2216, 363.3575pt x 113.42375pt>
File: ../ps/calc1/area2.pdf Graphic file (type pdf)
<use ../ps/calc1/area2.pdf>
Package pdftex.def Info: ../ps/calc1/area2.pdf  used on input line 2443.
(pdftex.def)             Requested size: 390.0pt x 121.74295pt.

[427.14.44 <../ps/calc1/area2.pdf>]
<../ps/calc1/area3.pdf, id=2228, 323.4754pt x 135.21034pt>
File: ../ps/calc1/area3.pdf Graphic file (type pdf)
<use ../ps/calc1/area3.pdf>
Package pdftex.def Info: ../ps/calc1/area3.pdf  used on input line 2475.
(pdftex.def)             Requested size: 390.0pt x 163.01907pt.
<../ps/calc1/area5a.pdf, id=2229, 420.57124pt x 107.40125pt>
File: ../ps/calc1/area5a.pdf Graphic file (type pdf)
<use ../ps/calc1/area5a.pdf>
Package pdftex.def Info: ../ps/calc1/area5a.pdf  used on input line 2495.
(pdftex.def)             Requested size: 390.0pt x 99.59532pt.

Underfull \vbox (badness 1194) has occurred while \output is active []

 [428.14.44 <../ps/calc1/area3.pdf>]
<../ps/calc1/area11.pdf, id=2298, 294.09875pt x 115.43124pt>
File: ../ps/calc1/area11.pdf Graphic file (type pdf)
<use ../ps/calc1/area11.pdf>
Package pdftex.def Info: ../ps/calc1/area11.pdf  used on input line 2533.
(pdftex.def)             Requested size: 390.0pt x 153.07246pt.
 [429.14.44 <../ps/calc1/area5a.pdf> <../ps/calc1/area11.pdf>]
Underfull \hbox (badness 10000) in paragraph at lines 2546--2551

 []

<../ps/calc1/area7.pdf, id=2323, 356.33125pt x 119.44624pt>
File: ../ps/calc1/area7.pdf Graphic file (type pdf)
<use ../ps/calc1/area7.pdf>
Package pdftex.def Info: ../ps/calc1/area7.pdf  used on input line 2574.
(pdftex.def)             Requested size: 390.0pt x 130.73877pt.
[430.14.44
Non-PDF special ignored!
<special> psfile=../ps/calc1/area6.ps
 <../ps/calc1/area7.pdf>]
<../ps/calc1/area8.pdf, id=2335, 336.25626pt x 137.51375pt>
File: ../ps/calc1/area8.pdf Graphic file (type pdf)
<use ../ps/calc1/area8.pdf>
Package pdftex.def Info: ../ps/calc1/area8.pdf  used on input line 2602.
(pdftex.def)             Requested size: 390.0pt x 159.49507pt.
<../ps/calc1/area9.pdf, id=2336, 227.85126pt x 76.285pt>
File: ../ps/calc1/area9.pdf Graphic file (type pdf)
<use ../ps/calc1/area9.pdf>
Package pdftex.def Info: ../ps/calc1/area9.pdf  used on input line 2619.
(pdftex.def)             Requested size: 390.0pt x 130.57556pt.
 [431.14.44 <../ps/calc1/area8.pdf> <../ps/calc1/area9.pdf>] [432.14.44
Non-PDF special ignored!
<special> psfile=../ps/calc1/area10.ps
] [433.14.44] [434.14.44]
<../ps/calc1/error1.pdf, id=2369, 296.10625pt x 125.46875pt>
File: ../ps/calc1/error1.pdf Graphic file (type pdf)
<use ../ps/calc1/error1.pdf>
Package pdftex.def Info: ../ps/calc1/error1.pdf  used on input line 2786.
(pdftex.def)             Requested size: 390.0pt x 165.25931pt.
 [435.14.44 <../ps/calc1/error1.pdf>]
<../ps/calc1/error2.pdf, id=2383, 291.0875pt x 138.5175pt>
File: ../ps/calc1/error2.pdf Graphic file (type pdf)
<use ../ps/calc1/error2.pdf>
Package pdftex.def Info: ../ps/calc1/error2.pdf  used on input line 2810.
(pdftex.def)             Requested size: 390.0pt x 185.5998pt.
<../ps/calc1/error3.pdf, id=2384, 307.1475pt x 137.51375pt>
File: ../ps/calc1/error3.pdf Graphic file (type pdf)
<use ../ps/calc1/error3.pdf>
Package pdftex.def Info: ../ps/calc1/error3.pdf  used on input line 2821.
(pdftex.def)             Requested size: 390.0pt x 174.61954pt.
 [436.14.44 <../ps/calc1/error2.pdf> <../ps/calc1/error3.pdf>] [437.14.44]
<../ps/calc1/error4.pdf, id=2409, 307.1475pt x 145.54375pt>
File: ../ps/calc1/error4.pdf Graphic file (type pdf)
<use ../ps/calc1/error4.pdf>
Package pdftex.def Info: ../ps/calc1/error4.pdf  used on input line 2962.
(pdftex.def)             Requested size: 390.0pt x 184.81628pt.

Overfull \hbox (3.4126pt too wide) in paragraph at lines 2974--2979
[]\OT1/cmr/m/n/12 Here is how to get an er-ror bound [[NOTE:Error bounds for no
n-monotonic
 []

[438.14.44 <../ps/calc1/error4.pdf>]
<../ps/calc1/error6.pdf, id=2422, 173.64874pt x 105.39375pt>
File: ../ps/calc1/error6.pdf Graphic file (type pdf)
<use ../ps/calc1/error6.pdf>
Package pdftex.def Info: ../ps/calc1/error6.pdf  used on input line 2980.
(pdftex.def)             Requested size: 390.0pt x 236.7365pt.

Overfull \hbox (1.35844pt too wide) in paragraph at lines 2985--2991
[]\OT1/cmr/m/n/12 In this fig-ure, there are two such in-ter-vals: [[NOTE:The m
ono-tonic pieces]]
 []


Underfull \vbox (badness 7814) has occurred while \output is active []

 [439.14.44 <../ps/calc1/error6.pdf>]
<../ps/calc1/exp1.pdf, id=2434, 172.645pt x 97.36375pt>
File: ../ps/calc1/exp1.pdf Graphic file (type pdf)
<use ../ps/calc1/exp1.pdf>
Package pdftex.def Info: ../ps/calc1/exp1.pdf  used on input line 3016.
(pdftex.def)             Requested size: 390.0pt x 219.96667pt.
 [440.14.44 <../ps/calc1/exp1.pdf>] [441.14.44]
<../ps/calc1/int1.pdf, id=2453, 364.36125pt x 105.39375pt>
File: ../ps/calc1/int1.pdf Graphic file (type pdf)
<use ../ps/calc1/int1.pdf>
Package pdftex.def Info: ../ps/calc1/int1.pdf  used on input line 3116.
(pdftex.def)             Requested size: 390.0pt x 112.8136pt.

[442.14.44 <../ps/calc1/int1.pdf>]
Overfull \hbox (1.54959pt too wide) in paragraph at lines 3190--3194
\OT1/cmr/m/n/12 points? Which sam-pling points gave more ef-fi-cient computatio
ns---
 []

[443.14.44] [444.14.44] [445.14.44] [446.14.44]
<../ps/calc1/average1.pdf, id=2477, 218.8175pt x 147.55125pt>
File: ../ps/calc1/average1.pdf Graphic file (type pdf)
<use ../ps/calc1/average1.pdf>
Package pdftex.def Info: ../ps/calc1/average1.pdf  used on input line 3413.
(pdftex.def)             Requested size: 334.77562pt x 225.7459pt.
 [447.14.44] [448.14.44 <../ps/calc1/average1.pdf>] [449.14.44]
Overfull \hbox (26.97092pt too wide) in paragraph at lines 3539--3546
\OT1/cmr/m/n/12 megawatt-hours of en-ergy were con-sumed dur-ing the first $\OM
L/cmm/m/it/12 T$ \OT1/cmr/m/n/12 hours. [[NOTE:Energy
 []

<../ps/calc1/power4.pdf, id=2499, 314.17375pt x 118.4425pt>
File: ../ps/calc1/power4.pdf Graphic file (type pdf)
<use ../ps/calc1/power4.pdf>
Package pdftex.def Info: ../ps/calc1/power4.pdf  used on input line 3553.
(pdftex.def)             Requested size: 390.0pt x 147.03525pt.
<../ps/calc1/power5.pdf, id=2500, 2392.94pt x 3382.6375pt>
File: ../ps/calc1/power5.pdf Graphic file (type pdf)
<use ../ps/calc1/power5.pdf>
Package pdftex.def Info: ../ps/calc1/power5.pdf  used on input line 3563.
(pdftex.def)             Requested size: 390.0pt x 551.29796pt.

Underfull \vbox (badness 2376) has occurred while \output is active []

 [450.14.44 <../ps/calc1/power4.pdf>]
Overfull \vbox (2.79796pt too high) has occurred while \output is active []


[451.14.44 <../ps/calc1/power5.pdf>] [452.14.44] [453.14.44]
Underfull \vbox (badness 10000) has occurred while \output is active []

 [454.14.44]
Overfull \hbox (15.24165pt too wide) in paragraph at lines 3688--3701
[]\OT1/cmr/m/n/12 To es-ti-mate the value of the in-te-gral, we use the pro-gra
m [[NOTE:RIEMANN
 []

[455.14.44] [456.14.44]
<../ps/calc1/int2.pdf, id=2538, 300.12125pt x 171.64125pt>
File: ../ps/calc1/int2.pdf Graphic file (type pdf)
<use ../ps/calc1/int2.pdf>
Package pdftex.def Info: ../ps/calc1/int2.pdf  used on input line 3815.
(pdftex.def)             Requested size: 390.0pt x 223.06285pt.
 [457.14.44
Non-PDF special ignored!
<special> psfile=../ps/calc1/int5.ps
 <../ps/calc1/int2.pdf>] [458.14.44] [459.14.44]
Underfull \vbox (badness 10000) has occurred while \output is active []

 [460.14.44]
Overfull \hbox (9.89667pt too wide) in paragraph at lines 3953--3956
\OT1/cmr/m/n/12 Recall that some func-tions $\OML/cmm/m/it/12 f$ \OT1/cmr/m/n/1
2 [[NOTE:A cau-tion]] sim-ply can-not be integrated---
 []

<../ps/calc1/int6.pdf, id=2564, 302.12875pt x 218.8175pt>
File: ../ps/calc1/int6.pdf Graphic file (type pdf)
<use ../ps/calc1/int6.pdf>
Package pdftex.def Info: ../ps/calc1/int6.pdf  used on input line 3970.
(pdftex.def)             Requested size: 390.0pt x 282.45937pt.
[461.14.44 <../ps/calc1/int6.pdf>] [462.14.44] [463.14.44] [464.14.44]
Overfull \vbox (1.03331pt too high) has occurred while \output is active []


[465.14.44] [466.14.44] [467.14.44] [468.14.44] [469.14.44] [470.14.44]
[471.14.44] [472.14.44

])
\openout2 = `ch7.aux'.

 (./ch7.tex
Chapter 7.
[473.14.44




]
<../ps/calc2/lynx1.pdf, id=2617, 366.36874pt x 136.51pt>
File: ../ps/calc2/lynx1.pdf Graphic file (type pdf)
<use ../ps/calc2/lynx1.pdf>
Package pdftex.def Info: ../ps/calc2/lynx1.pdf  used on input line 49.
(pdftex.def)             Requested size: 390.0pt x 145.32271pt.
 [474.14.44 <../ps/calc2/lynx1.pdf>]
<../ps/calc2/sunspot.pdf, id=2629, 356.33125pt x 114.4275pt>
File: ../ps/calc2/sunspot.pdf Graphic file (type pdf)
<use ../ps/calc2/sunspot.pdf>
Package pdftex.def Info: ../ps/calc2/sunspot.pdf  used on input line 95.
(pdftex.def)             Requested size: 390.0pt x 125.24556pt.
 [475.14.44 <../ps/calc2/sunspot.pdf>]
<../ps/calc2/period1.pdf, id=2641, 351.3125pt x 168.63pt>
File: ../ps/calc2/period1.pdf Graphic file (type pdf)
<use ../ps/calc2/period1.pdf>
Package pdftex.def Info: ../ps/calc2/period1.pdf  used on input line 145.
(pdftex.def)             Requested size: 390.0pt x 187.21495pt.

Underfull \vbox (badness 10000) has occurred while \output is active []

 [476.14.44 <../ps/calc2/period1.pdf>] [477.14.44]
<../ps/calc2/period2.pdf, id=2657, 366.36874pt x 78.2925pt>
File: ../ps/calc2/period2.pdf Graphic file (type pdf)
<use ../ps/calc2/period2.pdf>
Package pdftex.def Info: ../ps/calc2/period2.pdf  used on input line 218.
(pdftex.def)             Requested size: 390.0pt x 83.34683pt.

Underfull \hbox (badness 10000) in paragraph at lines 245--253

 []

[478.14.44
Non-PDF special ignored!
<special> psfile=../ps/calc2/circle.ps
 <../ps/calc2/period2.pdf>]
<../ps/calc2/sincos.pdf, id=2671, 347.2975pt x 60.225pt>
File: ../ps/calc2/sincos.pdf Graphic file (type pdf)
<use ../ps/calc2/sincos.pdf>
Package pdftex.def Info: ../ps/calc2/sincos.pdf  used on input line 283.
(pdftex.def)             Requested size: 390.0pt x 67.63255pt.
<../ps/calc2/circle2.pdf, id=2672, 2392.94pt x 3382.6375pt>
File: ../ps/calc2/circle2.pdf Graphic file (type pdf)
<use ../ps/calc2/circle2.pdf>
Package pdftex.def Info: ../ps/calc2/circle2.pdf  used on input line 285.
(pdftex.def)             Requested size: 390.0pt x 551.29796pt.

Underfull \vbox (badness 10000) has occurred while \output is active []

 [479.14.44 <../ps/calc2/sincos.pdf>]
Overfull \vbox (2.79796pt too high) has occurred while \output is active []


[480.14.44 <../ps/calc2/circle2.pdf>]
<../ps/calc2/sin4t.pdf, id=2695, 336.25626pt x 33.12375pt>
File: ../ps/calc2/sin4t.pdf Graphic file (type pdf)
<use ../ps/calc2/sin4t.pdf>
Package pdftex.def Info: ../ps/calc2/sin4t.pdf  used on input line 306.
(pdftex.def)             Requested size: 390.0pt x 38.4185pt.
<../ps/calc2/cos10pit.pdf, id=2696, 318.18875pt x 120.45pt>
File: ../ps/calc2/cos10pit.pdf Graphic file (type pdf)
<use ../ps/calc2/cos10pit.pdf>
Package pdftex.def Info: ../ps/calc2/cos10pit.pdf  used on input line 346.
(pdftex.def)             Requested size: 390.0pt x 147.63246pt.
 [481.14.44 <../ps/calc2/sin4t.pdf>]
<../ps/calc2/ampli.pdf, id=2711, 353.32pt x 78.2925pt>
File: ../ps/calc2/ampli.pdf Graphic file (type pdf)
<use ../ps/calc2/ampli.pdf>
Package pdftex.def Info: ../ps/calc2/ampli.pdf  used on input line 374.
(pdftex.def)             Requested size: 390.0pt x 86.42186pt.

[482.14.44 <../ps/calc2/cos10pit.pdf> <../ps/calc2/ampli.pdf>] [483.14.44]
<../ps/calc2/phase1.pdf, id=2741, 369.38pt x 86.3225pt>
File: ../ps/calc2/phase1.pdf Graphic file (type pdf)
<use ../ps/calc2/phase1.pdf>
Package pdftex.def Info: ../ps/calc2/phase1.pdf  used on input line 511.
(pdftex.def)             Requested size: 390.0pt x 91.1418pt.

[484.14.44 <../ps/calc2/phase1.pdf>] [485.14.44] [486.14.44]
<../ps/calc2/phase2.pdf, id=2762, 163.61125pt x 92.345pt>
File: ../ps/calc2/phase2.pdf Graphic file (type pdf)
<use ../ps/calc2/phase2.pdf>
Package pdftex.def Info: ../ps/calc2/phase2.pdf  used on input line 701.
(pdftex.def)             Requested size: 360.6253pt x 203.564pt.
 [487.14.44]
Overfull \hbox (37.08575pt too wide) in paragraph at lines 746--746
[]\OT1/cmr/bx/n/17.28 Differential Equa-tions with Pe-ri-odic [] 
 []

[488.14.44 <../ps/calc2/phase2.pdf>]
Underfull \hbox (badness 10000) in paragraph at lines 763--770
\OT1/cmr/m/n/12 lease the weight; it will
 []


Underfull \hbox (badness 10000) in paragraph at lines 763--770

 []

<../ps/calc2/spring8.pdf, id=2780, 113.42375pt x 54.2025pt>
File: ../ps/calc2/spring8.pdf Graphic file (type pdf)
<use ../ps/calc2/spring8.pdf>
Package pdftex.def Info: ../ps/calc2/spring8.pdf  used on input line 771.
(pdftex.def)             Requested size: 390.0pt x 186.39919pt.

Underfull \vbox (badness 2080) has occurred while \output is active []

 [489.14.44 <../ps/calc2/spring8.pdf>]
Overfull \hbox (18.98326pt too wide) in paragraph at lines 801--807
[]\OT1/cmr/m/n/12 To see how the spring force af-fects the mo-tion of the weigh
t, [[NOTE:Newton's
 []


Overfull \hbox (11.27846pt too wide) in paragraph at lines 820--824
[]\OT1/cmr/m/n/12 Suppose we move the weight to the point $\OML/cmm/m/it/12 x \
OT1/cmr/m/n/12 = \OML/cmm/m/it/12 a$ \OT1/cmr/m/n/12 cm on the scale, [[NOTE:Th
e
 []

<../ps/calc2/spring1.pdf, id=2791, 383.4325pt x 78.2925pt>
File: ../ps/calc2/spring1.pdf Graphic file (type pdf)
<use ../ps/calc2/spring1.pdf>
Package pdftex.def Info: ../ps/calc2/spring1.pdf  used on input line 839.
(pdftex.def)             Requested size: 390.0pt x 79.63866pt.
[490.14.44] [491.14.44 <../ps/calc2/spring1.pdf>]
<../ps/calc2/spring2.pdf, id=2809, 360.34625pt x 68.255pt>
File: ../ps/calc2/spring2.pdf Graphic file (type pdf)
<use ../ps/calc2/spring2.pdf>
Package pdftex.def Info: ../ps/calc2/spring2.pdf  used on input line 904.
(pdftex.def)             Requested size: 390.0pt x 73.87155pt.

Underfull \hbox (badness 10000) in paragraph at lines 918--922

 []

<../ps/calc2/spring3.pdf, id=2810, 213.02332pt x 161.4321pt>
File: ../ps/calc2/spring3.pdf Graphic file (type pdf)
<use ../ps/calc2/spring3.pdf>
Package pdftex.def Info: ../ps/calc2/spring3.pdf  used on input line 923.
(pdftex.def)             Requested size: 390.0pt x 295.57796pt.
[492.14.44 <../ps/calc2/spring2.pdf>]
Underfull \vbox (badness 2088) has occurred while \output is active []

 [493.14.44 <../ps/calc2/spring3.pdf>]
<../ps/calc2/spring4.pdf, id=2864, 397.485pt x 116.435pt>
File: ../ps/calc2/spring4.pdf Graphic file (type pdf)
<use ../ps/calc2/spring4.pdf>
Package pdftex.def Info: ../ps/calc2/spring4.pdf  used on input line 980.
(pdftex.def)             Requested size: 390.0pt x 114.24586pt.

Underfull \hbox (badness 10000) in paragraph at lines 984--993
\OT1/cmr/m/n/12 ear range of the hard spring is
 []


Underfull \hbox (badness 10000) in paragraph at lines 984--993

 []

<../ps/calc2/spring5.pdf, id=2865, 199.74625pt x 98.3675pt>
File: ../ps/calc2/spring5.pdf Graphic file (type pdf)
<use ../ps/calc2/spring5.pdf>
Package pdftex.def Info: ../ps/calc2/spring5.pdf  used on input line 994.
(pdftex.def)             Requested size: 390.0pt x 192.08597pt.
[494.14.44 <../ps/calc2/spring4.pdf>]
<../ps/calc2/spring6.pdf, id=2879, 383.4325pt x 160.6pt>
File: ../ps/calc2/spring6.pdf Graphic file (type pdf)
<use ../ps/calc2/spring6.pdf>
Package pdftex.def Info: ../ps/calc2/spring6.pdf  used on input line 1011.
(pdftex.def)             Requested size: 390.0pt x 163.36136pt.
 [495.14.44 <../ps/calc2/spring5.pdf> <../ps/calc2/spring6.pdf>]
<../ps/calc2/spring7.pdf, id=2906, 351.3125pt x 148.555pt>
File: ../ps/calc2/spring7.pdf Graphic file (type pdf)
<use ../ps/calc2/spring7.pdf>
Package pdftex.def Info: ../ps/calc2/spring7.pdf  used on input line 1029.
(pdftex.def)             Requested size: 390.0pt x 164.92746pt.
 [496.14.44 <../ps/calc2/spring7.pdf>] [497.14.44]
<../ps/calc2/pend1.pdf, id=2919, 59.31319pt x 137.48756pt>
File: ../ps/calc2/pend1.pdf Graphic file (type pdf)
<use ../ps/calc2/pend1.pdf>
Package pdftex.def Info: ../ps/calc2/pend1.pdf  used on input line 1099.
(pdftex.def)             Requested size: 390.0pt x 904.02415pt.

Underfull \vbox (badness 10000) has occurred while \output is active []

 [498.14.44]
Overfull \vbox (376.27415pt too high) has occurred while \output is active []


[499.14.44 <../ps/calc2/pend1.pdf>]
<../ps/calc2/pend2.pdf, id=2968, 92.66039pt x 100.74377pt>
File: ../ps/calc2/pend2.pdf Graphic file (type pdf)
<use ../ps/calc2/pend2.pdf>
Package pdftex.def Info: ../ps/calc2/pend2.pdf  used on input line 1111.
(pdftex.def)             Requested size: 390.0pt x 424.03864pt.

Underfull \vbox (badness 10000) has occurred while \output is active []

 [500.14.44 <../ps/calc2/pend2.pdf>]
Overfull \hbox (6.77644pt too wide) in paragraph at lines 1148--1154
[]\OT1/cmr/m/n/12 Now that we have an ex-plicit de-scrip-tion of the restor-ing
 force, [[NOTE:The
 []

<../ps/calc2/pend3.pdf, id=3015, 259.97125pt x 61.22874pt>
File: ../ps/calc2/pend3.pdf Graphic file (type pdf)
<use ../ps/calc2/pend3.pdf>
Package pdftex.def Info: ../ps/calc2/pend3.pdf  used on input line 1155.
(pdftex.def)             Requested size: 390.0pt x 91.85313pt.
[501.14.44 <../ps/calc2/pend3.pdf>]
<../ps/calc2/pend4.pdf, id=3031, 376.40625pt x 47.17625pt>
File: ../ps/calc2/pend4.pdf Graphic file (type pdf)
<use ../ps/calc2/pend4.pdf>
Package pdftex.def Info: ../ps/calc2/pend4.pdf  used on input line 1182.
(pdftex.def)             Requested size: 390.0pt x 48.88359pt.
<../ps/calc2/pend5.pdf, id=3032, 378.41376pt x 163.61125pt>
File: ../ps/calc2/pend5.pdf Graphic file (type pdf)
<use ../ps/calc2/pend5.pdf>
Package pdftex.def Info: ../ps/calc2/pend5.pdf  used on input line 1203.
(pdftex.def)             Requested size: 390.0pt x 168.6213pt.

Underfull \vbox (badness 10000) has occurred while \output is active []

 [502.14.44 <../ps/calc2/pend4.pdf>]
<../ps/calc2/pend6.pdf, id=3045, 90.3375pt x 78.2925pt>
File: ../ps/calc2/pend6.pdf Graphic file (type pdf)
<use ../ps/calc2/pend6.pdf>
Package pdftex.def Info: ../ps/calc2/pend6.pdf  used on input line 1205.
(pdftex.def)             Requested size: 390.0pt x 338.09187pt.

Underfull \vbox (badness 10000) has occurred while \output is active []

 [503.14.44 <../ps/calc2/pend5.pdf> <../ps/calc2/pend6.pdf>] [504.14.44]
<../ps/calc2/may1.pdf, id=3068, 366.36874pt x 63.23625pt>
File: ../ps/calc2/may1.pdf Graphic file (type pdf)
<use ../ps/calc2/may1.pdf>
Package pdftex.def Info: ../ps/calc2/may1.pdf  used on input line 1320.
(pdftex.def)             Requested size: 390.0pt x 67.31859pt.

Underfull \vbox (badness 1092) has occurred while \output is active []

 [505.14.44]
Overfull \hbox (6.51534pt too wide) in paragraph at lines 1324--1329
[]\OT1/cmr/m/n/12 In the other mod-els of pe-ri-odic be-hav-ior we have stud-ie
d, [[NOTE:Solutions
 []

<../ps/calc2/may2.pdf, id=3072, 381.425pt x 95.35625pt>
File: ../ps/calc2/may2.pdf Graphic file (type pdf)
<use ../ps/calc2/may2.pdf>
Package pdftex.def Info: ../ps/calc2/may2.pdf  used on input line 1335.
(pdftex.def)             Requested size: 390.0pt x 97.5036pt.
[506.14.44 <../ps/calc2/may1.pdf> <../ps/calc2/may2.pdf>] [507.14.44
Non-PDF special ignored!
<special> psfile = ../ps/calc2/pend7.ps
Non-PDF special ignored!
<special> psfile = ../ps/calc2/pend8.ps
] [508.14.44
Non-PDF special ignored!
<special> psfile = ../ps/calc2/pend9.ps
Non-PDF special ignored!
<special> psfile = ../ps/calc2/pend10.ps
]
Overfull \vbox (7.0pt too high) has occurred while \output is active []

 [509.14.44] [510.14.44] [511.14.44] [512.14.44] [513.14.44] [514.14.44] [515.1
4.44]
[516.14.44] [517.14.44] [518.14.44] [519.14.44] [520.14.44] [521.14.44]
[522.14.44

])
\openout2 = `ch8.aux'.

 (./ch8.tex
Chapter 8.
[523.14.44




]
<../ps/calc2/pred1.pdf, id=3151, 339.2675pt x 196.735pt>
File: ../ps/calc2/pred1.pdf Graphic file (type pdf)
<use ../ps/calc2/pred1.pdf>
Package pdftex.def Info: ../ps/calc2/pred1.pdf  used on input line 86.
(pdftex.def)             Requested size: 390.0pt x 226.16241pt.
 [524.14.44]
<../ps/calc2/pred2.pdf, id=3155, 297.11pt x 173.64874pt>
File: ../ps/calc2/pred2.pdf Graphic file (type pdf)
<use ../ps/calc2/pred2.pdf>
Package pdftex.def Info: ../ps/calc2/pred2.pdf  used on input line 106.
(pdftex.def)             Requested size: 390.0pt x 227.9505pt.

Underfull \vbox (badness 10000) has occurred while \output is active []

 [525.14.44 <../ps/calc2/pred1.pdf>]
Underfull \hbox (badness 10000) in paragraph at lines 135--140

 []

<../ps/calc2/predtime.pdf, id=3169, 193.72375pt x 129.48375pt>
File: ../ps/calc2/predtime.pdf Graphic file (type pdf)
<use ../ps/calc2/predtime.pdf>
Package pdftex.def Info: ../ps/calc2/predtime.pdf  used on input line 141.
(pdftex.def)             Requested size: 390.0pt x 260.67783pt.
[526.14.44 <../ps/calc2/pred2.pdf>]
<../ps/calc2/vecf1.pdf, id=3181, 227.85126pt x 182.6825pt>
File: ../ps/calc2/vecf1.pdf Graphic file (type pdf)
<use ../ps/calc2/vecf1.pdf>
Package pdftex.def Info: ../ps/calc2/vecf1.pdf  used on input line 170.
(pdftex.def)             Requested size: 390.0pt x 312.69412pt.

Underfull \vbox (badness 10000) has occurred while \output is active []

 [527.14.44 <../ps/calc2/predtime.pdf>]
<../ps/calc2/vecf2.pdf, id=3193, 206.7725pt x 110.4125pt>
File: ../ps/calc2/vecf2.pdf Graphic file (type pdf)
<use ../ps/calc2/vecf2.pdf>
Package pdftex.def Info: ../ps/calc2/vecf2.pdf  used on input line 190.
(pdftex.def)             Requested size: 390.0pt x 208.27298pt.

Underfull \vbox (badness 10000) has occurred while \output is active []

 [528.14.44 <../ps/calc2/vecf1.pdf>] [529.14.44 <../ps/calc2/vecf2.pdf>]
<../ps/calc2/phasepor.pdf, id=3216, 257.96375pt x 133.49875pt>
File: ../ps/calc2/phasepor.pdf Graphic file (type pdf)
<use ../ps/calc2/phasepor.pdf>
Package pdftex.def Info: ../ps/calc2/phasepor.pdf  used on input line 233.
(pdftex.def)             Requested size: 390.0pt x 201.8487pt.
 [530.14.44 <../ps/calc2/phasepor.pdf>] [531.14.44]
<../ps/calc2/pred3.pdf, id=3232, 387.4475pt x 184.69pt>
File: ../ps/calc2/pred3.pdf Graphic file (type pdf)
<use ../ps/calc2/pred3.pdf>
Package pdftex.def Info: ../ps/calc2/pred3.pdf  used on input line 325.
(pdftex.def)             Requested size: 390.0pt x 185.90977pt.
 [532.14.44 <../ps/calc2/pred3.pdf>]
<../ps/calc2/eqpoints.pdf, id=3247, 380.42125pt x 92.345pt>
File: ../ps/calc2/eqpoints.pdf Graphic file (type pdf)
<use ../ps/calc2/eqpoints.pdf>
Package pdftex.def Info: ../ps/calc2/eqpoints.pdf  used on input line 394.
(pdftex.def)             Requested size: 390.0pt x 94.67253pt.
 [533.14.44 <../ps/calc2/eqpoints.pdf>]
<../ps/calc2/pend1a.pdf, id=3257, 2392.94pt x 3382.6375pt>
File: ../ps/calc2/pend1a.pdf Graphic file (type pdf)
<use ../ps/calc2/pend1a.pdf>
Package pdftex.def Info: ../ps/calc2/pend1a.pdf  used on input line 450.
(pdftex.def)             Requested size: 390.0pt x 551.29796pt.

Underfull \vbox (badness 10000) has occurred while \output is active []

 [534.14.44]
Overfull \vbox (23.54796pt too high) has occurred while \output is active []


[535.14.44 <../ps/calc2/pend1a.pdf>]
<../ps/calc2/pendvf.pdf, id=3268, 341.275pt x 170.6375pt>
File: ../ps/calc2/pendvf.pdf Graphic file (type pdf)
<use ../ps/calc2/pendvf.pdf>
Package pdftex.def Info: ../ps/calc2/pendvf.pdf  used on input line 466.
(pdftex.def)             Requested size: 390.0pt x 195.01305pt.
<../ps/calc2/pendpha.pdf, id=3269, 332.24126pt x 170.6375pt>
File: ../ps/calc2/pendpha.pdf Graphic file (type pdf)
<use ../ps/calc2/pendpha.pdf>
Package pdftex.def Info: ../ps/calc2/pendpha.pdf  used on input line 472.
(pdftex.def)             Requested size: 390.0pt x 200.31421pt.

Underfull \vbox (badness 10000) has occurred while \output is active []

 [536.14.44 <../ps/calc2/pendvf.pdf>]
Overfull \hbox (40.43468pt too wide) in paragraph at lines 496--505
[]\OT1/cmr/m/n/12 There are the closed loops. Here $\OML/cmm/m/it/12 x$ \OT1/cm
r/m/n/12 os-cil-lates back and forth [[NOTE:Oscillations
 []


Overfull \vbox (2.0pt too high) has occurred while \output is active []

 [537.14.44 <../ps/calc2/pendpha.pdf>] [538.14.44]
<../ps/calc2/pendpha2.pdf, id=3298, 361.35pt x 170.6375pt>
File: ../ps/calc2/pendpha2.pdf Graphic file (type pdf)
<use ../ps/calc2/pendpha2.pdf>
Package pdftex.def Info: ../ps/calc2/pendpha2.pdf  used on input line 566.
(pdftex.def)             Requested size: 390.0pt x 184.16856pt.
 [539.14.44 <../ps/calc2/pendpha2.pdf>]
<../ps/calc2/andmay1.pdf, id=3311, 249.93375pt x 143.53625pt>
File: ../ps/calc2/andmay1.pdf Graphic file (type pdf)
<use ../ps/calc2/andmay1.pdf>
Package pdftex.def Info: ../ps/calc2/andmay1.pdf  used on input line 641.
(pdftex.def)             Requested size: 390.0pt x 223.99886pt.

[540.14.44]
Overfull \hbox (9.77919pt too wide) in paragraph at lines 653--660
[]\OT1/cmr/m/n/12 Since the ve-loc-ity vec-tors dif-fer so much in their size, 
we [[NOTE:Knowing
 []

[541.14.44 <../ps/calc2/andmay1.pdf>]
<../ps/calc2/andmay3.pdf, id=3327, 228.855pt x 143.53625pt>
File: ../ps/calc2/andmay3.pdf Graphic file (type pdf)
<use ../ps/calc2/andmay3.pdf>
Package pdftex.def Info: ../ps/calc2/andmay3.pdf  used on input line 688.
(pdftex.def)             Requested size: 390.0pt x 244.61505pt.

Underfull \vbox (badness 10000) has occurred while \output is active []

 [542.14.44 <../ps/calc2/andmay3.pdf>] [543.14.44] [544.14.44]
Overfull \vbox (2.0pt too high) has occurred while \output is active []

 [545.14.44] [546.14.44] [547.14.44] [548.14.44] [549.14.44] [550.14.44] [551.1
4.44]
<../ps/calc2/locbeha1.pdf, id=3369, 296.10625pt x 209.78375pt>
File: ../ps/calc2/locbeha1.pdf Graphic file (type pdf)
<use ../ps/calc2/locbeha1.pdf>
Package pdftex.def Info: ../ps/calc2/locbeha1.pdf  used on input line 1184.
(pdftex.def)             Requested size: 390.0pt x 276.31358pt.

[552.14.44 <../ps/calc2/locbeha1.pdf>]
<../ps/calc2/locbeha2.pdf, id=3381, 144.54pt x 102.3825pt>
File: ../ps/calc2/locbeha2.pdf Graphic file (type pdf)
<use ../ps/calc2/locbeha2.pdf>
Package pdftex.def Info: ../ps/calc2/locbeha2.pdf  used on input line 1200.
(pdftex.def)             Requested size: 390.0pt x 276.26459pt.

Underfull \vbox (badness 10000) has occurred while \output is active []

 [553.14.44 <../ps/calc2/locbeha2.pdf>] [554.14.44]
<../ps/calc2/locbeha3.pdf, id=3394, 166.6225pt x 116.435pt>
File: ../ps/calc2/locbeha3.pdf Graphic file (type pdf)
<use ../ps/calc2/locbeha3.pdf>
Package pdftex.def Info: ../ps/calc2/locbeha3.pdf  used on input line 1292.
(pdftex.def)             Requested size: 390.0pt x 272.57582pt.

Underfull \vbox (badness 10000) has occurred while \output is active []

 [555.14.44]
Underfull \vbox (badness 10000) has occurred while \output is active []

 [556.14.44 <../ps/calc2/locbeha3.pdf>] [557.14.44]
Overfull \hbox (8.48198pt too wide) in paragraph at lines 1410--1413
[]\OT1/cmr/m/n/12 Finally, us-ing the val-ues given for the dif-fer-ent pa-ram-
e-ters back on page 540[],
 []

[558.14.44] [559.14.44] [560.14.44]
<../ps/calc2/classeq1.pdf, id=3420, 369.38pt x 126.4725pt>
File: ../ps/calc2/classeq1.pdf Graphic file (type pdf)
<use ../ps/calc2/classeq1.pdf>
Package pdftex.def Info: ../ps/calc2/classeq1.pdf  used on input line 1530.
(pdftex.def)             Requested size: 390.0pt x 133.53336pt.
<../ps/calc2/classeq2.pdf, id=3421, 369.38pt x 126.4725pt>
File: ../ps/calc2/classeq2.pdf Graphic file (type pdf)
<use ../ps/calc2/classeq2.pdf>
Package pdftex.def Info: ../ps/calc2/classeq2.pdf  used on input line 1539.
(pdftex.def)             Requested size: 390.0pt x 133.53336pt.
<../ps/calc2/classeq3.pdf, id=3422, 180.675pt x 126.4725pt>
File: ../ps/calc2/classeq3.pdf Graphic file (type pdf)
<use ../ps/calc2/classeq3.pdf>
Package pdftex.def Info: ../ps/calc2/classeq3.pdf  used on input line 1548.
(pdftex.def)             Requested size: 390.0pt x 273.02599pt.

Underfull \vbox (badness 10000) has occurred while \output is active []

 [561.14.44 <../ps/calc2/classeq1.pdf> <../ps/calc2/classeq2.pdf>]
<../ps/calc2/classeq4.pdf, id=3435, 369.38pt x 126.4725pt>
File: ../ps/calc2/classeq4.pdf Graphic file (type pdf)
<use ../ps/calc2/classeq4.pdf>
Package pdftex.def Info: ../ps/calc2/classeq4.pdf  used on input line 1558.
(pdftex.def)             Requested size: 390.0pt x 133.53336pt.

Underfull \vbox (badness 6428) has occurred while \output is active []

 [562.14.44 <../ps/calc2/classeq3.pdf> <../ps/calc2/classeq4.pdf>]
<../ps/calc2/classeq5.pdf, id=3447, 180.675pt x 126.4725pt>
File: ../ps/calc2/classeq5.pdf Graphic file (type pdf)
<use ../ps/calc2/classeq5.pdf>
Package pdftex.def Info: ../ps/calc2/classeq5.pdf  used on input line 1567.
(pdftex.def)             Requested size: 390.0pt x 273.02599pt.
 [563.14.44 <../ps/calc2/classeq5.pdf>] [564.14.44] [565.14.44] [566.14.44] [56
7.14.44] [568.14.44]
<../ps/calc2/limcyc.pdf, id=3471, 293.095pt x 168.63pt>
File: ../ps/calc2/limcyc.pdf Graphic file (type pdf)
<use ../ps/calc2/limcyc.pdf>
Package pdftex.def Info: ../ps/calc2/limcyc.pdf  used on input line 1892.
(pdftex.def)             Requested size: 390.0pt x 224.38313pt.

[569.14.44] [570.14.44 <../ps/calc2/limcyc.pdf>] [571.14.44]
<../ps/calc2/ctr.pdf, id=3491, 185.69376pt x 158.5925pt>
File: ../ps/calc2/ctr.pdf Graphic file (type pdf)
<use ../ps/calc2/ctr.pdf>
Package pdftex.def Info: ../ps/calc2/ctr.pdf  used on input line 1985.
(pdftex.def)             Requested size: 390.0pt x 333.09032pt.
 [572.14.44 <../ps/calc2/ctr.pdf>]
<../ps/calc2/cycle.pdf, id=3500, 154.5775pt x 166.6225pt>
File: ../ps/calc2/cycle.pdf Graphic file (type pdf)
<use ../ps/calc2/cycle.pdf>
Package pdftex.def Info: ../ps/calc2/cycle.pdf  used on input line 2010.
(pdftex.def)             Requested size: 390.0pt x 420.42735pt.

Underfull \vbox (badness 10000) has occurred while \output is active []

 [573.14.44]
<../ps/calc2/torus.pdf, id=3505, 407.5225pt x 171.64125pt>
File: ../ps/calc2/torus.pdf Graphic file (type pdf)
<use ../ps/calc2/torus.pdf>
Package pdftex.def Info: ../ps/calc2/torus.pdf  used on input line 2017.
(pdftex.def)             Requested size: 390.0pt x 164.26823pt.
 [574.14.44 <../ps/calc2/cycle.pdf>]
Underfull \vbox (badness 10000) has occurred while \output is active []

 [575.14.44 <../ps/calc2/torus.pdf>]
<../ps/calc2/lor.pdf, id=3520, 373.395pt x 185.69376pt>
File: ../ps/calc2/lor.pdf Graphic file (type pdf)
<use ../ps/calc2/lor.pdf>
Package pdftex.def Info: ../ps/calc2/lor.pdf  used on input line 2060.
(pdftex.def)             Requested size: 390.0pt x 193.96132pt.
 [576.14.44 <../ps/calc2/lor.pdf>] [577.14.44]
[578.14.44] [579.14.44] [580.14.44] [581.14.44] [582.14.44

])
\openout2 = `ch9.aux'.

 (./ch9.tex
Chapter 9.
<../ps/911/WEATHER1.pdf, id=3547, 194.58537pt x 113.95453pt>
File: ../ps/911/WEATHER1.pdf Graphic file (type pdf)
<use ../ps/911/WEATHER1.pdf>
Package pdftex.def Info: ../ps/911/WEATHER1.pdf  used on input line 30.
(pdftex.def)             Requested size: 390.0pt x 228.41968pt.

Underfull \vbox (badness 10000) has occurred while \output is active []

 [583.14.44




]
Underfull \hbox (badness 10000) in paragraph at lines 32--38
\OT1/cmr/m/n/12 its pe-riod is 12 months. Fur-ther-more,
 []


Underfull \hbox (badness 10000) in paragraph at lines 32--38

 []


Overfull \hbox (13.03888pt too wide) in paragraph at lines 44--51
[]\OT1/cmr/m/n/12 However, all these tem-per-a-ture fluc-tu-a-tions dis-ap-pear
 [[NOTE:Underground
 []

<../ps/911/WEATHER2.pdf, id=3551, 329.88383pt x 164.44386pt>
File: ../ps/911/WEATHER2.pdf Graphic file (type pdf)
<use ../ps/911/WEATHER2.pdf>
Package pdftex.def Info: ../ps/911/WEATHER2.pdf  used on input line 52.
(pdftex.def)             Requested size: 390.0pt x 194.41342pt.

Underfull \vbox (badness 10000) has occurred while \output is active []

 [584.14.44 <../ps/911/WEATHER1.pdf>]
Underfull \hbox (badness 10000) in paragraph at lines 79--86

 []

<../ps/911/WEATHER3.pdf, id=3580, 340.26212pt x 179.1503pt>
File: ../ps/911/WEATHER3.pdf Graphic file (type pdf)
<use ../ps/911/WEATHER3.pdf>
Package pdftex.def Info: ../ps/911/WEATHER3.pdf  used on input line 89.
(pdftex.def)             Requested size: 390.0pt x 205.34329pt.

Underfull \vbox (badness 10000) has occurred while \output is active []

 [585.14.44 <../ps/911/WEATHER2.pdf>]
<../ps/911/WEATHER5.pdf, id=3613, 372.4133pt x 314.49284pt>
File: ../ps/911/WEATHER5.pdf Graphic file (type pdf)
<use ../ps/911/WEATHER5.pdf>
Package pdftex.def Info: ../ps/911/WEATHER5.pdf  used on input line 101.
(pdftex.def)             Requested size: 390.0pt x 329.34904pt.

Underfull \vbox (badness 10000) has occurred while \output is active []

 [586.14.44 <../ps/911/WEATHER3.pdf>]
<../ps/911/WEATHER6.pdf, id=3647, 242.47131pt x 210.7079pt>
File: ../ps/911/WEATHER6.pdf Graphic file (type pdf)
<use ../ps/911/WEATHER6.pdf>
Package pdftex.def Info: ../ps/911/WEATHER6.pdf  used on input line 120.
(pdftex.def)             Requested size: 390.0pt x 338.91104pt.

Underfull \vbox (badness 10000) has occurred while \output is active []

 [587.14.44 <../ps/911/WEATHER5.pdf>]
Underfull \hbox (badness 10000) in paragraph at lines 127--132
\OT1/cmr/m/n/12 face. The sur-face gives us an
 []


Underfull \hbox (badness 10000) in paragraph at lines 127--132

 []

<../ps/911/MINMAX1.pdf, id=3680, 87.18329pt x 111.38342pt>
File: ../ps/911/MINMAX1.pdf Graphic file (type pdf)
<use ../ps/911/MINMAX1.pdf>
Package pdftex.def Info: ../ps/911/MINMAX1.pdf  used on input line 147.
(pdftex.def)             Requested size: 390.0pt x 498.40797pt.

Underfull \vbox (badness 3568) has occurred while \output is active []

 [588.14.44 <../ps/911/WEATHER6.pdf>]
Underfull \vbox (badness 6252) has occurred while \output is active []

 [589.14.44 <../ps/911/MINMAX1.pdf>]
<../ps/911/MIN2.pdf, id=3775, 157.99718pt x 129.55994pt>
File: ../ps/911/MIN2.pdf Graphic file (type pdf)
<use ../ps/911/MIN2.pdf>
Package pdftex.def Info: ../ps/911/MIN2.pdf  used on input line 163.
(pdftex.def)             Requested size: 390.0pt x 319.86212pt.
 [590.14.44 <../ps/911/MIN2.pdf>]
<../ps/911/SADDLE1.pdf, id=3809, 157.99718pt x 129.56004pt>
File: ../ps/911/SADDLE1.pdf Graphic file (type pdf)
<use ../ps/911/SADDLE1.pdf>
Package pdftex.def Info: ../ps/911/SADDLE1.pdf  used on input line 185.
(pdftex.def)             Requested size: 390.0pt x 319.86238pt.

Underfull \hbox (badness 10000) in paragraph at lines 188--195
\OT1/cmr/m/it/12 i-mum \OT1/cmr/m/n/12 at the ori-gin. It is
 []


Underfull \hbox (badness 10000) in paragraph at lines 188--195

 []

[591.14.44 <../ps/911/SADDLE1.pdf>]
Underfull \hbox (badness 10000) in paragraph at lines 207--211

 []

<../ps/911/SADDLE2.pdf, id=3843, 1754.73157pt x 1168.09998pt>
File: ../ps/911/SADDLE2.pdf Graphic file (type pdf)
<use ../ps/911/SADDLE2.pdf>
Package pdftex.def Info: ../ps/911/SADDLE2.pdf  used on input line 212.
(pdftex.def)             Requested size: 390.0pt x 259.60287pt.
<../ps/911/SADDLE3.pdf, id=3844, 2392.94pt x 3382.6375pt>
File: ../ps/911/SADDLE3.pdf Graphic file (type pdf)
<use ../ps/911/SADDLE3.pdf>
Package pdftex.def Info: ../ps/911/SADDLE3.pdf  used on input line 214.
(pdftex.def)             Requested size: 390.0pt x 551.29796pt.

Underfull \vbox (badness 10000) has occurred while \output is active []

 [592.14.44 <../ps/911/SADDLE2.pdf>]
Overfull \vbox (2.79796pt too high) has occurred while \output is active []


[593.14.44 <../ps/911/SADDLE3.pdf>]
<../ps/911/SADDLE4.pdf, id=3864, 2392.94pt x 3382.6375pt>
File: ../ps/911/SADDLE4.pdf Graphic file (type pdf)
<use ../ps/911/SADDLE4.pdf>
Package pdftex.def Info: ../ps/911/SADDLE4.pdf  used on input line 216.
(pdftex.def)             Requested size: 390.0pt x 551.29796pt.

Overfull \vbox (2.79796pt too high) has occurred while \output is active []


[594.14.44 <../ps/911/SADDLE4.pdf>]
Underfull \hbox (badness 10000) in paragraph at lines 220--225
\OT1/cmr/m/n/12 sim-i-lar if $\OML/cmm/m/it/12 y$ \OT1/cmr/m/n/12 is given some

 []


Underfull \hbox (badness 10000) in paragraph at lines 220--225

 []


Underfull \hbox (badness 10000) in paragraph at lines 259--263

 []

<../ps/911/CUBIC1.pdf, id=3872, 188.84973pt x 118.88786pt>
File: ../ps/911/CUBIC1.pdf Graphic file (type pdf)
<use ../ps/911/CUBIC1.pdf>
Package pdftex.def Info: ../ps/911/CUBIC1.pdf  used on input line 264.
(pdftex.def)             Requested size: 390.0pt x 245.52486pt.

Underfull \vbox (badness 10000) has occurred while \output is active []

 [595.14.44]
<../ps/911/CUBIC2.pdf, id=3876, 188.84964pt x 118.88797pt>
File: ../ps/911/CUBIC2.pdf Graphic file (type pdf)
<use ../ps/911/CUBIC2.pdf>
Package pdftex.def Info: ../ps/911/CUBIC2.pdf  used on input line 266.
(pdftex.def)             Requested size: 390.0pt x 245.52509pt.

Underfull \vbox (badness 10000) has occurred while \output is active []

 [596.14.44 <../ps/911/CUBIC1.pdf> <../ps/911/CUBIC2.pdf>]
<../ps/911/CUBIC3.pdf, id=3969, 268.14066pt x 233.30663pt>
File: ../ps/911/CUBIC3.pdf Graphic file (type pdf)
<use ../ps/911/CUBIC3.pdf>
Package pdftex.def Info: ../ps/911/CUBIC3.pdf  used on input line 279.
(pdftex.def)             Requested size: 390.0pt x 339.35391pt.
<../ps/911/CUBIC4.pdf, id=3970, 134.91655pt x 108.03662pt>
File: ../ps/911/CUBIC4.pdf Graphic file (type pdf)
<use ../ps/911/CUBIC4.pdf>
Package pdftex.def Info: ../ps/911/CUBIC4.pdf  used on input line 281.
(pdftex.def)             Requested size: 390.0pt x 312.32059pt.

Underfull \vbox (badness 10000) has occurred while \output is active []

 [597.14.44 <../ps/911/CUBIC3.pdf>]
<../ps/911/CUBIC5.pdf, id=4019, 134.91655pt x 115.81738pt>
File: ../ps/911/CUBIC5.pdf Graphic file (type pdf)
<use ../ps/911/CUBIC5.pdf>
Package pdftex.def Info: ../ps/911/CUBIC5.pdf  used on input line 283.
(pdftex.def)             Requested size: 390.0pt x 334.81378pt.

Underfull \vbox (badness 10000) has occurred while \output is active []

 [598.14.44 <../ps/911/CUBIC4.pdf>]
Overfull \hbox (10.69724pt too wide) in paragraph at lines 286--291
[]\OT1/cmr/m/n/12 The small fig-ures on the right show the same sur-face as the
 large [[NOTE:See
 []

<../ps/911/PENDEN1.pdf, id=4068, 396.53123pt x 188.77336pt>
File: ../ps/911/PENDEN1.pdf Graphic file (type pdf)
<use ../ps/911/PENDEN1.pdf>
Package pdftex.def Info: ../ps/911/PENDEN1.pdf  used on input line 295.
(pdftex.def)             Requested size: 390.0pt x 185.6764pt.

Underfull \vbox (badness 10000) has occurred while \output is active []

 [599.14.44 <../ps/911/CUBIC5.pdf>]
<../ps/911/PENDEN2.pdf, id=4116, 214.06358pt x 211.95386pt>
File: ../ps/911/PENDEN2.pdf Graphic file (type pdf)
<use ../ps/911/PENDEN2.pdf>
Package pdftex.def Info: ../ps/911/PENDEN2.pdf  used on input line 297.
(pdftex.def)             Requested size: 390.0pt x 386.15442pt.

Underfull \vbox (badness 10000) has occurred while \output is active []

 [600.14.44 <../ps/911/PENDEN1.pdf>]
Underfull \vbox (badness 2302) has occurred while \output is active []

 [601.14.44 <../ps/911/PENDEN2.pdf>]
<../ps/912/DENSITY2.pdf, id=4218, 189.60194pt x 154.20671pt>
File: ../ps/912/DENSITY2.pdf Graphic file (type pdf)
<use ../ps/912/DENSITY2.pdf>
Package pdftex.def Info: ../ps/912/DENSITY2.pdf  used on input line 331.
(pdftex.def)             Requested size: 390.0pt x 317.20583pt.
<../ps/912/DENSITY1.pdf, id=4219, 174.14621pt x 68.23111pt>
File: ../ps/912/DENSITY1.pdf Graphic file (type pdf)
<use ../ps/912/DENSITY1.pdf>
Package pdftex.def Info: ../ps/912/DENSITY1.pdf  used on input line 333.
(pdftex.def)             Requested size: 390.0pt x 152.82098pt.

Underfull \vbox (badness 10000) has occurred while \output is active []

 [602.14.44 <../ps/912/DENSITY2.pdf>]
Underfull \hbox (badness 10000) in paragraph at lines 346--350
\OT1/cmr/m/n/12 un-der the peak on the graph. The other
 []


Underfull \hbox (badness 10000) in paragraph at lines 346--350

 []


Underfull \hbox (badness 10000) in paragraph at lines 361--368
\OT1/cmr/m/n/12 Com-pare these with the
 []


Underfull \hbox (badness 10000) in paragraph at lines 361--368

 []

<../ps/912/DENSITY3.pdf, id=4262, 437.77357pt x 146.57591pt>
File: ../ps/912/DENSITY3.pdf Graphic file (type pdf)
<use ../ps/912/DENSITY3.pdf>
Package pdftex.def Info: ../ps/912/DENSITY3.pdf  used on input line 369.
(pdftex.def)             Requested size: 390.0pt x 130.58632pt.

Underfull \vbox (badness 10000) has occurred while \output is active []

 [603.14.44 <../ps/912/DENSITY1.pdf>]
Overfull \hbox (5.83862pt too wide) in paragraph at lines 381--382
[][] 
 []

<../ps/912/DENSITY4.pdf, id=4306, 206.42676pt x 204.02032pt>
File: ../ps/912/DENSITY4.pdf Graphic file (type pdf)
<use ../ps/912/DENSITY4.pdf>
Package pdftex.def Info: ../ps/912/DENSITY4.pdf  used on input line 403.
(pdftex.def)             Requested size: 390.0pt x 385.48837pt.

Underfull \vbox (badness 10000) has occurred while \output is active []

 [604.14.44 <../ps/912/DENSITY3.pdf>]
<../ps/912/density5.pdf, id=4350, 206.4268pt x 204.02032pt>
File: ../ps/912/density5.pdf Graphic file (type pdf)
<use ../ps/912/density5.pdf>
Package pdftex.def Info: ../ps/912/density5.pdf  used on input line 405.
(pdftex.def)             Requested size: 390.0pt x 385.48837pt.

Underfull \vbox (badness 10000) has occurred while \output is active []

 [605.14.44 <../ps/912/DENSITY4.pdf>]
Overfull \hbox (2.0882pt too wide) in paragraph at lines 415--420
[]\OT1/cmr/m/n/12 [[NOTE:These den-sity plots show a ``checker-board'' pat-tern
 be-cause \OT1/cmr/m/it/12 Math-
 []

[606.14.44 <../ps/912/density5.pdf>]
<../ps/913/CONTOUR1.pdf, id=4429, 204.7137pt x 197.4825pt>
File: ../ps/913/CONTOUR1.pdf Graphic file (type pdf)
<use ../ps/913/CONTOUR1.pdf>
Package pdftex.def Info: ../ps/913/CONTOUR1.pdf  used on input line 435.
(pdftex.def)             Requested size: 390.0pt x 376.26924pt.

Underfull \vbox (badness 10000) has occurred while \output is active []

 [607.14.44 <../ps/913/CONTOUR1.pdf>]
<../ps/913/CONTOUR2.pdf, id=4466, 155.30568pt x 149.20865pt>
File: ../ps/913/CONTOUR2.pdf Graphic file (type pdf)
<use ../ps/913/CONTOUR2.pdf>
Package pdftex.def Info: ../ps/913/CONTOUR2.pdf  used on input line 467.
(pdftex.def)             Requested size: 390.0pt x 374.74643pt.

Underfull \vbox (badness 10000) has occurred while \output is active []

 [608.14.44]
<../ps/913/CONTOUR3.pdf, id=4471, 151.77673pt x 149.93727pt>
File: ../ps/913/CONTOUR3.pdf Graphic file (type pdf)
<use ../ps/913/CONTOUR3.pdf>
Package pdftex.def Info: ../ps/913/CONTOUR3.pdf  used on input line 469.
(pdftex.def)             Requested size: 390.0pt x 385.3389pt.

Underfull \vbox (badness 10000) has occurred while \output is active []

 [609.14.44 <../ps/913/CONTOUR2.pdf>]
<../ps/913/CONTOUR4.pdf, id=4509, 146.82564pt x 149.93727pt>
File: ../ps/913/CONTOUR4.pdf Graphic file (type pdf)
<use ../ps/913/CONTOUR4.pdf>
Package pdftex.def Info: ../ps/913/CONTOUR4.pdf  used on input line 471.
(pdftex.def)             Requested size: 390.0pt x 398.29959pt.

Underfull \vbox (badness 10000) has occurred while \output is active []

 [610.14.44 <../ps/913/CONTOUR3.pdf>] [611.14.44 <../ps/913/CONTOUR4.pdf>]
<../ps/913/CONSURF1.pdf, id=4582, 216.16151pt x 171.51637pt>
File: ../ps/913/CONSURF1.pdf Graphic file (type pdf)
<use ../ps/913/CONSURF1.pdf>
Package pdftex.def Info: ../ps/913/CONSURF1.pdf  used on input line 508.
(pdftex.def)             Requested size: 390.0pt x 309.45677pt.
<../ps/913/CONSURF2.pdf, id=4583, 205.21909pt x 171.51648pt>
File: ../ps/913/CONSURF2.pdf Graphic file (type pdf)
<use ../ps/913/CONSURF2.pdf>
Package pdftex.def Info: ../ps/913/CONSURF2.pdf  used on input line 510.
(pdftex.def)             Requested size: 390.0pt x 325.99983pt.

Underfull \vbox (badness 10000) has occurred while \output is active []

 [612.14.44 <../ps/913/CONSURF1.pdf>]
Overfull \hbox (16.4069pt too wide) in paragraph at lines 514--517
[]\OT1/cmr/m/n/12 To get some more ex-pe-ri-ence with con-tour plots, we re-tur
n to [[NOTE:Energy
 []

<../ps/913/contour5.pdf, id=4628, 379.08336pt x 159.76016pt>
File: ../ps/913/contour5.pdf Graphic file (type pdf)
<use ../ps/913/contour5.pdf>
Package pdftex.def Info: ../ps/913/contour5.pdf  used on input line 526.
(pdftex.def)             Requested size: 390.0pt x 164.36707pt.

Underfull \vbox (badness 10000) has occurred while \output is active []

 [613.14.44 <../ps/913/CONSURF2.pdf>]
<../ps/913/contour6.pdf, id=4672, 210.26424pt x 159.63681pt>
File: ../ps/913/contour6.pdf Graphic file (type pdf)
<use ../ps/913/contour6.pdf>
Package pdftex.def Info: ../ps/913/contour6.pdf  used on input line 543.
(pdftex.def)             Requested size: 390.0pt x 296.11266pt.

Underfull \vbox (badness 10000) has occurred while \output is active []

 [614.14.44 <../ps/913/contour5.pdf>]
<../ps/914/SUMDENSE.pdf, id=4716, 165.08447pt x 165.03445pt>
File: ../ps/914/SUMDENSE.pdf Graphic file (type pdf)
<use ../ps/914/SUMDENSE.pdf>
Package pdftex.def Info: ../ps/914/SUMDENSE.pdf  used on input line 568.
(pdftex.def)             Requested size: 390.0pt x 389.9312pt.

Underfull \vbox (badness 10000) has occurred while \output is active []

 [615.14.44 <../ps/913/contour6.pdf>]
<../ps/914/SUMCON2.pdf, id=4755, 165.08446pt x 170.4763pt>
File: ../ps/914/SUMCON2.pdf Graphic file (type pdf)
<use ../ps/914/SUMCON2.pdf>
Package pdftex.def Info: ../ps/914/SUMCON2.pdf  used on input line 570.
(pdftex.def)             Requested size: 390.0pt x 402.78879pt.

Underfull \vbox (badness 10000) has occurred while \output is active []

 [616.14.44 <../ps/914/SUMDENSE.pdf>]
<../ps/914/sumcon4.pdf, id=4798, 148.65915pt x 152.34677pt>
File: ../ps/914/sumcon4.pdf Graphic file (type pdf)
<use ../ps/914/sumcon4.pdf>
Package pdftex.def Info: ../ps/914/sumcon4.pdf  used on input line 572.
(pdftex.def)             Requested size: 390.0pt x 399.67912pt.

Underfull \vbox (badness 10000) has occurred while \output is active []

 [617.14.44 <../ps/914/SUMCON2.pdf>] [618.14.44 <../ps/914/sumcon4.pdf>]
Overfull \vbox (1.03331pt too high) has occurred while \output is active []


[619.14.44]
Underfull \hbox (badness 10000) in paragraph at lines 656--666
\OT1/cmr/m/n/12 points $(\OML/cmm/m/it/12 x; y; z\OT1/cmr/m/n/12 )$ where $\OML
/cmm/m/it/12 w$ \OT1/cmr/m/n/12 has a fixed value
 []


Underfull \hbox (badness 10000) in paragraph at lines 656--666

 []

<../ps/915/XYZ1.pdf, id=4887, 145.90892pt x 93.99437pt>
File: ../ps/915/XYZ1.pdf Graphic file (type pdf)
<use ../ps/915/XYZ1.pdf>
Package pdftex.def Info: ../ps/915/XYZ1.pdf  used on input line 667.
(pdftex.def)             Requested size: 390.0pt x 251.24094pt.

Underfull \vbox (badness 10000) has occurred while \output is active []

 [620.14.44 <../ps/915/XYZ1.pdf>]
<../ps/915/SHELLS1.pdf, id=4918, 419.61768pt x 397.89159pt>
File: ../ps/915/SHELLS1.pdf Graphic file (type pdf)
<use ../ps/915/SHELLS1.pdf>
Package pdftex.def Info: ../ps/915/SHELLS1.pdf  used on input line 697.
(pdftex.def)             Requested size: 390.0pt x 369.82285pt.

Underfull \vbox (badness 10000) has occurred while \output is active []

 [621.14.44] [622.14.44 <../ps/915/SHELLS1.pdf>]
<../ps/915/SHELLS2.pdf, id=4950, 447.16454pt x 358.48267pt>
File: ../ps/915/SHELLS2.pdf Graphic file (type pdf)
<use ../ps/915/SHELLS2.pdf>
Package pdftex.def Info: ../ps/915/SHELLS2.pdf  used on input line 723.
(pdftex.def)             Requested size: 390.0pt x 312.6596pt.
<../ps/915/SHELLS3.pdf, id=4951, 2392.94pt x 3382.6375pt>
File: ../ps/915/SHELLS3.pdf Graphic file (type pdf)
<use ../ps/915/SHELLS3.pdf>
Package pdftex.def Info: ../ps/915/SHELLS3.pdf  used on input line 725.
(pdftex.def)             Requested size: 390.0pt x 551.29796pt.

Underfull \vbox (badness 10000) has occurred while \output is active []

 [623.14.44 <../ps/915/SHELLS2.pdf>]
Overfull \vbox (2.79796pt too high) has occurred while \output is active []


[624.14.44 <../ps/915/SHELLS3.pdf>] [625.14.44] [626.14.44] [627.14.44]
[628.14.44] [629.14.44] [630.14.44]
<../ps/921/micro1.pdf, id=5018, 448.954pt x 278.81267pt>
File: ../ps/921/micro1.pdf Graphic file (type pdf)
<use ../ps/921/micro1.pdf>
Package pdftex.def Info: ../ps/921/micro1.pdf  used on input line 1083.
(pdftex.def)             Requested size: 390.0pt x 242.20767pt.
<../ps/921/micro2.pdf, id=5019, 2392.94pt x 3382.6375pt>
File: ../ps/921/micro2.pdf Graphic file (type pdf)
<use ../ps/921/micro2.pdf>
Package pdftex.def Info: ../ps/921/micro2.pdf  used on input line 1085.
(pdftex.def)             Requested size: 390.0pt x 551.29796pt.

Underfull \vbox (badness 10000) has occurred while \output is active []

 [631.14.44 <../ps/921/micro1.pdf>]
Overfull \vbox (2.79796pt too high) has occurred while \output is active []


[632.14.44 <../ps/921/micro2.pdf>]
<../ps/921/micro3.pdf, id=5060, 2392.94pt x 3382.6375pt>
File: ../ps/921/micro3.pdf Graphic file (type pdf)
<use ../ps/921/micro3.pdf>
Package pdftex.def Info: ../ps/921/micro3.pdf  used on input line 1087.
(pdftex.def)             Requested size: 390.0pt x 551.29796pt.

Overfull \vbox (2.79796pt too high) has occurred while \output is active []


[633.14.44 <../ps/921/micro3.pdf>]
<../ps/921/micro4.pdf, id=5068, 451.17245pt x 155.39676pt>
File: ../ps/921/micro4.pdf Graphic file (type pdf)
<use ../ps/921/micro4.pdf>
Package pdftex.def Info: ../ps/921/micro4.pdf  used on input line 1100.
(pdftex.def)             Requested size: 390.0pt x 134.33096pt.
 [634.14.44 <../ps/921/micro4.pdf>]
Overfull \hbox (5.68896pt too wide) in paragraph at lines 1147--1157
[]\OT1/cmr/m/n/12 The def-i-ni-tion de-scribes how $\OML/cmm/m/it/12 z$ \OT1/cm
r/m/n/12 re-sponds [[NOTE:Partial and to-tal changes]]
 []

[635.14.44]
<../ps/922/linear1.pdf, id=5112, 181.35403pt x 166.50366pt>
File: ../ps/922/linear1.pdf Graphic file (type pdf)
<use ../ps/922/linear1.pdf>
Package pdftex.def Info: ../ps/922/linear1.pdf  used on input line 1282.
(pdftex.def)             Requested size: 390.0pt x 358.08255pt.
 [636.14.44]
<../ps/922/linear2.pdf, id=5116, 208.10748pt x 162.14899pt>
File: ../ps/922/linear2.pdf Graphic file (type pdf)
<use ../ps/922/linear2.pdf>
Package pdftex.def Info: ../ps/922/linear2.pdf  used on input line 1284.
(pdftex.def)             Requested size: 390.0pt x 303.89001pt.

Underfull \vbox (badness 10000) has occurred while \output is active []

 [637.14.44 <../ps/922/linear1.pdf>] [638.14.44 <../ps/922/linear2.pdf>]
<../ps/922/linear3.pdf, id=5206, 205.86261pt x 159.48985pt>
File: ../ps/922/linear3.pdf Graphic file (type pdf)
<use ../ps/922/linear3.pdf>
Package pdftex.def Info: ../ps/922/linear3.pdf  used on input line 1343.
(pdftex.def)             Requested size: 390.0pt x 302.17476pt.
 [639.14.44 <../ps/922/linear3.pdf>]
Underfull \hbox (badness 10000) in paragraph at lines 1352--1357
\OML/cmm/m/it/12 r\OT1/cmr/m/n/12 )\OML/cmm/m/it/12 =q$\OT1/cmr/m/n/12 . There-
fore, the dis-tance along the $\OML/cmm/m/it/12 y$\OT1/cmr/m/n/12 -axis
 []


Underfull \hbox (badness 10000) in paragraph at lines 1352--1357

 []


Underfull \hbox (badness 10000) in paragraph at lines 1369--1376
\OT1/cmr/m/n/12 the $\OML/cmm/m/it/12 x$\OT1/cmr/m/n/12 -direction
 []


Underfull \hbox (badness 10000) in paragraph at lines 1369--1376

 []

<../ps/922/linear4.pdf, id=5257, 167.78477pt x 159.22244pt>
File: ../ps/922/linear4.pdf Graphic file (type pdf)
<use ../ps/922/linear4.pdf>
Package pdftex.def Info: ../ps/922/linear4.pdf  used on input line 1377.
(pdftex.def)             Requested size: 390.0pt x 370.1033pt.

Underfull \vbox (badness 10000) has occurred while \output is active []

 [640.14.44]
<../ps/922/linear5.pdf, id=5261, 167.78474pt x 162.9541pt>
File: ../ps/922/linear5.pdf Graphic file (type pdf)
<use ../ps/922/linear5.pdf>
Package pdftex.def Info: ../ps/922/linear5.pdf  used on input line 1379.
(pdftex.def)             Requested size: 390.0pt x 378.77731pt.

Underfull \vbox (badness 10000) has occurred while \output is active []

 [641.14.44 <../ps/922/linear4.pdf>]
Underfull \vbox (badness 3954) has occurred while \output is active []

 [642.14.44 <../ps/922/linear5.pdf>]
<../ps/922/linear6.pdf, id=5361, 144.06065pt x 140.95482pt>
File: ../ps/922/linear6.pdf Graphic file (type pdf)
<use ../ps/922/linear6.pdf>
Package pdftex.def Info: ../ps/922/linear6.pdf  used on input line 1421.
(pdftex.def)             Requested size: 390.0pt x 381.66708pt.
<../ps/922/linear7.pdf, id=5362, 144.06061pt x 142.92065pt>
File: ../ps/922/linear7.pdf Graphic file (type pdf)
<use ../ps/922/linear7.pdf>
Package pdftex.def Info: ../ps/922/linear7.pdf  used on input line 1423.
(pdftex.def)             Requested size: 390.0pt x 386.98999pt.

Underfull \vbox (badness 10000) has occurred while \output is active []

 [643.14.44 <../ps/922/linear6.pdf>]
<../ps/922/linear8.pdf, id=5406, 144.06061pt x 142.92055pt>
File: ../ps/922/linear8.pdf Graphic file (type pdf)
<use ../ps/922/linear8.pdf>
Package pdftex.def Info: ../ps/922/linear8.pdf  used on input line 1425.
(pdftex.def)             Requested size: 390.0pt x 386.9897pt.

Underfull \vbox (badness 10000) has occurred while \output is active []

 [644.14.44 <../ps/922/linear7.pdf>]
Underfull \vbox (badness 10000) has occurred while \output is active []

 [645.14.44 <../ps/922/linear8.pdf>]
Underfull \hbox (badness 10000) in paragraph at lines 1479--1479

 []

<../ps/922/linear9.pdf, id=5495, 81.0775pt x 87.9796pt>
File: ../ps/922/linear9.pdf Graphic file (type pdf)
<use ../ps/922/linear9.pdf>
Package pdftex.def Info: ../ps/922/linear9.pdf  used on input line 1492.
(pdftex.def)             Requested size: 390.0pt x 423.2772pt.

Underfull \vbox (badness 10000) has occurred while \output is active []

 [646.14.44]
<../ps/922/linear10.pdf, id=5499, 81.07741pt x 87.97969pt>
File: ../ps/922/linear10.pdf Graphic file (type pdf)
<use ../ps/922/linear10.pdf>
Package pdftex.def Info: ../ps/922/linear10.pdf  used on input line 1494.
(pdftex.def)             Requested size: 390.0pt x 423.27765pt.

Underfull \vbox (badness 10000) has occurred while \output is active []

 [647.14.44 <../ps/922/linear9.pdf>]
<../ps/922/linear11.pdf, id=5557, 55.98997pt x 71.39864pt>
File: ../ps/922/linear11.pdf Graphic file (type pdf)
<use ../ps/922/linear11.pdf>
Package pdftex.def Info: ../ps/922/linear11.pdf  used on input line 1496.
(pdftex.def)             Requested size: 390.0pt x 497.51656pt.

Underfull \vbox (badness 10000) has occurred while \output is active []

 [648.14.44 <../ps/922/linear10.pdf>]
Underfull \vbox (badness 10000) has occurred while \output is active []

 [649.14.44 <../ps/922/linear11.pdf>]
<../ps/922/linear12.pdf, id=5666, 81.28023pt x 81.9854pt>
File: ../ps/922/linear12.pdf Graphic file (type pdf)
<use ../ps/922/linear12.pdf>
Package pdftex.def Info: ../ps/922/linear12.pdf  used on input line 1547.
(pdftex.def)             Requested size: 390.0pt x 393.52788pt.

Underfull \vbox (badness 10000) has occurred while \output is active []

 [650.14.44]
Underfull \vbox (badness 1072) has occurred while \output is active []

 [651.14.44 <../ps/922/linear12.pdf>]
<../ps/922/linear13.pdf, id=5713, 141.48956pt x 143.84612pt>
File: ../ps/922/linear13.pdf Graphic file (type pdf)
<use ../ps/922/linear13.pdf>
Package pdftex.def Info: ../ps/922/linear13.pdf  used on input line 1614.
(pdftex.def)             Requested size: 390.0pt x 396.55254pt.
 [652.14.44]
<../ps/922/linear14.pdf, id=5717, 141.48961pt x 145.5327pt>
File: ../ps/922/linear14.pdf Graphic file (type pdf)
<use ../ps/922/linear14.pdf>
Package pdftex.def Info: ../ps/922/linear14.pdf  used on input line 1616.
(pdftex.def)             Requested size: 390.0pt x 401.2021pt.

Underfull \vbox (badness 10000) has occurred while \output is active []

 [653.14.44 <../ps/922/linear13.pdf>]
<../ps/922/linear15.pdf, id=5761, 141.48961pt x 145.5327pt>
File: ../ps/922/linear15.pdf Graphic file (type pdf)
<use ../ps/922/linear15.pdf>
Package pdftex.def Info: ../ps/922/linear15.pdf  used on input line 1618.
(pdftex.def)             Requested size: 390.0pt x 401.2021pt.

Underfull \vbox (badness 10000) has occurred while \output is active []

 [654.14.44 <../ps/922/linear14.pdf>]
Overfull \hbox (1.30531pt too wide) in paragraph at lines 1623--1630
[]  $\OML/cmm/m/it/10.95 z \OT1/cmr/m/n/10.95 = \OMS/cmsy/m/n/10.95 ^^@[]\OML/c
mm/m/it/10.95 x \OT1/cmr/m/n/10.95 + \OML/cmm/m/it/10.95 y \OT1/cmr/m/n/10.95 +
 4$   $\OML/cmm/m/it/10.95 z \OT1/cmr/m/n/10.95 = \OMS/cmsy/m/n/10.95 ^^@\OML/c
mm/m/it/10.95 x \OT1/cmr/m/n/10.95 + \OML/cmm/m/it/10.95 y \OT1/cmr/m/n/10.95 +
 4$   []
 []


Underfull \hbox (badness 10000) in paragraph at lines 1623--1630

 []


Overfull \hbox (7.82504pt too wide) in paragraph at lines 1633--1643
\OT1/cmr/m/n/12 each case the gra-di-ent vec-tor is per-pen-dic-u-lar to the co
n-tours, [[NOTE:Contour
 []


Underfull \hbox (badness 10000) in paragraph at lines 1646--1654
\OT1/cmr/m/n/12 rectly ``up-hill''. Putting it an-other way, we can
 []


Underfull \hbox (badness 10000) in paragraph at lines 1646--1654

 []

[655.14.44 <../ps/922/linear15.pdf>]
<../ps/922/linear16.pdf, id=5849, 162.10205pt x 162.9277pt>
File: ../ps/922/linear16.pdf Graphic file (type pdf)
<use ../ps/922/linear16.pdf>
Package pdftex.def Info: ../ps/922/linear16.pdf  used on input line 1655.
(pdftex.def)             Requested size: 390.0pt x 392.00401pt.

Underfull \vbox (badness 10000) has occurred while \output is active []

 [656.14.44 <../ps/922/linear16.pdf>]
Underfull \hbox (badness 10000) in paragraph at lines 1687--1696
\OT1/cmr/m/n/12 clear that $\OML/cmm/m/it/12 g$ \OT1/cmr/m/n/12 is just a slice
 of $\OML/cmm/m/it/12 f$
 []


Underfull \hbox (badness 10000) in paragraph at lines 1687--1696

 []

<../ps/922/linear18.pdf, id=5887, 166.74164pt x 122.78423pt>
File: ../ps/922/linear18.pdf Graphic file (type pdf)
<use ../ps/922/linear18.pdf>
Package pdftex.def Info: ../ps/922/linear18.pdf  used on input line 1697.
(pdftex.def)             Requested size: 390.0pt x 287.22395pt.

Underfull \vbox (badness 10000) has occurred while \output is active []

 [657.14.44]
<../ps/922/linear17.pdf, id=5892, 190.73317pt x 157.73862pt>
File: ../ps/922/linear17.pdf Graphic file (type pdf)
<use ../ps/922/linear17.pdf>
Package pdftex.def Info: ../ps/922/linear17.pdf  used on input line 1699.
(pdftex.def)             Requested size: 390.0pt x 322.55751pt.

Underfull \vbox (badness 10000) has occurred while \output is active []

 [658.14.44 <../ps/922/linear18.pdf>]
Underfull \hbox (badness 10000) in paragraph at lines 1725--1726

 []


Underfull \vbox (badness 10000) has occurred while \output is active []

 [659.14.44 <../ps/922/linear17.pdf>]
<../ps/921/micro5.pdf, id=5968, 430.76573pt x 249.17953pt>
File: ../ps/921/micro5.pdf Graphic file (type pdf)
<use ../ps/921/micro5.pdf>
Package pdftex.def Info: ../ps/921/micro5.pdf  used on input line 1776.
(pdftex.def)             Requested size: 390.0pt x 225.60547pt.

Underfull \vbox (badness 10000) has occurred while \output is active []

 [660.14.44]
<../ps/921/micro6.pdf, id=5972, 2392.94pt x 3382.6375pt>
File: ../ps/921/micro6.pdf Graphic file (type pdf)
<use ../ps/921/micro6.pdf>
Package pdftex.def Info: ../ps/921/micro6.pdf  used on input line 1778.
(pdftex.def)             Requested size: 390.0pt x 551.29796pt.

Underfull \vbox (badness 10000) has occurred while \output is active []

 [661.14.44 <../ps/921/micro5.pdf>]
Overfull \vbox (2.79796pt too high) has occurred while \output is active []


[662.14.44 <../ps/921/micro6.pdf>]
Overfull \hbox (2.99919pt too wide) in paragraph at lines 1805--1808
[]\OT1/cmr/m/n/12 Incidentally, the func-tion shown above is $\OML/cmm/m/it/12 
f\OT1/cmr/m/n/12 (\OML/cmm/m/it/12 x; y\OT1/cmr/m/n/12 ) = \OML/cmm/m/it/12 x[]
 \OMS/cmsy/m/n/12 ^^@ \OT1/cmr/m/n/12 4\OML/cmm/m/it/12 x \OMS/cmsy/m/n/12 ^^@ 
\OML/cmm/m/it/12 y[]$\OT1/cmr/m/n/12 , [[NOTE:An
 []

[663.14.44]
<../ps/922/micro7.pdf, id=6033, 456.1118pt x 155.87575pt>
File: ../ps/922/micro7.pdf Graphic file (type pdf)
<use ../ps/922/micro7.pdf>
Package pdftex.def Info: ../ps/922/micro7.pdf  used on input line 1850.
(pdftex.def)             Requested size: 390.0pt x 133.28702pt.
<../ps/923/micro9.pdf, id=6034, 178.66248pt x 147.1636pt>
File: ../ps/923/micro9.pdf Graphic file (type pdf)
<use ../ps/923/micro9.pdf>
Package pdftex.def Info: ../ps/923/micro9.pdf  used on input line 1868.
(pdftex.def)             Requested size: 390.0pt x 321.25038pt.

Underfull \vbox (badness 10000) has occurred while \output is active []

 [664.14.44 <../ps/922/micro7.pdf>]
<../ps/923/micro10.pdf, id=6070, 191.74977pt x 147.1635pt>
File: ../ps/923/micro10.pdf Graphic file (type pdf)
<use ../ps/923/micro10.pdf>
Package pdftex.def Info: ../ps/923/micro10.pdf  used on input line 1870.
(pdftex.def)             Requested size: 390.0pt x 299.36295pt.

Underfull \vbox (badness 10000) has occurred while \output is active []

 [665.14.44 <../ps/923/micro9.pdf>]
<../ps/923/micro11.pdf, id=6106, 173.76718pt x 147.9657pt>
File: ../ps/923/micro11.pdf Graphic file (type pdf)
<use ../ps/923/micro11.pdf>
Package pdftex.def Info: ../ps/923/micro11.pdf  used on input line 1891.
(pdftex.def)             Requested size: 390.0pt x 332.12274pt.

Underfull \vbox (badness 10000) has occurred while \output is active []

 [666.14.44 <../ps/923/micro10.pdf>]
<../ps/923/micro12.pdf, id=6141, 178.11304pt x 152.97853pt>
File: ../ps/923/micro12.pdf Graphic file (type pdf)
<use ../ps/923/micro12.pdf>
Package pdftex.def Info: ../ps/923/micro12.pdf  used on input line 1893.
(pdftex.def)             Requested size: 390.0pt x 334.99918pt.

Underfull \vbox (badness 10000) has occurred while \output is active []

 [667.14.44 <../ps/923/micro11.pdf>]
File: ../ps/923/micro9.pdf Graphic file (type pdf)
<use ../ps/923/micro9.pdf>
Package pdftex.def Info: ../ps/923/micro9.pdf  used on input line 1911.
(pdftex.def)             Requested size: 390.0pt x 321.25038pt.

Underfull \vbox (badness 10000) has occurred while \output is active []

 [668.14.44 <../ps/923/micro12.pdf>]
<../ps/923/micro13.pdf, id=6210, 179.96425pt x 150.75412pt>
File: ../ps/923/micro13.pdf Graphic file (type pdf)
<use ../ps/923/micro13.pdf>
Package pdftex.def Info: ../ps/923/micro13.pdf  used on input line 1913.
(pdftex.def)             Requested size: 390.0pt x 326.74428pt.

Underfull \vbox (badness 10000) has occurred while \output is active []

 [669.14.44] [670.14.44 <../ps/923/micro13.pdf>]
Underfull \hbox (badness 1189) in paragraph at lines 2002--2002
[]\OT1/cmr/bx/n/12 Definition\OT1/cmr/m/n/12 . The \OT1/cmr/bx/n/12 gra-di-ent 
\OT1/cmr/m/n/12 of a func-tion $\OML/cmm/m/it/12 z \OT1/cmr/m/n/12 = \OML/cmm/m
/it/12 f\OT1/cmr/m/n/12 (\OML/cmm/m/it/12 x; y\OT1/cmr/m/n/12 )$
 []


Underfull \hbox (badness 10000) in paragraph at lines 2002--2002

 []

[671.14.44]
<../ps/924/grad1.pdf, id=6255, 160.26845pt x 158.52907pt>
File: ../ps/924/grad1.pdf Graphic file (type pdf)
<use ../ps/924/grad1.pdf>
Package pdftex.def Info: ../ps/924/grad1.pdf  used on input line 2023.
(pdftex.def)             Requested size: 390.0pt x 385.80888pt.
<../ps/924/grad2.pdf, id=6256, 2392.94pt x 3382.6375pt>
File: ../ps/924/grad2.pdf Graphic file (type pdf)
<use ../ps/924/grad2.pdf>
Package pdftex.def Info: ../ps/924/grad2.pdf  used on input line 2025.
(pdftex.def)             Requested size: 390.0pt x 551.29796pt.

Underfull \vbox (badness 10000) has occurred while \output is active []

 [672.14.44 <../ps/924/grad1.pdf>]
Overfull \vbox (2.79796pt too high) has occurred while \output is active []


[673.14.44 <../ps/924/grad2.pdf>]
Overfull \hbox (8.2167pt too wide) in paragraph at lines 2030--2037
[]\OT1/cmr/m/n/12 There is one thing you should no-tice about the pre-vi-ous fi
g-ure: [[NOTE:The
 []


Underfull \hbox (badness 10000) in paragraph at lines 2070--2074
\OT1/cmr/m/n/12 (which is a vec-tor in the
 []


Underfull \hbox (badness 10000) in paragraph at lines 2070--2074

 []

<../ps/924/grad3.pdf, id=6316, 176.37946pt x 150.12828pt>
File: ../ps/924/grad3.pdf Graphic file (type pdf)
<use ../ps/924/grad3.pdf>
Package pdftex.def Info: ../ps/924/grad3.pdf  used on input line 2075.
(pdftex.def)             Requested size: 390.0pt x 331.96234pt.

Underfull \vbox (badness 10000) has occurred while \output is active []

 [674.14.44] [675.14.44 <../ps/924/grad3.pdf>]
Underfull \hbox (badness 10000) in paragraph at lines 2103--2111
\OT1/cmr/m/n/12 the top and the bot-tom of the
 []


Underfull \hbox (badness 10000) in paragraph at lines 2103--2111

 []

<../ps/925/shells4.pdf, id=6351, 233.93257pt x 212.25359pt>
File: ../ps/925/shells4.pdf Graphic file (type pdf)
<use ../ps/925/shells4.pdf>
Package pdftex.def Info: ../ps/925/shells4.pdf  used on input line 2112.
(pdftex.def)             Requested size: 390.0pt x 353.89542pt.
<../ps/924/grad4.pdf, id=6352, 206.72353pt x 208.58649pt>
File: ../ps/924/grad4.pdf Graphic file (type pdf)
<use ../ps/924/grad4.pdf>
Package pdftex.def Info: ../ps/924/grad4.pdf  used on input line 2114.
(pdftex.def)             Requested size: 390.0pt x 393.52077pt.
[676.14.44 <../ps/925/shells4.pdf>]
Underfull \vbox (badness 10000) has occurred while \output is active []

 [677.14.44 <../ps/924/grad4.pdf>]
<../ps/925/contour1.pdf, id=6438, 97.03552pt x 115.16505pt>
File: ../ps/925/contour1.pdf Graphic file (type pdf)
<use ../ps/925/contour1.pdf>
Package pdftex.def Info: ../ps/925/contour1.pdf  used on input line 2167.
(pdftex.def)             Requested size: 360.6253pt x 428.01942pt.

Underfull \vbox (badness 10000) has occurred while \output is active []

 [678.14.44] [679.14.44 <../ps/925/contour1.pdf>]
Overfull \hbox (71.06792pt too wide) detected at line 2239
[]
 []

[680.14.44]
<../ps/925/linear1.pdf, id=6480, 200.8822pt x 220.78354pt>
File: ../ps/925/linear1.pdf Graphic file (type pdf)
<use ../ps/925/linear1.pdf>
Package pdftex.def Info: ../ps/925/linear1.pdf  used on input line 2305.
(pdftex.def)             Requested size: 334.77562pt x 367.95255pt.
 [681.14.44]
<../ps/925/linear2.pdf, id=6485, 200.88219pt x 220.78354pt>
File: ../ps/925/linear2.pdf Graphic file (type pdf)
<use ../ps/925/linear2.pdf>
Package pdftex.def Info: ../ps/925/linear2.pdf  used on input line 2307.
(pdftex.def)             Requested size: 334.77562pt x 367.95255pt.

Underfull \vbox (badness 10000) has occurred while \output is active []

 [682.14.44 <../ps/925/linear1.pdf>]
Overfull \hbox (2.13948pt too wide) in paragraph at lines 2316--2318
[]\OT1/cmr/m/n/12 What are the val-ues of $\OML/cmm/m/it/12 L[]\OT1/cmr/m/n/12 
(1\OML/cmm/m/it/12 ; \OT1/cmr/m/n/12 0)$, $\OML/cmm/m/it/12 L[]\OT1/cmr/m/n/12 
(2\OML/cmm/m/it/12 ; \OT1/cmr/m/n/12 0)$, $\OML/cmm/m/it/12 L[]\OT1/cmr/m/n/12 
(3\OML/cmm/m/it/12 ; \OT1/cmr/m/n/12 0)$, $\OML/cmm/m/it/12 L[]\OT1/cmr/m/n/12 
(0\OML/cmm/m/it/12 ; \OT1/cmr/m/n/12 3)$, $\OML/cmm/m/it/12 L[]\OT1/cmr/m/n/12 
(2\OML/cmm/m/it/12 ; \OT1/cmr/m/n/12 3)$,
 []


Overfull \hbox (1.48619pt too wide) in paragraph at lines 2324--2326
[]\OT1/cmr/m/n/12 Continuation. Find the val-ues of $\OML/cmm/m/it/12 L[]\OT1/c
mr/m/n/12 (3\OML/cmm/m/it/12 ; \OT1/cmr/m/n/12 2)$, $\OML/cmm/m/it/12 L[]\OT1/c
mr/m/n/12 (7\OML/cmm/m/it/12 ; \OT1/cmr/m/n/12 0)$, $\OML/cmm/m/it/12 L[]\OT1/c
mr/m/n/12 (7\OML/cmm/m/it/12 ; \OT1/cmr/m/n/12 7)$, $\OML/cmm/m/it/12 L[]\OT1/c
mr/m/n/12 (1\OML/cmm/m/it/12 :\OT1/cmr/m/n/12 4\OML/cmm/m/it/12 ; \OT1/cmr/m/n/
12 2\OML/cmm/m/it/12 :\OT1/cmr/m/n/12 9)$,
 []

[683.14.44 <../ps/925/linear2.pdf>]
<../ps/925/graph1.pdf, id=6551, 209.38278pt x 188.12985pt>
File: ../ps/925/graph1.pdf Graphic file (type pdf)
<use ../ps/925/graph1.pdf>
Package pdftex.def Info: ../ps/925/graph1.pdf  used on input line 2344.
(pdftex.def)             Requested size: 334.77562pt x 300.80434pt.
<../ps/925/graph2.pdf, id=6552, 209.38275pt x 188.12985pt>
File: ../ps/925/graph2.pdf Graphic file (type pdf)
<use ../ps/925/graph2.pdf>
Package pdftex.def Info: ../ps/925/graph2.pdf  used on input line 2346.
(pdftex.def)             Requested size: 334.77562pt x 300.80434pt.

Underfull \vbox (badness 10000) has occurred while \output is active []

 [684.14.44 <../ps/925/graph1.pdf>] [685.14.44 <../ps/925/graph2.pdf>] [686.14.
44]
[687.14.44] [688.14.44]
<../ps/925/cone.pdf, id=6625, 174.3226pt x 56.71579pt>
File: ../ps/925/cone.pdf Graphic file (type pdf)
<use ../ps/925/cone.pdf>
Package pdftex.def Info: ../ps/925/cone.pdf  used on input line 2631.
(pdftex.def)             Requested size: 360.6253pt x 117.33514pt.
 [689.14.44]
<../ps/925/bowl.pdf, id=6629, 169.59772pt x 62.48665pt>
File: ../ps/925/bowl.pdf Graphic file (type pdf)
<use ../ps/925/bowl.pdf>
Package pdftex.def Info: ../ps/925/bowl.pdf  used on input line 2663.
(pdftex.def)             Requested size: 360.6253pt x 132.87149pt.

Underfull \vbox (badness 2837) has occurred while \output is active []

 [690.14.44 <../ps/925/cone.pdf>] [691.14.44 <../ps/925/bowl.pdf>]
Overfull \hbox (4.04175pt too wide) in paragraph at lines 2760--2763
[]\OT1/cmr/m/n/12 Confirm that the sys-tem has an equi-lib-rium point at $(\OML
/cmm/m/it/12 R; F\OT1/cmr/m/n/12 ) = (1000\OML/cmm/m/it/12 ; \OT1/cmr/m/n/12 18
)$.
 []

[692.14.44]
<../ps/925/gradient.pdf, id=6698, 145.05092pt x 143.22318pt>
File: ../ps/925/gradient.pdf Graphic file (type pdf)
<use ../ps/925/gradient.pdf>
Package pdftex.def Info: ../ps/925/gradient.pdf  used on input line 2828.
(pdftex.def)             Requested size: 360.6253pt x 356.1273pt.
 [693.14.44]
<../ps/925/contour2.pdf, id=6703, 152.47606pt x 159.69844pt>
File: ../ps/925/contour2.pdf Graphic file (type pdf)
<use ../ps/925/contour2.pdf>
Package pdftex.def Info: ../ps/925/contour2.pdf  used on input line 2830.
(pdftex.def)             Requested size: 360.6253pt x 377.72327pt.

Underfull \vbox (badness 10000) has occurred while \output is active []

 [694.14.44 <../ps/925/gradient.pdf>] [695.14.44 <../ps/925/contour2.pdf>]
<../ps/931/OPT1.pdf, id=6758, 183.19044pt x 171.08159pt>
File: ../ps/931/OPT1.pdf Graphic file (type pdf)
<use ../ps/931/OPT1.pdf>
Package pdftex.def Info: ../ps/931/OPT1.pdf  used on input line 2879.
(pdftex.def)             Requested size: 390.0pt x 364.22357pt.

Underfull \vbox (badness 10000) has occurred while \output is active []

 [696.14.44] [697.14.44 <../ps/931/OPT1.pdf>]
Underfull \hbox (badness 10000) in paragraph at lines 2911--2921
\OT1/cmr/m/n/12 part of the graph that sat-is-fies[]
 []


Underfull \hbox (badness 10000) in paragraph at lines 2911--2921

 []

<../ps/931/OPT2.pdf, id=6804, 165.6986pt x 169.38623pt>
File: ../ps/931/OPT2.pdf Graphic file (type pdf)
<use ../ps/931/OPT2.pdf>
Package pdftex.def Info: ../ps/931/OPT2.pdf  used on input line 2922.
(pdftex.def)             Requested size: 390.0pt x 398.70383pt.

Underfull \vbox (badness 10000) has occurred while \output is active []

 [698.14.44]
<../ps/931/OPT3.pdf, id=6808, 165.69855pt x 169.38623pt>
File: ../ps/931/OPT3.pdf Graphic file (type pdf)
<use ../ps/931/OPT3.pdf>
Package pdftex.def Info: ../ps/931/OPT3.pdf  used on input line 2924.
(pdftex.def)             Requested size: 390.0pt x 398.70383pt.

Underfull \vbox (badness 10000) has occurred while \output is active []

 [699.14.44 <../ps/931/OPT2.pdf>]
<../ps/931/OPT4.pdf, id=6853, 165.69855pt x 169.38612pt>
File: ../ps/931/OPT4.pdf Graphic file (type pdf)
<use ../ps/931/OPT4.pdf>
Package pdftex.def Info: ../ps/931/OPT4.pdf  used on input line 2926.
(pdftex.def)             Requested size: 390.0pt x 398.70357pt.

Underfull \vbox (badness 10000) has occurred while \output is active []

 [700.14.44 <../ps/931/OPT3.pdf>]
Underfull \vbox (badness 1377) has occurred while \output is active []

 [701.14.44 <../ps/931/OPT4.pdf>]
<../ps/931/OPT5.pdf, id=6941, 190.28072pt x 153.54855pt>
File: ../ps/931/OPT5.pdf Graphic file (type pdf)
<use ../ps/931/OPT5.pdf>
Package pdftex.def Info: ../ps/931/OPT5.pdf  used on input line 2980.
(pdftex.def)             Requested size: 390.0pt x 314.7625pt.

Underfull \vbox (badness 10000) has occurred while \output is active []

 [702.14.44]
<../ps/931/OPT6.pdf, id=6945, 190.28065pt x 153.54854pt>
File: ../ps/931/OPT6.pdf Graphic file (type pdf)
<use ../ps/931/OPT6.pdf>
Package pdftex.def Info: ../ps/931/OPT6.pdf  used on input line 2982.
(pdftex.def)             Requested size: 390.0pt x 314.76247pt.

Underfull \vbox (badness 10000) has occurred while \output is active []

 [703.14.44 <../ps/931/OPT5.pdf>]
<../ps/931/OPT7.pdf, id=6985, 2392.94pt x 3382.6375pt>
File: ../ps/931/OPT7.pdf Graphic file (type pdf)
<use ../ps/931/OPT7.pdf>
Package pdftex.def Info: ../ps/931/OPT7.pdf  used on input line 2984.
(pdftex.def)             Requested size: 390.0pt x 551.29796pt.

Underfull \vbox (badness 10000) has occurred while \output is active []

 [704.14.44 <../ps/931/OPT6.pdf>]
Overfull \vbox (2.79796pt too high) has occurred while \output is active []


[705.14.44 <../ps/931/OPT7.pdf>]
Underfull \hbox (badness 10000) in paragraph at lines 3027--3034

 []

<../ps/931/OPT10.pdf, id=7033, 150.4868pt x 167.51744pt>
File: ../ps/931/OPT10.pdf Graphic file (type pdf)
<use ../ps/931/OPT10.pdf>
Package pdftex.def Info: ../ps/931/OPT10.pdf  used on input line 3035.
(pdftex.def)             Requested size: 390.0pt x 434.18544pt.

Underfull \vbox (badness 7116) has occurred while \output is active []

 [706.14.44]
<../ps/931/OPT11.pdf, id=7037, 150.48671pt x 167.51733pt>
File: ../ps/931/OPT11.pdf Graphic file (type pdf)
<use ../ps/931/OPT11.pdf>
Package pdftex.def Info: ../ps/931/OPT11.pdf  used on input line 3037.
(pdftex.def)             Requested size: 390.0pt x 434.18517pt.

Underfull \vbox (badness 10000) has occurred while \output is active []

 [707.14.44 <../ps/931/OPT10.pdf>]
<../ps/931/OPT12.pdf, id=7081, 150.48682pt x 167.51744pt>
File: ../ps/931/OPT12.pdf Graphic file (type pdf)
<use ../ps/931/OPT12.pdf>
Package pdftex.def Info: ../ps/931/OPT12.pdf  used on input line 3039.
(pdftex.def)             Requested size: 390.0pt x 434.18544pt.

Underfull \vbox (badness 10000) has occurred while \output is active []

 [708.14.44 <../ps/931/OPT11.pdf>]
<../ps/931/OPT13.pdf, id=7124, 51.19125pt x 24.09pt>
File: ../ps/931/OPT13.pdf Graphic file (type pdf)
<use ../ps/931/OPT13.pdf>
Package pdftex.def Info: ../ps/931/OPT13.pdf  used on input line 3041.
(pdftex.def)             Requested size: 390.0pt x 183.5419pt.

Underfull \vbox (badness 10000) has occurred while \output is active []

 [709.14.44 <../ps/931/OPT12.pdf>]
<../ps/931/OPT14.pdf, id=7167, 2392.94pt x 3382.6375pt>
File: ../ps/931/OPT14.pdf Graphic file (type pdf)
<use ../ps/931/OPT14.pdf>
Package pdftex.def Info: ../ps/931/OPT14.pdf  used on input line 3043.
(pdftex.def)             Requested size: 390.0pt x 551.29796pt.

Underfull \vbox (badness 10000) has occurred while \output is active []

 [710.14.44 <../ps/931/OPT13.pdf>]
Overfull \vbox (2.79796pt too high) has occurred while \output is active []


[711.14.44 <../ps/931/OPT14.pdf>]
<../ps/931/OPT15.pdf, id=7188, 1019.03029pt x 604.43614pt>
File: ../ps/931/OPT15.pdf Graphic file (type pdf)
<use ../ps/931/OPT15.pdf>
Package pdftex.def Info: ../ps/931/OPT15.pdf  used on input line 3063.
(pdftex.def)             Requested size: 390.0pt x 231.3298pt.
<../ps/931/OPT16.pdf, id=7189, 2392.94pt x 3382.6375pt>
File: ../ps/931/OPT16.pdf Graphic file (type pdf)
<use ../ps/931/OPT16.pdf>
Package pdftex.def Info: ../ps/931/OPT16.pdf  used on input line 3065.
(pdftex.def)             Requested size: 390.0pt x 551.29796pt.

Underfull \vbox (badness 10000) has occurred while \output is active []

 [712.14.44 <../ps/931/OPT15.pdf>]
Overfull \vbox (2.79796pt too high) has occurred while \output is active []


[713.14.44 <../ps/931/OPT16.pdf>]
<../ps/931/OPT17.pdf, id=7213, 2392.94pt x 3382.6375pt>
File: ../ps/931/OPT17.pdf Graphic file (type pdf)
<use ../ps/931/OPT17.pdf>
Package pdftex.def Info: ../ps/931/OPT17.pdf  used on input line 3067.
(pdftex.def)             Requested size: 390.0pt x 551.29796pt.

Overfull \vbox (2.79796pt too high) has occurred while \output is active []


[714.14.44 <../ps/931/OPT17.pdf>]
Underfull \hbox (badness 10000) in paragraph at lines 3075--3079
\OT1/cmr/m/n/12 that the val-ues of $\OML/cmm/m/it/12 z$
 []


Underfull \hbox (badness 10000) in paragraph at lines 3075--3079

 []

<../ps/932/opt18.pdf, id=7221, 808.84674pt x 654.41658pt>
File: ../ps/932/opt18.pdf Graphic file (type pdf)
<use ../ps/932/opt18.pdf>
Package pdftex.def Info: ../ps/932/opt18.pdf  used on input line 3097.
(pdftex.def)             Requested size: 390.0pt x 315.53433pt.
[715.14.44]
<../ps/932/opt19.pdf, id=7225, 2392.94pt x 3382.6375pt>
File: ../ps/932/opt19.pdf Graphic file (type pdf)
<use ../ps/932/opt19.pdf>
Package pdftex.def Info: ../ps/932/opt19.pdf  used on input line 3099.
(pdftex.def)             Requested size: 390.0pt x 551.29796pt.

Underfull \vbox (badness 10000) has occurred while \output is active []

 [716.14.44 <../ps/932/opt18.pdf>]
Overfull \vbox (2.79796pt too high) has occurred while \output is active []


[717.14.44 <../ps/932/opt19.pdf>]
<../ps/932/opt20.pdf, id=7248, 2392.94pt x 3382.6375pt>
File: ../ps/932/opt20.pdf Graphic file (type pdf)
<use ../ps/932/opt20.pdf>
Package pdftex.def Info: ../ps/932/opt20.pdf  used on input line 3101.
(pdftex.def)             Requested size: 390.0pt x 551.29796pt.

Overfull \vbox (2.79796pt too high) has occurred while \output is active []


[718.14.44 <../ps/932/opt20.pdf>]
Underfull \hbox (badness 10000) in paragraph at lines 3116--3123
\OT1/cmr/m/n/12 at in-te-rior points of a do-main. We first
 []


Underfull \hbox (badness 10000) in paragraph at lines 3116--3123

 []

<../ps/932/opt21.pdf, id=7256, 206.63542pt x 126.95079pt>
File: ../ps/932/opt21.pdf Graphic file (type pdf)
<use ../ps/932/opt21.pdf>
Package pdftex.def Info: ../ps/932/opt21.pdf  used on input line 3124.
(pdftex.def)             Requested size: 390.0pt x 239.61475pt.
<../ps/932/opt22.pdf, id=7257, 144.95686pt x 126.95068pt>
File: ../ps/932/opt22.pdf Graphic file (type pdf)
<use ../ps/932/opt22.pdf>
Package pdftex.def Info: ../ps/932/opt22.pdf  used on input line 3126.
(pdftex.def)             Requested size: 390.0pt x 341.59944pt.

Underfull \vbox (badness 10000) has occurred while \output is active []

 [719.14.44 <../ps/932/opt21.pdf>] [720.14.44 <../ps/932/opt22.pdf>]
<../ps/932/constr1.pdf, id=7342, 165.58974pt x 120.78316pt>
File: ../ps/932/constr1.pdf Graphic file (type pdf)
<use ../ps/932/constr1.pdf>
Package pdftex.def Info: ../ps/932/constr1.pdf  used on input line 3160.
(pdftex.def)             Requested size: 390.0pt x 284.51497pt.
<../ps/932/constr2.pdf, id=7343, 126.36008pt x 120.78316pt>
File: ../ps/932/constr2.pdf Graphic file (type pdf)
<use ../ps/932/constr2.pdf>
Package pdftex.def Info: ../ps/932/constr2.pdf  used on input line 3162.
(pdftex.def)             Requested size: 390.0pt x 372.83337pt.

Underfull \vbox (badness 10000) has occurred while \output is active []

 [721.14.44 <../ps/932/constr1.pdf>] [722.14.44 <../ps/932/constr2.pdf>]
<../ps/932/constr3.pdf, id=7429, 358.20946pt x 173.8495pt>
File: ../ps/932/constr3.pdf Graphic file (type pdf)
<use ../ps/932/constr3.pdf>
Package pdftex.def Info: ../ps/932/constr3.pdf  used on input line 3195.
(pdftex.def)             Requested size: 390.0pt x 189.28792pt.
 [723.14.44 <../ps/932/constr3.pdf>]
<../ps/932/constr4.pdf, id=7470, 186.68411pt x 174.98956pt>
File: ../ps/932/constr4.pdf Graphic file (type pdf)
<use ../ps/932/constr4.pdf>
Package pdftex.def Info: ../ps/932/constr4.pdf  used on input line 3246.
(pdftex.def)             Requested size: 390.0pt x 365.62248pt.

Underfull \vbox (badness 10000) has occurred while \output is active []

 [724.14.44]
<../ps/932/constr5.pdf, id=7474, 280.14372pt x 187.78596pt>
File: ../ps/932/constr5.pdf Graphic file (type pdf)
<use ../ps/932/constr5.pdf>
Package pdftex.def Info: ../ps/932/constr5.pdf  used on input line 3248.
(pdftex.def)             Requested size: 390.0pt x 261.44006pt.

Underfull \vbox (badness 10000) has occurred while \output is active []

 [725.14.44 <../ps/932/constr4.pdf>]
<../ps/933/wrap1.pdf, id=7520, 205.65698pt x 170.1002pt>
File: ../ps/933/wrap1.pdf Graphic file (type pdf)
<use ../ps/933/wrap1.pdf>
Package pdftex.def Info: ../ps/933/wrap1.pdf  used on input line 3250.
(pdftex.def)             Requested size: 390.0pt x 322.5708pt.

Underfull \vbox (badness 10000) has occurred while \output is active []

 [726.14.44 <../ps/932/constr5.pdf>]
Underfull \vbox (badness 7468) has occurred while \output is active []

 [727.14.44 <../ps/933/wrap1.pdf>]
<../ps/933/wrap2.pdf, id=7603, 122.70486pt x 125.32582pt>
File: ../ps/933/wrap2.pdf Graphic file (type pdf)
<use ../ps/933/wrap2.pdf>
Package pdftex.def Info: ../ps/933/wrap2.pdf  used on input line 3277.
(pdftex.def)             Requested size: 390.0pt x 398.38501pt.
<../ps/933/wrap3.pdf, id=7604, 152.95505pt x 125.32582pt>
File: ../ps/933/wrap3.pdf Graphic file (type pdf)
<use ../ps/933/wrap3.pdf>
Package pdftex.def Info: ../ps/933/wrap3.pdf  used on input line 3279.
(pdftex.def)             Requested size: 390.0pt x 319.58614pt.

Underfull \vbox (badness 10000) has occurred while \output is active []

 [728.14.44 <../ps/933/wrap2.pdf>]
<../ps/933/wrap5.pdf, id=7644, 168.19327pt x 136.99693pt>
File: ../ps/933/wrap5.pdf Graphic file (type pdf)
<use ../ps/933/wrap5.pdf>
Package pdftex.def Info: ../ps/933/wrap5.pdf  used on input line 3281.
(pdftex.def)             Requested size: 390.0pt x 317.6721pt.

Underfull \vbox (badness 10000) has occurred while \output is active []

 [729.14.44 <../ps/933/wrap3.pdf>]
<../ps/933/wrap6.pdf, id=7684, 213.01158pt x 136.99693pt>
File: ../ps/933/wrap6.pdf Graphic file (type pdf)
<use ../ps/933/wrap6.pdf>
Package pdftex.def Info: ../ps/933/wrap6.pdf  used on input line 3283.
(pdftex.def)             Requested size: 390.0pt x 250.83777pt.

Underfull \vbox (badness 10000) has occurred while \output is active []

 [730.14.44 <../ps/933/wrap5.pdf>]
<../ps/933/wrap7.pdf, id=7723, 213.01161pt x 148.0509pt>
File: ../ps/933/wrap7.pdf Graphic file (type pdf)
<use ../ps/933/wrap7.pdf>
Package pdftex.def Info: ../ps/933/wrap7.pdf  used on input line 3285.
(pdftex.def)             Requested size: 390.0pt x 271.0773pt.
 [731.14.44 <../ps/933/wrap6.pdf> <../ps/933/wrap7.pdf>]
<../ps/933/wrap9.pdf, id=7798, 489.01816pt x 168.57219pt>
File: ../ps/933/wrap9.pdf Graphic file (type pdf)
<use ../ps/933/wrap9.pdf>
Package pdftex.def Info: ../ps/933/wrap9.pdf  used on input line 3311.
(pdftex.def)             Requested size: 390.0pt x 134.44122pt.
<../ps/933/wrap10.pdf, id=7799, 2392.94pt x 3382.6375pt>
File: ../ps/933/wrap10.pdf Graphic file (type pdf)
<use ../ps/933/wrap10.pdf>
Package pdftex.def Info: ../ps/933/wrap10.pdf  used on input line 3313.
(pdftex.def)             Requested size: 390.0pt x 551.29796pt.

Underfull \vbox (badness 10000) has occurred while \output is active []

 [732.14.44 <../ps/933/wrap9.pdf>]
Overfull \vbox (2.79796pt too high) has occurred while \output is active []


[733.14.44 <../ps/933/wrap10.pdf>]
<../ps/933/wrap11.pdf, id=7847, 2392.94pt x 3382.6375pt>
File: ../ps/933/wrap11.pdf Graphic file (type pdf)
<use ../ps/933/wrap11.pdf>
Package pdftex.def Info: ../ps/933/wrap11.pdf  used on input line 3315.
(pdftex.def)             Requested size: 390.0pt x 551.29796pt.

Overfull \vbox (2.79796pt too high) has occurred while \output is active []


[734.14.44 <../ps/933/wrap11.pdf>]
<../ps/933/sample.pdf, id=7859, 193.8449pt x 101.40193pt>
File: ../ps/933/sample.pdf Graphic file (type pdf)
<use ../ps/933/sample.pdf>
Package pdftex.def Info: ../ps/933/sample.pdf  used on input line 3331.
(pdftex.def)             Requested size: 390.0pt x 204.01175pt.
 [735.14.44 <../ps/933/sample.pdf>]
Overfull \hbox (1.97186pt too wide) in paragraph at lines 3397--3403
\OT1/cmr/m/n/12 The con-verse says that a crit-i-cal point must be an ex-treme 
point. [[NOTE:The
 []

[736.14.44]
<../ps/934/contour1.pdf, id=7906, 175.95045pt x 183.03181pt>
File: ../ps/934/contour1.pdf Graphic file (type pdf)
<use ../ps/934/contour1.pdf>
Package pdftex.def Info: ../ps/934/contour1.pdf  used on input line 3436.
(pdftex.def)             Requested size: 390.0pt x 405.72379pt.

Underfull \vbox (badness 10000) has occurred while \output is active []

 [737.14.44]
Underfull \vbox (badness 10000) has occurred while \output is active []

 [738.14.44 <../ps/934/contour1.pdf>]
<../ps/933/locus1.pdf, id=7956, 149.2116pt x 169.20393pt>
File: ../ps/933/locus1.pdf Graphic file (type pdf)
<use ../ps/933/locus1.pdf>
Package pdftex.def Info: ../ps/933/locus1.pdf  used on input line 3485.
(pdftex.def)             Requested size: 390.0pt x 442.32355pt.

Underfull \vbox (badness 10000) has occurred while \output is active []

 [739.14.44] [740.14.44 <../ps/933/locus1.pdf>]
<../ps/934/contour3.pdf, id=8012, 153.64844pt x 161.42036pt>
File: ../ps/934/contour3.pdf Graphic file (type pdf)
<use ../ps/934/contour3.pdf>
Package pdftex.def Info: ../ps/934/contour3.pdf  used on input line 3529.
(pdftex.def)             Requested size: 390.0pt x 409.7864pt.

Underfull \vbox (badness 10000) has occurred while \output is active []

 [741.14.44]
<../ps/934/contour4.pdf, id=8017, 151.94426pt x 158.33212pt>
File: ../ps/934/contour4.pdf Graphic file (type pdf)
<use ../ps/934/contour4.pdf>
Package pdftex.def Info: ../ps/934/contour4.pdf  used on input line 3531.
(pdftex.def)             Requested size: 390.0pt x 406.41116pt.

Underfull \vbox (badness 10000) has occurred while \output is active []

 [742.14.44 <../ps/934/contour3.pdf>] [743.14.44 <../ps/934/contour4.pdf>]
<../ps/934/contour5.pdf, id=8101, 461.61237pt x 149.20868pt>
File: ../ps/934/contour5.pdf Graphic file (type pdf)
<use ../ps/934/contour5.pdf>
Package pdftex.def Info: ../ps/934/contour5.pdf  used on input line 3560.
(pdftex.def)             Requested size: 390.0pt x 126.06525pt.
<../ps/934/contour6.pdf, id=8102, 2392.94pt x 3382.6375pt>
File: ../ps/934/contour6.pdf Graphic file (type pdf)
<use ../ps/934/contour6.pdf>
Package pdftex.def Info: ../ps/934/contour6.pdf  used on input line 3562.
(pdftex.def)             Requested size: 390.0pt x 551.29796pt.

Underfull \vbox (badness 10000) has occurred while \output is active []

 [744.14.44 <../ps/934/contour5.pdf>]
Overfull \vbox (2.79796pt too high) has occurred while \output is active []


[745.14.44 <../ps/934/contour6.pdf>]
<../ps/934/contour7.pdf, id=8151, 2392.94pt x 3382.6375pt>
File: ../ps/934/contour7.pdf Graphic file (type pdf)
<use ../ps/934/contour7.pdf>
Package pdftex.def Info: ../ps/934/contour7.pdf  used on input line 3564.
(pdftex.def)             Requested size: 390.0pt x 551.29796pt.

Overfull \vbox (2.79796pt too high) has occurred while \output is active []


[746.14.44 <../ps/934/contour7.pdf>]
<../ps/934/ascent1.pdf, id=8158, 163.05405pt x 188.01523pt>
File: ../ps/934/ascent1.pdf Graphic file (type pdf)
<use ../ps/934/ascent1.pdf>
Package pdftex.def Info: ../ps/934/ascent1.pdf  used on input line 3609.
(pdftex.def)             Requested size: 390.0pt x 449.76253pt.

Underfull \vbox (badness 10000) has occurred while \output is active []

 [747.14.44] [748.14.44 <../ps/934/ascent1.pdf>]
<../ps/934/distrib1.pdf, id=8207, 96.47723pt x 90.05113pt>
File: ../ps/934/distrib1.pdf Graphic file (type pdf)
<use ../ps/934/distrib1.pdf>
Package pdftex.def Info: ../ps/934/distrib1.pdf  used on input line 3634.
(pdftex.def)             Requested size: 390.0pt x 364.05374pt.

Underfull \vbox (badness 10000) has occurred while \output is active []

 [749.14.44 <../ps/934/distrib1.pdf>]
<../ps/934/descent1.pdf, id=8249, 165.37836pt x 158.74065pt>
File: ../ps/934/descent1.pdf Graphic file (type pdf)
<use ../ps/934/descent1.pdf>
Package pdftex.def Info: ../ps/934/descent1.pdf  used on input line 3684.
(pdftex.def)             Requested size: 390.0pt x 374.35338pt.

Underfull \vbox (badness 3861) has occurred while \output is active []

 [750.14.44]
<../ps/934/distrib2.pdf, id=8253, 148.96474pt x 137.75797pt>
File: ../ps/934/distrib2.pdf Graphic file (type pdf)
<use ../ps/934/distrib2.pdf>
Package pdftex.def Info: ../ps/934/distrib2.pdf  used on input line 3686.
(pdftex.def)             Requested size: 390.0pt x 360.72458pt.

Underfull \vbox (badness 10000) has occurred while \output is active []

 [751.14.44 <../ps/934/descent1.pdf>] [752.14.44 <../ps/934/distrib2.pdf>]
<../ps/934/lagr1.pdf, id=8339, 414.34921pt x 163.87091pt>
File: ../ps/934/lagr1.pdf Graphic file (type pdf)
<use ../ps/934/lagr1.pdf>
Package pdftex.def Info: ../ps/934/lagr1.pdf  used on input line 3762.
(pdftex.def)             Requested size: 390.0pt x 154.2412pt.

Underfull \vbox (badness 2980) has occurred while \output is active []

 [753.14.44] [754.14.44 <../ps/934/lagr1.pdf>] [755.14.44] [756.14.44]
Overfull \hbox (2.48894pt too wide) in paragraph at lines 3947--3950
[]\OT1/cmr/m/n/12 The po-si-tion of the min-i-mum jumps catas-troph-i-cally whe
n $\OML/cmm/m/it/12 $ \OT1/cmr/m/n/12 passes
 []

[757.14.44] [758.14.44]
Overfull \hbox (1.12724pt too wide) detected at line 4056
\OML/cmm/m/it/12 T\OT1/cmr/m/n/12 (\OML/cmm/m/it/12 x; y\OT1/cmr/m/n/12 ) = 5[]
 + 3[] + 2[]\OML/cmm/m/it/12 :
 []

[759.14.44]
<../ps/934/data1.pdf, id=8404, 180.50768pt x 128.8813pt>
File: ../ps/934/data1.pdf Graphic file (type pdf)
<use ../ps/934/data1.pdf>
Package pdftex.def Info: ../ps/934/data1.pdf  used on input line 4113.
(pdftex.def)             Requested size: 390.0pt x 278.46794pt.

Underfull \vbox (badness 10000) has occurred while \output is active []

 [760.14.44]
<../ps/934/data2.pdf, id=8408, 190.6274pt x 128.8813pt>
File: ../ps/934/data2.pdf Graphic file (type pdf)
<use ../ps/934/data2.pdf>
Package pdftex.def Info: ../ps/934/data2.pdf  used on input line 4130.
(pdftex.def)             Requested size: 390.0pt x 263.67738pt.

Underfull \vbox (badness 10000) has occurred while \output is active []

 [761.14.44 <../ps/934/data1.pdf>] [762.14.44 <../ps/934/data2.pdf>] [763.14.44
] [764.14.44] [765.14.44] [766.14.44])
\openout2 = `ch10.aux'.

 (./ch10.tex
Chapter 10.
[767.14.44





] [768.14.44]
<../ps/calc2/sin1.pdf, id=8497, 277.035pt x 120.45pt>
File: ../ps/calc2/sin1.pdf Graphic file (type pdf)
<use ../ps/calc2/sin1.pdf>
Package pdftex.def Info: ../ps/calc2/sin1.pdf  used on input line 96.
(pdftex.def)             Requested size: 390.0pt x 169.56616pt.
<../ps/calc2/sin2.pdf, id=8498, 265.99374pt x 107.40125pt>
File: ../ps/calc2/sin2.pdf Graphic file (type pdf)
<use ../ps/calc2/sin2.pdf>
Package pdftex.def Info: ../ps/calc2/sin2.pdf  used on input line 105.
(pdftex.def)             Requested size: 390.0pt x 157.4846pt.
 [769.14.44 <../ps/calc2/sin1.pdf> <../ps/calc2/sin2.pdf>] [770.14.44] [771.14.
44]
Overfull \hbox (7.11838pt too wide) detected at line 264
\OML/cmm/m/it/12 P\OT1/cmr/m/n/12 (0) = \OML/cmm/m/it/12 f\OT1/cmr/m/n/12 (0)\O
ML/cmm/m/it/12 ;  P[]\OT1/cmr/m/n/12 (0) = \OML/cmm/m/it/12 f[]\OT1/cmr/m/n/12 
(0)\OML/cmm/m/it/12 ;  P[]\OT1/cmr/m/n/12 (0) = \OML/cmm/m/it/12 f[]\OT1/cmr/m/
n/12 (0)\OML/cmm/m/it/12 ; [] ; P[]\OT1/cmr/m/n/12 (0) = \OML/cmm/m/it/12 f[]\O
T1/cmr/m/n/12 (0)\OML/cmm/m/it/12 :
 []

[772.14.44] [773.14.44] [774.14.44]
<../ps/calc2/sin3.pdf, id=8538, 375.4025pt x 143.53625pt>
File: ../ps/calc2/sin3.pdf Graphic file (type pdf)
<use ../ps/calc2/sin3.pdf>
Package pdftex.def Info: ../ps/calc2/sin3.pdf  used on input line 403.
(pdftex.def)             Requested size: 390.0pt x 149.12743pt.
 [775.14.44 <../ps/calc2/sin3.pdf>] [776.14.44]
Overfull \hbox (7.47243pt too wide) in paragraph at lines 509--512
[][] \OT1/cmr/m/sl/12 Plot the line from \OT1/cmtt/m/n/12 (x, fnpoly(x)) \OT1/c
mr/m/sl/12 to \OT1/cmtt/m/n/12 (x + .01, fnpoly(x + .01)) 
 []


Underfull \hbox (badness 10000) in paragraph at lines 509--512

 []

[777.14.44] [778.14.44] [779.14.44] [780.14.44]
<../ps/calc2/j101.pdf, id=8566, 237.88875pt x 84.315pt>
File: ../ps/calc2/j101.pdf Graphic file (type pdf)
<use ../ps/calc2/j101.pdf>
Package pdftex.def Info: ../ps/calc2/j101.pdf  used on input line 678.
(pdftex.def)             Requested size: 390.0pt x 138.235pt.
<../ps/calc2/j102.pdf, id=8567, 969.69148pt x 486.86693pt>
File: ../ps/calc2/j102.pdf Graphic file (type pdf)
<use ../ps/calc2/j102.pdf>
Package pdftex.def Info: ../ps/calc2/j102.pdf  used on input line 694.
(pdftex.def)             Requested size: 390.0pt x 195.8131pt.
<../ps/calc2/j103.pdf, id=8568, 983.55357pt x 489.49777pt>
File: ../ps/calc2/j103.pdf Graphic file (type pdf)
<use ../ps/calc2/j103.pdf>
Package pdftex.def Info: ../ps/calc2/j103.pdf  used on input line 696.
(pdftex.def)             Requested size: 390.0pt x 194.10014pt.

Underfull \vbox (badness 10000) has occurred while \output is active []

 [781.14.44 <../ps/calc2/j101.pdf> <../ps/calc2/j102.pdf>]

LaTeX Font Warning: Command \small invalid in math mode on input line 705.

[782.14.44 <../ps/calc2/j103.pdf>] [783.14.44] [784.14.44] [785.14.44] [786.14.
44]
<../ps/calc2/j104.pdf, id=8630, 189.70876pt x 106.3975pt>
File: ../ps/calc2/j104.pdf Graphic file (type pdf)
<use ../ps/calc2/j104.pdf>
Package pdftex.def Info: ../ps/calc2/j104.pdf  used on input line 994.
(pdftex.def)             Requested size: 390.0pt x 218.75267pt.
<../ps/calc2/j105.pdf, id=8631, 184.69pt x 106.3975pt>
File: ../ps/calc2/j105.pdf Graphic file (type pdf)
<use ../ps/calc2/j105.pdf>
Package pdftex.def Info: ../ps/calc2/j105.pdf  used on input line 996.
(pdftex.def)             Requested size: 390.0pt x 224.67517pt.

Underfull \vbox (badness 10000) has occurred while \output is active []

 [787.14.44 <../ps/calc2/j104.pdf>] [788.14.44 <../ps/calc2/j105.pdf>] [789.14.
44]
[790.14.44] [791.14.44] [792.14.44] [793.14.44] [794.14.44] [795.14.44]
[796.14.44] [797.14.44] [798.14.44] [799.14.44]
Underfull \vbox (badness 7151) has occurred while \output is active []

 [800.14.44] [801.14.44]
<../ps/calc2/Darct.pdf, id=8702, 336.25626pt x 153.57375pt>
File: ../ps/calc2/Darct.pdf Graphic file (type pdf)
<use ../ps/calc2/Darct.pdf>
Package pdftex.def Info: ../ps/calc2/Darct.pdf  used on input line 1791.
(pdftex.def)             Requested size: 390.0pt x 178.12222pt.
 [802.14.44 <../ps/calc2/Darct.pdf>] [803.14.44] [804.14.44]
[805.14.44] [806.14.44]
Overfull \hbox (0.75526pt too wide) detected at line 2044
[] \OT1/cmr/m/n/12 = [] = [] = [] \OMS/cmsy/m/n/12 ^^A [] \OT1/cmr/m/n/12 = 4 \
OMS/cmsy/m/n/12 ^^A []\OML/cmm/m/it/12 :
 []

[807.14.44] [808.14.44] [809.14.44] [810.14.44] [811.14.44]
Overfull \vbox (10.0pt too high) has occurred while \output is active []

 [812.14.44] [813.14.44]
<../ps/calc2/Bessel.pdf, id=8751, 378.41376pt x 213.79875pt>
File: ../ps/calc2/Bessel.pdf Graphic file (type pdf)
<use ../ps/calc2/Bessel.pdf>
Package pdftex.def Info: ../ps/calc2/Bessel.pdf  used on input line 2399.
(pdftex.def)             Requested size: 390.0pt x 220.34566pt.

Underfull \vbox (badness 5316) has occurred while \output is active []

 [814.14.44]
Overfull \hbox (15.57082pt too wide) detected at line 2433
[]
 []

[815.14.44 <../ps/calc2/Bessel.pdf>]
Overfull \hbox (18.1022pt too wide) in paragraph at lines 2459--2466
[]\OT1/cmr/m/n/12 We could ex-pand the equa-tion $\OML/cmm/m/it/12 I[] \OT1/cmr
/m/n/12 = \OML/cmm/m/it/12 aSI \OMS/cmsy/m/n/12 ^^@ \OML/cmm/m/it/12 bI$ \OT1/c
mr/m/n/12 in the same way, [[NOTE:Finding
 []

[816.14.44]
Overfull \hbox (34.3753pt too wide) in paragraph at lines 2531--2539
[][]
 []


Underfull \hbox (badness 10000) in paragraph at lines 2531--2539

 []

[817.14.44]
Overfull \hbox (1.99957pt too wide) detected at line 2555
\OT1/cmr/m/n/10.95 2100 + 803\OML/cmm/m/it/10.95 :\OT1/cmr/m/n/10.95 4\OML/cmm/
m/it/10.95 t \OT1/cmr/m/n/10.95 + 143\OML/cmm/m/it/10.95 :\OT1/cmr/m/n/10.95 66
824\OML/cmm/m/it/10.95 t[] \OT1/cmr/m/n/10.95 + 14\OML/cmm/m/it/10.95 :\OT1/cmr
/m/n/10.95 561389\OML/cmm/m/it/10.95 t[] \OT1/cmr/m/n/10.95 + \OML/cmm/m/it/10.
95 :\OT1/cmr/m/n/10.95 60966648\OML/cmm/m/it/10.95 t[] \OT1/cmr/m/n/10.95 + [] 
+ 2\OML/cmm/m/it/10.95 :\OT1/cmr/m/n/10.95 021195 \OMS/cmsy/m/n/10.95 ^^B \OT1/
cmr/m/n/10.95 10[]\OML/cmm/m/it/10.95 t[] \OT1/cmr/m/n/10.95 + []
 []

[818.14.44]
Underfull \hbox (badness 10000) in paragraph at lines 2599--2605

 []

<../ps/calc2/sircalc.pdf, id=8778, 333.245pt x 170.6375pt>
File: ../ps/calc2/sircalc.pdf Graphic file (type pdf)
<use ../ps/calc2/sircalc.pdf>
Package pdftex.def Info: ../ps/calc2/sircalc.pdf  used on input line 2612.
(pdftex.def)             Requested size: 390.0pt x 199.71275pt.
<../ps/calc2/sircalc2.pdf, id=8779, 333.245pt x 184.69pt>
File: ../ps/calc2/sircalc2.pdf Graphic file (type pdf)
<use ../ps/calc2/sircalc2.pdf>
Package pdftex.def Info: ../ps/calc2/sircalc2.pdf  used on input line 2631.
(pdftex.def)             Requested size: 390.0pt x 216.15967pt.
[819.14.44 <../ps/calc2/sircalc.pdf>] [820.14.44 <../ps/calc2/sircalc2.pdf>]
[821.14.44] [822.14.44]
Overfull \hbox (2.83754pt too wide) in paragraph at lines 2798--2807
[]\OT1/cmr/m/n/12 Quantization of an-gu-lar mo-men-tum has an im-por-tant con-s
e-quence.
 []

[823.14.44]
Overfull \hbox (4.93573pt too wide) in paragraph at lines 2856--2862
[]\OT1/cmr/m/n/12 Let's first clar-ify what we mean by con-ver-gence. It is, [[
NOTE:Convergence
 []


Overfull \hbox (0.25755pt too wide) in paragraph at lines 2927--2928
 [] 
 []

[824.14.44] [825.14.44]
Overfull \hbox (10.27191pt too wide) in paragraph at lines 3013--3024
\OT1/cmr/m/n/12 It is im-por-tant to rec-og-nize what this cri-te-rion does and
 does [[NOTE:\OT1/cmr/m/it/12 Necessary
 []

[826.14.44]
Overfull \hbox (29.07066pt too wide) in paragraph at lines 3042--3045
[]\OT1/cmr/m/n/12 This cri-te-rion al-lows us to de-tect a num-ber of di-ver-ge
nt se-ries [[NOTE:Detecting
 []


Underfull \vbox (badness 10000) has occurred while \output is active []

 [827.14.44] [828.14.44] [829.14.44] [830.14.44] [831.14.44]
<../ps/calc2/altseries.pdf, id=8841, 353.32pt x 120.45pt>
File: ../ps/calc2/altseries.pdf Graphic file (type pdf)
<use ../ps/calc2/altseries.pdf>
Package pdftex.def Info: ../ps/calc2/altseries.pdf  used on input line 3306.
(pdftex.def)             Requested size: 390.0pt x 132.95671pt.
 [832.14.44 <../ps/calc2/altseries.pdf>] [833.14.44] [834.14.44] [835.14.44]
Overfull \hbox (14.40662pt too wide) in paragraph at lines 3552--3556
\OT1/cmr/m/n/12 We know that this con-verges for $\OMS/cmsy/m/n/12 j\OML/cmm/m/
it/12 x\OMS/cmsy/m/n/12 j \OML/cmm/m/it/12 < \OT1/cmr/m/n/12 1$ and di-verges f
or $\OMS/cmsy/m/n/12 j\OML/cmm/m/it/12 x\OMS/cmsy/m/n/12 j \OML/cmm/m/it/12 > \
OT1/cmr/m/n/12 1$. [[NOTE:Radius
 []

[836.14.44] [837.14.44] [838.14.44] [839.14.44] [840.14.44]
Overfull \hbox (35.36307pt too wide) in paragraph at lines 3833--3842
[][] 
 []

[841.14.44] [842.14.44]
Overfull \hbox (2.91629pt too wide) in paragraph at lines 3912--3913
[]\OT1/cmr/m/n/12 Which of the fol-low-ing al-ter-nat-ing se-ries con-verge, wh
ich di-verge? Why? 
 []


Underfull \hbox (badness 10000) in paragraph at lines 3912--3913

 []

[843.14.44] [844.14.44]
Underfull \hbox (badness 10000) in paragraph at lines 4002--4009

 []

<../ps/calc2/cards.pdf, id=8894, 172.26578pt x 113.01714pt>
File: ../ps/calc2/cards.pdf Graphic file (type pdf)
<use ../ps/calc2/cards.pdf>
Package pdftex.def Info: ../ps/calc2/cards.pdf  used on input line 4010.
(pdftex.def)             Requested size: 334.77562pt x 219.65303pt.
[845.14.44 <../ps/calc2/cards.pdf>]
<../ps/calc2/harmonic.pdf, id=8928, 338.26375pt x 130.4875pt>
File: ../ps/calc2/harmonic.pdf Graphic file (type pdf)
<use ../ps/calc2/harmonic.pdf>
Package pdftex.def Info: ../ps/calc2/harmonic.pdf  used on input line 4048.
(pdftex.def)             Requested size: 334.77562pt x 129.14517pt.
 [846.14.44 <../ps/calc2/harmonic.pdf>]
Overfull \hbox (1.71138pt too wide) in paragraph at lines 4075--4076
\OT1/cmr/m/n/12 [Answer: It would take ap-prox-i-mately $10[]$ cards---a num-be
r which
 []

[847.14.44] [848.14.44] [849.14.44] [850.14.44]
Overfull \hbox (2.50703pt too wide) in paragraph at lines 4310--4316
[]\OT1/cmr/m/n/12 We know how to find points where func-tions take on their ex-
treme values---
 []

[851.14.44]
Underfull \vbox (badness 10000) has occurred while \output is active []

 [852.14.44] [853.14.44]
Overfull \hbox (0.25755pt too wide) in paragraph at lines 4416--4417
 [] 
 []


Underfull \vbox (badness 1924) has occurred while \output is active []

 [854.14.44]
<../ps/calc2/leastsq1.pdf, id=8968, 345.29pt x 176.66pt>
File: ../ps/calc2/leastsq1.pdf Graphic file (type pdf)
<use ../ps/calc2/leastsq1.pdf>
Package pdftex.def Info: ../ps/calc2/leastsq1.pdf  used on input line 4451.
(pdftex.def)             Requested size: 390.0pt x 199.5372pt.
<../ps/calc2/leastsq2.pdf, id=8969, 327.2225pt x 212.795pt>
File: ../ps/calc2/leastsq2.pdf Graphic file (type pdf)
<use ../ps/calc2/leastsq2.pdf>
Package pdftex.def Info: ../ps/calc2/leastsq2.pdf  used on input line 4477.
(pdftex.def)             Requested size: 390.0pt x 253.6188pt.
[855.14.44 <../ps/calc2/leastsq1.pdf>] [856.14.44 <../ps/calc2/leastsq2.pdf>]
[857.14.44]
<../ps/calc2/sireuler.pdf, id=8997, 348.30125pt x 179.67125pt>
File: ../ps/calc2/sireuler.pdf Graphic file (type pdf)
<use ../ps/calc2/sireuler.pdf>
Package pdftex.def Info: ../ps/calc2/sireuler.pdf  used on input line 4560.
(pdftex.def)             Requested size: 390.0pt x 201.19202pt.
 [858.14.44 <../ps/calc2/sireuler.pdf>]
Overfull \hbox (3.58846pt too wide) in paragraph at lines 4644--4646
[]\OT1/cmr/m/n/12 Derive the quadratic least squares ap-prox-i-ma-tion to $\OMS
/cmsy/m/n/12 j\OML/cmm/m/it/12 x\OMS/cmsy/m/n/12 j$ \OT1/cmr/m/n/12 over $[\OMS
/cmsy/m/n/12 ^^@\OT1/cmr/m/n/12 1\OML/cmm/m/it/12 ; \OT1/cmr/m/n/12 1]$. 
 []


Overfull \vbox (11.0pt too high) has occurred while \output is active []

 [859.14.44] [860.14.44] [861.14.44] [862.14.44] [863.14.44] [864.14.44

])
\openout2 = `ch11.aux'.

 (./ch11.tex
Chapter 11.

Overfull \hbox (8.64308pt too wide) in paragraph at lines 30--33
[]\OT1/cmr/m/n/12 We will con-clude the chap-ter by de-vel-op-ing a nu-mer-i-ca
l method---Simpson's
 []


Underfull \vbox (badness 10000) has occurred while \output is active []

 [865.14.44




] [866.14.44] [867.14.44]
<../ps/calc2/ch11-1.pdf, id=9040, 324.21124pt x 124.465pt>
File: ../ps/calc2/ch11-1.pdf Graphic file (type pdf)
<use ../ps/calc2/ch11-1.pdf>
Package pdftex.def Info: ../ps/calc2/ch11-1.pdf  used on input line 211.
(pdftex.def)             Requested size: 390.0pt x 149.73138pt.

Underfull \vbox (badness 4792) has occurred while \output is active []

 [868.14.44] [869.14.44 <../ps/calc2/ch11-1.pdf>]
<../ps/calc2/ch11-2a.pdf, id=9058, 197.73875pt x 116.435pt>
File: ../ps/calc2/ch11-2a.pdf Graphic file (type pdf)
<use ../ps/calc2/ch11-2a.pdf>
Package pdftex.def Info: ../ps/calc2/ch11-2a.pdf  used on input line 269.
(pdftex.def)             Requested size: 390.0pt x 229.6661pt.
<../ps/calc2/ch11-2b.pdf, id=9059, 155.58125pt x 158.5925pt>
File: ../ps/calc2/ch11-2b.pdf Graphic file (type pdf)
<use ../ps/calc2/ch11-2b.pdf>
Package pdftex.def Info: ../ps/calc2/ch11-2b.pdf  used on input line 271.
(pdftex.def)             Requested size: 390.0pt x 397.59337pt.

Underfull \vbox (badness 10000) has occurred while \output is active []

 [870.14.44 <../ps/calc2/ch11-2a.pdf>] [871.14.44 <../ps/calc2/ch11-2b.pdf>]
<../ps/calc2/ch11-3a.pdf, id=9088, 183.68625pt x 200.75pt>
File: ../ps/calc2/ch11-3a.pdf Graphic file (type pdf)
<use ../ps/calc2/ch11-3a.pdf>
Package pdftex.def Info: ../ps/calc2/ch11-3a.pdf  used on input line 348.
(pdftex.def)             Requested size: 390.0pt x 426.29555pt.
 [872.14.44]
<../ps/calc2/ch11-3b.pdf, id=9092, 229.85875pt x 109.40875pt>
File: ../ps/calc2/ch11-3b.pdf Graphic file (type pdf)
<use ../ps/calc2/ch11-3b.pdf>
Package pdftex.def Info: ../ps/calc2/ch11-3b.pdf  used on input line 350.
(pdftex.def)             Requested size: 390.0pt x 185.64346pt.

Underfull \vbox (badness 10000) has occurred while \output is active []

 [873.14.44 <../ps/calc2/ch11-3a.pdf>] [874.14.44 <../ps/calc2/ch11-3b.pdf>] [8
75.14.44]
[876.14.44] [877.14.44] [878.14.44]
Underfull \hbox (badness 10000) in paragraph at lines 603--603
[]\OT1/cmr/m/n/12 The fol-low-ing state-ments are com-pletely equiv-a-lent:
 []


Underfull \hbox (badness 10000) in paragraph at lines 603--603

 []

[879.14.44] [880.14.44] [881.14.44] [882.14.44] [883.14.44] [884.14.44]
[885.14.44] [886.14.44] [887.14.44] [888.14.44]
Overfull \hbox (21.6985pt too wide) in paragraph at lines 1222--1228
\OT1/cmr/m/n/12 In the pre-ced-ing sec-tion we con-verted a cou-ple of gen-eral
 rules for differentiation---
 []

[889.14.44] [890.14.44] [891.14.44] [892.14.44] [893.14.44]
Overfull \hbox (27.704pt too wide) in paragraph at lines 1468--1473
\OT1/cmr/m/n/12 Until now we have been us-ing the tech-nique of sub-sti-tu-tion
 to find antiderivatives---
 []

[894.14.44] [895.14.44] [896.14.44] [897.14.44] [898.14.44] [899.14.44]
Overfull \hbox (5.34035pt too wide) in paragraph at lines 1821--1827
[]\OT1/cmr/m/n/12 The in-te-grand is first bro-ken into two parts---in this cas
e, [[NOTE:Integrate
 []

[900.14.44] [901.14.44] [902.14.44] [903.14.44] [904.14.44]
Overfull \hbox (5.50978pt too wide) in paragraph at lines 2124--2127
[]\OT1/cmr/m/n/12 In the later ex-er-cises we shall make fre-quent use of the f
ol-low-ing []``trigono-
 []

[905.14.44] [906.14.44] [907.14.44]
Overfull \hbox (1.34193pt too wide) detected at line 2305
[] [] [] [] [] \OML/cmm/m/it/12 dx \OT1/cmr/m/n/12 = [](\OML/cmm/m/it/12  [] [
] [] [] \OMS/cmsy/m/n/12 ^^@ \OML/cmm/m/it/12 ^^L [] [] [] []\OT1/cmr/m/n/12 ) 
+ \OML/cmm/m/it/12 C:
 []

[908.14.44] [909.14.44] [910.14.44]
Overfull \hbox (24.24847pt too wide) in paragraph at lines 2434--2439
\OT1/cmr/m/n/12 pressed us-ing dif-fer-en-tials]] and dif-fer-en-tials again pr
o-vides a con-ve-nient mnemonic
 []

[911.14.44] [912.14.44] [913.14.44] [914.14.44]
Overfull \hbox (23.2309pt too wide) in paragraph at lines 2642--2647
\OT1/cmr/m/n/12 The de-nom-i-na-tor is a product---very much like the prod-uct 
$\OML/cmm/m/it/12 P\OT1/cmr/m/n/12 (\OML/cmm/m/it/12 C \OMS/cmsy/m/n/12 ^^@ \OM
L/cmm/m/it/12 P\OT1/cmr/m/n/12 )$ [[NOTE:Step
 []

[915.14.44] [916.14.44]
Underfull \vbox (badness 10000) has occurred while \output is active []

 [917.14.44] [918.14.44] [919.14.44] [920.14.44] [921.14.44] [922.14.44] [923.1
4.44]
[924.14.44] [925.14.44] [926.14.44] [927.14.44] [928.14.44] [929.14.44]
[930.14.44] [931.14.44]
Underfull \vbox (badness 2229) has occurred while \output is active []

 [932.14.44] [933.14.44] [934.14.44] [935.14.44] [936.14.44] [937.14.44] [938.1
4.44]
[939.14.44] [940.14.44] [941.14.44] [942.14.44]
Overfull \hbox (30.07115pt too wide) detected at line 4194
[][] [][] \OML/cmm/m/it/12 x dx \OT1/cmr/m/n/12 = []
 []


Overfull \hbox (2.86575pt too wide) in paragraph at lines 4213--4216
\OT1/cmr/m/n/12 re-duc-tion for-mula which ex-presses $[] [][] \OML/cmm/m/it/12
 x dx$ \OT1/cmr/m/n/12 in terms of $[] [][] \OML/cmm/m/it/12 x dx$\OT1/cmr/m/n/
12 . 
 []


Overfull \hbox (21.134pt too wide) detected at line 4238
[] [][] \OML/cmm/m/it/12 x[] e[] dx \OT1/cmr/m/n/12 = \OML/cmm/m/it/12 e[] [] \
OMS/cmsy/m/n/12 ^^G \OT1/cmr/m/n/12 1\OML/cmm/m/it/12 :
 []

[943.14.44] [944.14.44]
<../ps/calc2/trap1.pdf, id=9345, 389.455pt x 170.6375pt>
File: ../ps/calc2/trap1.pdf Graphic file (type pdf)
<use ../ps/calc2/trap1.pdf>
Package pdftex.def Info: ../ps/calc2/trap1.pdf  used on input line 4330.
(pdftex.def)             Requested size: 390.0pt x 170.8818pt.

Underfull \vbox (badness 10000) has occurred while \output is active []

 [945.14.44]
<../ps/calc2/trap2.pdf, id=9350, 139.52126pt x 351.3125pt>
File: ../ps/calc2/trap2.pdf Graphic file (type pdf)
<use ../ps/calc2/trap2.pdf>
Package pdftex.def Info: ../ps/calc2/trap2.pdf  used on input line 4339.
(pdftex.def)             Requested size: 390.0pt x 982.15659pt.

Underfull \vbox (badness 10000) has occurred while \output is active []

 [946.14.44 <../ps/calc2/trap1.pdf>]
Overfull \vbox (433.65659pt too high) has occurred while \output is active []


[947.14.44 <../ps/calc2/trap2.pdf>] [948.14.44]
<../ps/calc2/trap3.pdf, id=9376, 385.44pt x 109.40875pt>
File: ../ps/calc2/trap3.pdf Graphic file (type pdf)
<use ../ps/calc2/trap3.pdf>
Package pdftex.def Info: ../ps/calc2/trap3.pdf  used on input line 4436.
(pdftex.def)             Requested size: 390.0pt x 110.70227pt.
 [949.14.44 <../ps/calc2/trap3.pdf>] [950.14.44] [951.14.44] [952.14.44] [953.1
4.44] [954.14.44] [955.14.44]
[956.14.44] [957.14.44] [958.14.44] [959.14.44] [960.14.44] [961.14.44]
[962.14.44]) [963.14.44]
\openout2 = `ch12.aux'.

 (./ch12.tex [964.14.44




]
Chapter 12.
[965.14.44] [966.14.44] [967.14.44
Non-PDF special ignored!
<special> psfile=../ps/calc2/ch121-1.ps
Non-PDF special ignored!
<special> psfile=../ps/calc2/ch121-2.ps
] [968.14.44] [969.14.44] [970.14.44] [971.14.44] [972.14.44]
Overfull \hbox (1.25578pt too wide) in paragraph at lines 463--465
[]\OT1/cmr/m/n/12 If $\OML/cmm/m/it/12 k > \OT1/cmr/m/n/12 2\OML/cmm/m/it/12 N$
 \OT1/cmr/m/n/12 show that $\OML/cmm/m/it/12 a[] < :\OT1/cmr/m/n/12 5\OML/cmm/m
/it/12 a[]$\OT1/cmr/m/n/12 . Hence con-clude that $[]$. 
 []

[973.14.44] [974.14.44] [975.14.44] [976.14.44] [977.14.44] [978.14.44]
[979.14.44] [980.14.44] [981.14.44] [982.14.44]
Underfull \vbox (badness 1383) has occurred while \output is active []

 [983.14.44] [984.14.44] [985.14.44] [986.14.44] [987.14.44] [988.14.44] [989.1
4.44]
[990.14.44] [991.14.44]
<../ps/calc2/lynx2.pdf, id=9525, 363.3575pt x 150.5625pt>
File: ../ps/calc2/lynx2.pdf Graphic file (type pdf)
<use ../ps/calc2/lynx2.pdf>
Package pdftex.def Info: ../ps/calc2/lynx2.pdf  used on input line 1521.
(pdftex.def)             Requested size: 390.0pt x 161.6057pt.
 [992.14.44 <../ps/calc2/lynx2.pdf>]
Underfull \hbox (badness 10000) in paragraph at lines 1554--1558
\OT1/cmr/m/n/12 pli-tude of the noise. We say
 []


Underfull \hbox (badness 10000) in paragraph at lines 1554--1558

 []

<../ps/calc2/noise2.pdf, id=9537, 343.2825pt x 26.0975pt>
File: ../ps/calc2/noise2.pdf Graphic file (type pdf)
<use ../ps/calc2/noise2.pdf>
Package pdftex.def Info: ../ps/calc2/noise2.pdf  used on input line 1559.
(pdftex.def)             Requested size: 390.0pt x 29.6491pt.
<../ps/calc2/noise3.pdf, id=9538, 343.2825pt x 26.0975pt>
File: ../ps/calc2/noise3.pdf Graphic file (type pdf)
<use ../ps/calc2/noise3.pdf>
Package pdftex.def Info: ../ps/calc2/noise3.pdf  used on input line 1582.
(pdftex.def)             Requested size: 390.0pt x 29.6491pt.

Underfull \hbox (badness 10000) in paragraph at lines 1587--1591
\OT1/cmr/m/n/12 gether. The signal-to-noise ra-tio is now 1:2.5, and the
 []


Underfull \hbox (badness 10000) in paragraph at lines 1587--1591

 []

<../ps/calc2/noise4.pdf, id=9539, 351.3125pt x 26.0975pt>
File: ../ps/calc2/noise4.pdf Graphic file (type pdf)
<use ../ps/calc2/noise4.pdf>
Package pdftex.def Info: ../ps/calc2/noise4.pdf  used on input line 1592.
(pdftex.def)             Requested size: 390.0pt x 28.97372pt.
[993.14.44 <../ps/calc2/noise2.pdf> <../ps/calc2/noise3.pdf> <../ps/calc2/noise
4.pdf>]
Overfull \hbox (21.94249pt too wide) in paragraph at lines 1606--1614
\OT1/cmr/m/n/12 Assume we have a sig-nal that may be dis-torted by a lot of noi
se. [[NOTE:Compare
 []

<../ps/calc2/sintest1.pdf, id=9562, 422.57875pt x 82.3075pt>
File: ../ps/calc2/sintest1.pdf Graphic file (type pdf)
<use ../ps/calc2/sintest1.pdf>
Package pdftex.def Info: ../ps/calc2/sintest1.pdf  used on input line 1639.
(pdftex.def)             Requested size: 390.0pt x 75.96367pt.
[994.14.44 <../ps/calc2/sintest1.pdf>]
<../ps/calc2/sintest2.pdf, id=9577, 393.47pt x 57.21375pt>
File: ../ps/calc2/sintest2.pdf Graphic file (type pdf)
<use ../ps/calc2/sintest2.pdf>
Package pdftex.def Info: ../ps/calc2/sintest2.pdf  used on input line 1656.
(pdftex.def)             Requested size: 390.0pt x 56.70898pt.
<../ps/calc2/sintest3.pdf, id=9578, 397.485pt x 63.23625pt>
File: ../ps/calc2/sintest3.pdf Graphic file (type pdf)
<use ../ps/calc2/sintest3.pdf>
Package pdftex.def Info: ../ps/calc2/sintest3.pdf  used on input line 1663.
(pdftex.def)             Requested size: 390.0pt x 62.04732pt.
 [995.14.44 <../ps/calc2/sintest2.pdf> <../ps/calc2/sintest3.pdf>]
<../ps/calc2/detect1.pdf, id=9599, 349.305pt x 100.375pt>
File: ../ps/calc2/detect1.pdf Graphic file (type pdf)
<use ../ps/calc2/detect1.pdf>
Package pdftex.def Info: ../ps/calc2/detect1.pdf  used on input line 1723.
(pdftex.def)             Requested size: 390.0pt x 112.07614pt.
<../ps/calc2/detect2.pdf, id=9600, 349.305pt x 100.375pt>
File: ../ps/calc2/detect2.pdf Graphic file (type pdf)
<use ../ps/calc2/detect2.pdf>
Package pdftex.def Info: ../ps/calc2/detect2.pdf  used on input line 1737.
(pdftex.def)             Requested size: 390.0pt x 112.07614pt.

Underfull \vbox (badness 10000) has occurred while \output is active []

 [996.14.44 <../ps/calc2/detect1.pdf>] [997.14.44 <../ps/calc2/detect2.pdf>]
<../ps/calc2/detect3.pdf, id=9625, 321.2pt x 92.345pt>
File: ../ps/calc2/detect3.pdf Graphic file (type pdf)
<use ../ps/calc2/detect3.pdf>
Package pdftex.def Info: ../ps/calc2/detect3.pdf  used on input line 1830.
(pdftex.def)             Requested size: 390.0pt x 112.12808pt.
 [998.14.44 <../ps/calc2/detect3.pdf>]
<../ps/calc2/period3.pdf, id=9638, 364.36125pt x 75.28125pt>
File: ../ps/calc2/period3.pdf Graphic file (type pdf)
<use ../ps/calc2/period3.pdf>
Package pdftex.def Info: ../ps/calc2/period3.pdf  used on input line 1842.
(pdftex.def)             Requested size: 390.0pt x 80.58113pt.
<../ps/calc2/detect4.pdf, id=9639, 334.24875pt x 120.45pt>
File: ../ps/calc2/detect4.pdf Graphic file (type pdf)
<use ../ps/calc2/detect4.pdf>
Package pdftex.def Info: ../ps/calc2/detect4.pdf  used on input line 1844.
(pdftex.def)             Requested size: 390.0pt x 140.55098pt.
 [999.14.44 <../ps/calc2/period3.pdf> <../ps/calc2/detect4.pdf>] [1000.14.44
Non-PDF special ignored!
<special> psfile=../ps/calc2/sintest6.ps
Non-PDF special ignored!
<special> psfile=../ps/calc2/sintest5.ps
]
Underfull \hbox (badness 10000) in paragraph at lines 1974--1980
\OT1/cmr/m/n/12 tor $\OML/cmm/m/it/12 D[]$ \OT1/cmr/m/n/12 has a shape we've se
en
 []


Underfull \hbox (badness 10000) in paragraph at lines 1974--1980

 []

<../ps/calc2/detect5.pdf, id=9666, 372.39125pt x 75.28125pt>
File: ../ps/calc2/detect5.pdf Graphic file (type pdf)
<use ../ps/calc2/detect5.pdf>
Package pdftex.def Info: ../ps/calc2/detect5.pdf  used on input line 1984.
(pdftex.def)             Requested size: 390.0pt x 78.84315pt.
[1001.14.44 <../ps/calc2/detect5.pdf>] [1002.14.44]
Underfull \vbox (badness 10000) has occurred while \output is active []

 [1003.14.44]
<../ps/calc2/detect6.pdf, id=9687, 335.2525pt x 85.31876pt>
File: ../ps/calc2/detect6.pdf Graphic file (type pdf)
<use ../ps/calc2/detect6.pdf>
Package pdftex.def Info: ../ps/calc2/detect6.pdf  used on input line 2135.
(pdftex.def)             Requested size: 390.0pt x 99.25099pt.
 [1004.14.44]
Overfull \hbox (3.74657pt too wide) in paragraph at lines 2179--2179
[]          \OT1/cmtt/m/n/10 deltaS = 2 * (fnf(t) * SIN(twopi * omega * t) * de
ltat) / (b - a)[] 
 []


Overfull \hbox (3.74657pt too wide) in paragraph at lines 2179--2179
[]          \OT1/cmtt/m/n/10 deltaC = 2 * (fnf(t) * COS(twopi * omega * t) * de
ltat) / (b - a)[] 
 []

[1005.14.44 <../ps/calc2/detect6.pdf>]
Underfull \hbox (badness 10000) in paragraph at lines 2203--2207

 []

<../ps/calc2/period4.pdf, id=9704, 389.455pt x 95.35625pt>
File: ../ps/calc2/period4.pdf Graphic file (type pdf)
<use ../ps/calc2/period4.pdf>
Package pdftex.def Info: ../ps/calc2/period4.pdf  used on input line 2210.
(pdftex.def)             Requested size: 390.0pt x 95.49277pt.
<../ps/calc2/detect7.pdf, id=9705, 402.50375pt x 230.8625pt>
File: ../ps/calc2/detect7.pdf Graphic file (type pdf)
<use ../ps/calc2/detect7.pdf>
Package pdftex.def Info: ../ps/calc2/detect7.pdf  used on input line 2220.
(pdftex.def)             Requested size: 390.0pt x 223.68976pt.

Underfull \vbox (badness 10000) has occurred while \output is active []

 [1006.14.44 <../ps/calc2/period4.pdf>] [1007.14.44 <../ps/calc2/detect7.pdf>]
<../ps/calc2/detect8.pdf, id=9733, 410.53375pt x 167.62625pt>
File: ../ps/calc2/detect8.pdf Graphic file (type pdf)
<use ../ps/calc2/detect8.pdf>
Package pdftex.def Info: ../ps/calc2/detect8.pdf  used on input line 2256.
(pdftex.def)             Requested size: 390.0pt x 159.24146pt.
<../ps/calc2/detect9.pdf, id=9734, 421.575pt x 150.5625pt>
File: ../ps/calc2/detect9.pdf Graphic file (type pdf)
<use ../ps/calc2/detect9.pdf>
Package pdftex.def Info: ../ps/calc2/detect9.pdf  used on input line 2275.
(pdftex.def)             Requested size: 390.0pt x 139.28879pt.
<../ps/calc2/detect10.pdf, id=9735, 421.575pt x 120.45pt>
File: ../ps/calc2/detect10.pdf Graphic file (type pdf)
<use ../ps/calc2/detect10.pdf>
Package pdftex.def Info: ../ps/calc2/detect10.pdf  used on input line 2277.
(pdftex.def)             Requested size: 390.0pt x 111.43103pt.

Underfull \vbox (badness 10000) has occurred while \output is active []

 [1008.14.44 <../ps/calc2/detect8.pdf> <../ps/calc2/detect9.pdf>]
<../ps/calc2/detect11.pdf, id=9762, 409.53pt x 234.8775pt>
File: ../ps/calc2/detect11.pdf Graphic file (type pdf)
<use ../ps/calc2/detect11.pdf>
Package pdftex.def Info: ../ps/calc2/detect11.pdf  used on input line 2283.
(pdftex.def)             Requested size: 390.0pt x 223.69145pt.
 [1009.14.44 <../ps/calc2/detect10.pdf> <../ps/calc2/detect11.pdf>] [1010.14.44
] [1011.14.44] [1012.14.44] [1013.14.44] [1014.14.44]
Overfull \hbox (19.26196pt too wide) in paragraph at lines 2620--2628
\OT1/cmr/m/n/12 cul-ties. More-over, these func-tions are nat-u-ral ones to use
 [[NOTE:Approximating
 []


Underfull \vbox (badness 10000) has occurred while \output is active []

 [1015.14.44] [1016.14.44] [1017.14.44]
<../ps/calc2/sawtoo1.pdf, id=9814, 328.22626pt x 92.345pt>
File: ../ps/calc2/sawtoo1.pdf Graphic file (type pdf)
<use ../ps/calc2/sawtoo1.pdf>
Package pdftex.def Info: ../ps/calc2/sawtoo1.pdf  used on input line 2743.
(pdftex.def)             Requested size: 390.0pt x 109.72562pt.
 [1018.14.44 <../ps/calc2/sawtoo1.pdf>]
<../ps/calc2/sawtoo2.pdf, id=9827, 396.48125pt x 85.31876pt>
File: ../ps/calc2/sawtoo2.pdf Graphic file (type pdf)
<use ../ps/calc2/sawtoo2.pdf>
Package pdftex.def Info: ../ps/calc2/sawtoo2.pdf  used on input line 2804.
(pdftex.def)             Requested size: 390.0pt x 83.92554pt.

Overfull \hbox (22.83585pt too wide) detected at line 2818
[]
 []

[1019.14.44 <../ps/calc2/sawtoo2.pdf>]
<../ps/calc2/sawtoo3.pdf, id=9840, 375.4025pt x 89.33376pt>
File: ../ps/calc2/sawtoo3.pdf Graphic file (type pdf)
<use ../ps/calc2/sawtoo3.pdf>
Package pdftex.def Info: ../ps/calc2/sawtoo3.pdf  used on input line 2828.
(pdftex.def)             Requested size: 390.0pt x 92.81357pt.

Underfull \vbox (badness 3168) has occurred while \output is active []

 [1020.14.44 <../ps/calc2/sawtoo3.pdf>]
Underfull \vbox (badness 2680) has occurred while \output is active []

 [1021.14.44]
<../ps/calc2/BMay.pdf, id=9856, 269.005pt x 171.64125pt>
File: ../ps/calc2/BMay.pdf Graphic file (type pdf)
<use ../ps/calc2/BMay.pdf>
Package pdftex.def Info: ../ps/calc2/BMay.pdf  used on input line 2933.
(pdftex.def)             Requested size: 390.0pt x 248.84721pt.
 [1022.14.44 <../ps/calc2/BMay.pdf>]
Overfull \vbox (14.0pt too high) has occurred while \output is active []

 [1023.14.44] [1024.14.44] [1025.14.44] [1026.14.44] [1027.14.44] [1028.14.44

])
(./cic.aux (./pref2008.aux) (./pref1994.aux) (./ch1.aux) (./ch2.aux) (./ch3.aux
) (./ch4.aux) (./ch5.aux) (./ch6.aux) (./ch7.aux) (./ch8.aux) (./ch9.aux)
(./ch10.aux) (./ch11.aux) (./ch12.aux))
 ***********
LaTeX2e <2023-11-01> patch level 1
L3 programming layer <2024-02-20>
 ***********


LaTeX Warning: There were multiply-defined labels.

 ) 
Here is how much of TeX's memory you used:
 6171 strings out of 474116
 138063 string characters out of 5743681
 1977187 words of memory out of 5000000
 28382 multiletter control sequences out of 15000+600000
 581491 words of font info for 121 fonts, out of 8000000 for 9000
 1143 hyphenation exceptions out of 8191
 57i,20n,68p,1088b,425s stack positions out of 10000i,1000n,20000p,200000b,200000s
</usr/local/texlive/2024/texmf-dist/fonts/type1/public/amsfonts/cm/cmbsy10.pf
b></usr/local/texlive/2024/texmf-dist/fonts/type1/public/amsfonts/cmextra/cmbsy
8.pfb></usr/local/texlive/2024/texmf-dist/fonts/type1/public/amsfonts/cm/cmbx10
.pfb></usr/local/texlive/2024/texmf-dist/fonts/type1/public/amsfonts/cm/cmbx12.
pfb></usr/local/texlive/2024/texmf-dist/fonts/type1/public/amsfonts/cm/cmbx8.pf
b></usr/local/texlive/2024/texmf-dist/fonts/type1/public/amsfonts/cm/cmbxti10.p
fb></usr/local/texlive/2024/texmf-dist/fonts/type1/public/amsfonts/cm/cmcsc10.p
fb></usr/local/texlive/2024/texmf-dist/fonts/type1/public/amsfonts/cm/cmex10.pf
b></usr/local/texlive/2024/texmf-dist/fonts/type1/public/amsfonts/cm/cmmi10.pfb
></usr/local/texlive/2024/texmf-dist/fonts/type1/public/amsfonts/cm/cmmi12.pfb>
</usr/local/texlive/2024/texmf-dist/fonts/type1/public/amsfonts/cm/cmmi6.pfb></
usr/local/texlive/2024/texmf-dist/fonts/type1/public/amsfonts/cm/cmmi7.pfb></us
r/local/texlive/2024/texmf-dist/fonts/type1/public/amsfonts/cm/cmmi8.pfb></usr/
local/texlive/2024/texmf-dist/fonts/type1/public/amsfonts/cm/cmmib10.pfb></usr/
local/texlive/2024/texmf-dist/fonts/type1/public/amsfonts/cmextra/cmmib8.pfb></
usr/local/texlive/2024/texmf-dist/fonts/type1/public/amsfonts/cm/cmr10.pfb></us
r/local/texlive/2024/texmf-dist/fonts/type1/public/amsfonts/cm/cmr12.pfb></usr/
local/texlive/2024/texmf-dist/fonts/type1/public/amsfonts/cm/cmr17.pfb></usr/lo
cal/texlive/2024/texmf-dist/fonts/type1/public/amsfonts/cm/cmr6.pfb></usr/local
/texlive/2024/texmf-dist/fonts/type1/public/amsfonts/cm/cmr7.pfb></usr/local/te
xlive/2024/texmf-dist/fonts/type1/public/amsfonts/cm/cmr8.pfb></usr/local/texli
ve/2024/texmf-dist/fonts/type1/public/amsfonts/cm/cmsl10.pfb></usr/local/texliv
e/2024/texmf-dist/fonts/type1/public/amsfonts/cm/cmsl12.pfb></usr/local/texlive
/2024/texmf-dist/fonts/type1/public/amsfonts/cm/cmss10.pfb></usr/local/texlive/
2024/texmf-dist/fonts/type1/public/amsfonts/cm/cmss12.pfb></usr/local/texlive/2
024/texmf-dist/fonts/type1/public/amsfonts/cm/cmssi10.pfb></usr/local/texlive/2
024/texmf-dist/fonts/type1/public/amsfonts/cm/cmsy10.pfb></usr/local/texlive/20
24/texmf-dist/fonts/type1/public/amsfonts/cm/cmsy6.pfb></usr/local/texlive/2024
/texmf-dist/fonts/type1/public/amsfonts/cm/cmsy8.pfb></usr/local/texlive/2024/t
exmf-dist/fonts/type1/public/amsfonts/cm/cmti12.pfb></usr/local/texlive/2024/te
xmf-dist/fonts/type1/public/amsfonts/cm/cmti8.pfb></usr/local/texlive/2024/texm
f-dist/fonts/type1/public/amsfonts/cm/cmtt10.pfb></usr/local/texlive/2024/texmf
-dist/fonts/type1/public/amsfonts/cm/cmtt12.pfb></usr/local/texlive/2024/texmf-
dist/fonts/type1/public/amsfonts/latxfont/lcircle1.pfb></usr/local/texlive/2024
/texmf-dist/fonts/type1/public/amsfonts/latxfont/line10.pfb></usr/local/texlive
/2024/texmf-dist/fonts/type1/public/amsfonts/latxfont/linew10.pfb></usr/local/t
exlive/2024/texmf-dist/fonts/type1/public/amsfonts/symbols/msam10.pfb></usr/loc
al/texlive/2024/texmf-dist/fonts/type1/public/cm-super/sfrm1000.pfb></usr/local
/texlive/2024/texmf-dist/fonts/type1/public/cm-super/sfrm1200.pfb>
Output written on cic.pdf (1050 pages, 15465150 bytes).
PDF statistics:
 10063 PDF objects out of 10688 (max. 8388607)
 6921 compressed objects within 70 object streams
 0 named destinations out of 1000 (max. 500000)
 1676 words of extra memory for PDF output out of 10000 (max. 10000000)

